0.000000000000000000e+00 -4.846062463977227708e+01
4.000000000000000083e-03 -4.774655681723436373e+01
8.000000000000000167e-03 -4.543426737957054229e+01
1.200000000000000025e-02 -4.193556546116337813e+01
1.600000000000000033e-02 -3.804820034395311268e+01
2.000000000000000042e-02 -3.488998456386661928e+01
2.400000000000000050e-02 -3.205638791196372495e+01
2.800000000000000058e-02 -2.920184471202514942e+01
3.200000000000000067e-02 -2.653932899120400180e+01
3.600000000000000422e-02 -2.371426805762570211e+01
4.000000000000000083e-02 -2.066801157679009293e+01
4.399999999999999745e-02 -1.764160195021838717e+01
4.800000000000000100e-02 -1.470699057041321112e+01
5.200000000000000455e-02 -1.165539271982851233e+01
5.600000000000000117e-02 -8.683758316370187913e+00
5.999999999999999778e-02 -5.774178061467694079e+00
6.400000000000000133e-02 -3.033217518252797618e+00
6.800000000000000488e-02 -1.356815284708545732e-01
7.200000000000000844e-02 2.683409638917282791e+00
7.599999999999999811e-02 5.102526471563237465e+00
8.000000000000000167e-02 7.782846758214702731e+00
8.400000000000000522e-02 1.055732177828679141e+01
8.799999999999999489e-02 1.343113580241822547e+01
9.199999999999999845e-02 1.635260322333101612e+01
9.600000000000000200e-02 1.927564163534646013e+01
1.000000000000000056e-01 2.215553015840828266e+01
1.040000000000000091e-01 2.496990835248840312e+01
1.079999999999999988e-01 2.803716374772977815e+01
1.120000000000000023e-01 3.091836143004388759e+01
1.160000000000000059e-01 3.360124766882972835e+01
1.199999999999999956e-01 3.648522076875849507e+01
1.239999999999999991e-01 3.916475555985863366e+01
1.280000000000000027e-01 4.183292684864937883e+01
1.320000000000000062e-01 4.455425000308076733e+01
1.360000000000000098e-01 4.755439789505271619e+01
1.400000000000000133e-01 5.094354936723311766e+01
1.440000000000000169e-01 5.403148947865980745e+01
1.479999999999999927e-01 5.657961086402082174e+01
1.519999999999999962e-01 5.942480666689846203e+01
1.559999999999999998e-01 6.210847840123568631e+01
1.600000000000000033e-01 6.477659732365634682e+01
1.640000000000000069e-01 6.756377118847501606e+01
1.680000000000000104e-01 7.064286138335660326e+01
1.720000000000000140e-01 7.396396275760599792e+01
1.759999999999999898e-01 7.693146021782723665e+01
1.799999999999999933e-01 7.974065414126852147e+01
1.839999999999999969e-01 8.239890200292734335e+01
1.880000000000000004e-01 8.508071473112630656e+01
1.920000000000000040e-01 8.788260354594012824e+01
1.960000000000000075e-01 9.033201432368275619e+01
2.000000000000000111e-01 9.292320704844223656e+01
2.040000000000000147e-01 9.544205563292325678e+01
2.080000000000000182e-01 9.795833826526995836e+01
2.119999999999999940e-01 1.006468800720254535e+02
2.159999999999999976e-01 1.035549417021953218e+02
2.200000000000000011e-01 1.065119658883987199e+02
2.240000000000000047e-01 1.093208979799895815e+02
2.280000000000000082e-01 1.119084250588427381e+02
2.320000000000000118e-01 1.163120178523934101e+02
2.360000000000000153e-01 1.201065373954351685e+02
2.399999999999999911e-01 1.225761877752173632e+02
2.439999999999999947e-01 1.228159733838563170e+02
2.479999999999999982e-01 1.274319903576742377e+02
2.520000000000000018e-01 1.299437956653782749e+02
2.560000000000000053e-01 1.330770065037471568e+02
2.600000000000000089e-01 1.355215995754415985e+02
2.640000000000000124e-01 1.386065286205881648e+02
2.680000000000000160e-01 1.414797666146486677e+02
2.720000000000000195e-01 1.426885919017903461e+02
2.760000000000000231e-01 1.455422972398075672e+02
2.800000000000000266e-01 1.491804769849476884e+02
2.840000000000000302e-01 1.518289585185848978e+02
2.880000000000000338e-01 1.549316921295617817e+02
2.919999999999999818e-01 1.579341179586326120e+02
2.959999999999999853e-01 1.605787243808831590e+02
2.999999999999999889e-01 1.625635669063784690e+02
3.039999999999999925e-01 1.656337548183448689e+02
3.079999999999999960e-01 1.673922175259440337e+02
3.119999999999999996e-01 1.716919154412374837e+02
3.160000000000000031e-01 1.763469977271420248e+02
3.200000000000000067e-01 1.794884824519850213e+02
3.240000000000000102e-01 1.800727864094415622e+02
3.280000000000000138e-01 1.829343990693422484e+02
3.320000000000000173e-01 1.843386556496573121e+02
3.360000000000000209e-01 1.874331415573451523e+02
3.400000000000000244e-01 1.901352986203238515e+02
3.440000000000000280e-01 1.928406500318779990e+02
3.480000000000000315e-01 1.951958798930150465e+02
3.519999999999999796e-01 1.982836105389613408e+02
3.559999999999999831e-01 2.069250041983598294e+02
3.599999999999999867e-01 2.093102399895579993e+02
3.639999999999999902e-01 2.120191523142782444e+02
3.679999999999999938e-01 2.150503796468981932e+02
3.719999999999999973e-01 2.178729793610822867e+02
3.760000000000000009e-01 2.211437828368609075e+02
3.800000000000000044e-01 2.247032035613867151e+02
3.840000000000000080e-01 2.154888432636560083e+02
3.880000000000000115e-01 2.307255717703232563e+02
3.920000000000000151e-01 2.330171241254316499e+02
3.960000000000000187e-01 2.351096319078305612e+02
4.000000000000000222e-01 2.374206121862420957e+02
4.040000000000000258e-01 2.367503750154689612e+02
4.080000000000000293e-01 2.354618219298662325e+02
4.120000000000000329e-01 2.389546064484534327e+02
4.160000000000000364e-01 2.425109899235140745e+02
4.199999999999999845e-01 2.442892994853770858e+02
4.239999999999999880e-01 2.515677012640908856e+02
4.279999999999999916e-01 2.528784315074264271e+02
4.319999999999999951e-01 2.549138599464279764e+02
4.359999999999999987e-01 2.585179230014549603e+02
4.400000000000000022e-01 2.594811500128778334e+02
4.440000000000000058e-01 2.593177669381991564e+02
4.480000000000000093e-01 2.610602579029210801e+02
4.520000000000000129e-01 2.625708705808875152e+02
4.560000000000000164e-01 2.738543832599573307e+02
4.600000000000000200e-01 2.632712445976470690e+02
4.640000000000000235e-01 2.763912982421192055e+02
4.680000000000000271e-01 2.714649450675594835e+02
4.720000000000000306e-01 2.716490390416084324e+02
4.760000000000000342e-01 2.733363096690711700e+02
4.799999999999999822e-01 2.750216558324331686e+02
4.839999999999999858e-01 2.766572015778401692e+02
4.879999999999999893e-01 2.781339855807289041e+02
4.919999999999999929e-01 2.794829039994521054e+02
4.959999999999999964e-01 2.808472312225740666e+02
5.000000000000000000e-01 2.823767743433278383e+02
5.040000000000000036e-01 2.858264875225165156e+02
5.080000000000000071e-01 2.880056878305982764e+02
5.120000000000000107e-01 2.909431662691658858e+02
5.160000000000000142e-01 2.922580596389234415e+02
5.200000000000000178e-01 2.901968538542454326e+02
5.240000000000000213e-01 2.903608653253651823e+02
5.280000000000000249e-01 2.916094105042196816e+02
5.320000000000000284e-01 2.962754635446578959e+02
5.360000000000000320e-01 2.978767747756190829e+02
5.400000000000000355e-01 2.974301943714974072e+02
5.440000000000000391e-01 2.988660802393463882e+02
5.480000000000000426e-01 3.000585803106127969e+02
5.520000000000000462e-01 3.028951487540182370e+02
5.560000000000000497e-01 3.026966540281947005e+02
5.600000000000000533e-01 3.042207248632740857e+02
5.640000000000000568e-01 3.055393362453080499e+02
5.680000000000000604e-01 3.065003376860021262e+02
5.720000000000000639e-01 3.073304493846579248e+02
5.760000000000000675e-01 3.083838774685596036e+02
5.799999999999999600e-01 3.098508296854640776e+02
5.839999999999999636e-01 3.115791686386694437e+02
5.879999999999999671e-01 3.130754198396388688e+02
5.919999999999999707e-01 3.118021184593246744e+02
5.959999999999999742e-01 3.126441435071757837e+02
5.999999999999999778e-01 3.109858052991874047e+02
6.039999999999999813e-01 3.120864940320947198e+02
6.079999999999999849e-01 3.142661132711371579e+02
6.119999999999999885e-01 3.157153787465439905e+02
6.159999999999999920e-01 3.170671380408444975e+02
6.199999999999999956e-01 3.180406288608048726e+02
6.239999999999999991e-01 3.193982531885553726e+02
6.280000000000000027e-01 3.196194880105902030e+02
6.320000000000000062e-01 3.184830985048745333e+02
6.360000000000000098e-01 3.191873999993907773e+02
6.400000000000000133e-01 3.197844944427416749e+02
6.440000000000000169e-01 3.223325110953624062e+02
6.480000000000000204e-01 3.232352680409246659e+02
6.520000000000000240e-01 3.238953854106780454e+02
6.560000000000000275e-01 3.240223476749595761e+02
6.600000000000000311e-01 3.234322703252006477e+02
6.640000000000000346e-01 3.228519200286858677e+02
6.680000000000000382e-01 3.230842565211795545e+02
6.720000000000000417e-01 3.256568460929648268e+02
6.760000000000000453e-01 3.264721773836629382e+02
6.800000000000000488e-01 3.272568481646737268e+02
6.840000000000000524e-01 3.277367335801721993e+02
6.880000000000000560e-01 3.272700706731212676e+02
6.920000000000000595e-01 3.276222737867494743e+02
6.960000000000000631e-01 3.280548069120947048e+02
7.000000000000000666e-01 3.287900569313337087e+02
7.039999999999999591e-01 3.302499265966836219e+02
7.079999999999999627e-01 3.302366124470884188e+02
7.119999999999999662e-01 3.310079821700965113e+02
7.159999999999999698e-01 3.313698076042286402e+02
7.199999999999999734e-01 3.319941194684334960e+02
7.239999999999999769e-01 3.326482539804040925e+02
7.279999999999999805e-01 3.329418460343098332e+02
7.319999999999999840e-01 3.340813906138234302e+02
7.359999999999999876e-01 3.350285935159989776e+02
7.399999999999999911e-01 3.351312839677441389e+02
7.439999999999999947e-01 3.348397996602344620e+02
7.479999999999999982e-01 3.345890171138767073e+02
7.520000000000000018e-01 3.346424177197752670e+02
7.560000000000000053e-01 3.350151615420710414e+02
7.600000000000000089e-01 3.355101546553402727e+02
7.640000000000000124e-01 3.340673826098245627e+02
7.680000000000000160e-01 3.343680179405072863e+02
7.720000000000000195e-01 3.343528055099963581e+02
7.760000000000000231e-01 3.349779814193076390e+02
7.800000000000000266e-01 3.337233224667452305e+02
7.840000000000000302e-01 3.340400735478229990e+02
7.880000000000000338e-01 3.354503522606983097e+02
7.920000000000000373e-01 3.357764245556519427e+02
7.960000000000000409e-01 3.352353752198891357e+02
8.000000000000000444e-01 3.354685757574893614e+02
8.040000000000000480e-01 3.356311078786541202e+02
8.080000000000000515e-01 3.360910417071485199e+02
8.120000000000000551e-01 3.368673076857600108e+02
8.160000000000000586e-01 3.377295592440581231e+02
8.200000000000000622e-01 3.383600634315259867e+02
8.240000000000000657e-01 3.379874243419704385e+02
8.280000000000000693e-01 3.378608417338720074e+02
8.320000000000000728e-01 3.385280678383650184e+02
8.359999999999999654e-01 3.379512784550162792e+02
8.399999999999999689e-01 3.375915607672802707e+02
8.439999999999999725e-01 3.377795298527158820e+02
8.479999999999999760e-01 3.383704057896186441e+02
8.519999999999999796e-01 3.379953840302240451e+02
8.559999999999999831e-01 3.399486496345554087e+02
8.599999999999999867e-01 3.400704930861607522e+02
8.639999999999999902e-01 3.407442518953223498e+02
8.679999999999999938e-01 3.410706645716816183e+02
8.719999999999999973e-01 3.415145742909287492e+02
8.760000000000000009e-01 3.418286808703169299e+02
8.800000000000000044e-01 3.419706199164440363e+02
8.840000000000000080e-01 3.394184925037711764e+02
8.880000000000000115e-01 3.399120455418629945e+02
8.920000000000000151e-01 3.401264072778236027e+02
8.960000000000000187e-01 3.404923565636002536e+02
9.000000000000000222e-01 3.405510330812853681e+02
9.040000000000000258e-01 3.405556936882233003e+02
9.080000000000000293e-01 3.407373395344706068e+02
9.120000000000000329e-01 3.417428000233704779e+02
9.160000000000000364e-01 3.410914932953846233e+02
9.200000000000000400e-01 3.418684138536222008e+02
9.240000000000000435e-01 3.425146672268944030e+02
9.280000000000000471e-01 3.429205196866791425e+02
9.320000000000000506e-01 3.429833069644162151e+02
9.360000000000000542e-01 3.428899377265470321e+02
9.400000000000000577e-01 3.428904875734328925e+02
9.440000000000000613e-01 3.430783257429433206e+02
9.480000000000000648e-01 3.434209327192526189e+02
9.520000000000000684e-01 3.437867903638816642e+02
9.560000000000000719e-01 3.439815147110587645e+02
9.599999999999999645e-01 3.441859530198873927e+02
9.639999999999999680e-01 3.441710547875970292e+02
9.679999999999999716e-01 3.440578256038713789e+02
9.719999999999999751e-01 3.440368659642431339e+02
9.759999999999999787e-01 3.443079404790104832e+02
9.799999999999999822e-01 3.448613744612994196e+02
9.839999999999999858e-01 3.454619381766686956e+02
9.879999999999999893e-01 3.459306171889680854e+02
9.919999999999999929e-01 3.462539009747144974e+02
9.959999999999999964e-01 3.465028768813041324e+02
1.000000000000000000e+00 3.489655494422718220e+02
1.004000000000000004e+00 3.463281172127235550e+02
1.008000000000000007e+00 3.464801498766853456e+02
1.012000000000000011e+00 3.464417522358173755e+02
1.016000000000000014e+00 3.464750441556016085e+02
1.020000000000000018e+00 3.476741423894992522e+02
1.024000000000000021e+00 3.479956064438850376e+02
1.028000000000000025e+00 3.484711978170362272e+02
1.032000000000000028e+00 3.485948348168170696e+02
1.036000000000000032e+00 3.484006864997109005e+02
1.040000000000000036e+00 3.481735735526335702e+02
1.044000000000000039e+00 3.482317525898027952e+02
1.048000000000000043e+00 3.487004970600647766e+02
1.052000000000000046e+00 3.495291817751356689e+02
1.056000000000000050e+00 3.502905887962342604e+02
1.060000000000000053e+00 3.500644708101885954e+02
1.064000000000000057e+00 3.496211894873825941e+02
1.068000000000000060e+00 3.491771488522102800e+02
1.072000000000000064e+00 3.492799571282880606e+02
1.076000000000000068e+00 3.495427053902112675e+02
1.080000000000000071e+00 3.497765081410674952e+02
1.084000000000000075e+00 3.502218710270846032e+02
1.088000000000000078e+00 3.504153516729720650e+02
1.092000000000000082e+00 3.498902871716790628e+02
1.096000000000000085e+00 3.498258372616916176e+02
1.100000000000000089e+00 3.502589464171078362e+02
1.104000000000000092e+00 3.510928677691875919e+02
1.108000000000000096e+00 3.511662461452752950e+02
1.112000000000000099e+00 3.507611922726344460e+02
1.116000000000000103e+00 3.506607666663956593e+02
1.120000000000000107e+00 3.508771706907897396e+02
1.124000000000000110e+00 3.504181270905868359e+02
1.128000000000000114e+00 3.507361480561392000e+02
1.132000000000000117e+00 3.510859684999283559e+02
1.136000000000000121e+00 3.518719222570063607e+02
1.140000000000000124e+00 3.539815800256095599e+02
1.144000000000000128e+00 3.541467959232413136e+02
1.148000000000000131e+00 3.529948143308315593e+02
1.152000000000000135e+00 3.535822602704934638e+02
1.155999999999999917e+00 3.540416966184720877e+02
1.159999999999999920e+00 3.543559079306004378e+02
1.163999999999999924e+00 3.544757876433274077e+02
1.167999999999999927e+00 3.545790672167360640e+02
1.171999999999999931e+00 3.538001305532500282e+02
1.175999999999999934e+00 3.528813233152554858e+02
1.179999999999999938e+00 3.529997891359899995e+02
1.183999999999999941e+00 3.538043722292272832e+02
1.187999999999999945e+00 3.548129616087400109e+02
1.191999999999999948e+00 3.551664476984353769e+02
1.195999999999999952e+00 3.553238479153313847e+02
1.199999999999999956e+00 3.550540694682237017e+02
1.203999999999999959e+00 3.549633709152290066e+02
1.207999999999999963e+00 3.549437728012230764e+02
1.211999999999999966e+00 3.551903791295661676e+02
1.215999999999999970e+00 3.554774253872108147e+02
1.219999999999999973e+00 3.555825246919800406e+02
1.223999999999999977e+00 3.558672668293406787e+02
1.227999999999999980e+00 3.563342570262046820e+02
1.231999999999999984e+00 3.562776227969530964e+02
1.235999999999999988e+00 3.563928157195570066e+02
1.239999999999999991e+00 3.562585745298330835e+02
1.243999999999999995e+00 3.563035572417397816e+02
1.247999999999999998e+00 3.563809416451392735e+02
1.252000000000000002e+00 3.567773419751229085e+02
1.256000000000000005e+00 3.571457917550712864e+02
1.260000000000000009e+00 3.573785079037481864e+02
1.264000000000000012e+00 3.571569850666778621e+02
1.268000000000000016e+00 3.571388663026269796e+02
1.272000000000000020e+00 3.572299706949899019e+02
1.276000000000000023e+00 3.569517350791128365e+02
1.280000000000000027e+00 3.572571750242512962e+02
1.284000000000000030e+00 3.575326875888836753e+02
1.288000000000000034e+00 3.583361578967565606e+02
1.292000000000000037e+00 3.584519661242090933e+02
1.296000000000000041e+00 3.579814281057715561e+02
1.300000000000000044e+00 3.580579877388420869e+02
1.304000000000000048e+00 3.581542894934363517e+02
1.308000000000000052e+00 3.585537925308477156e+02
1.312000000000000055e+00 3.586195385084948839e+02
1.316000000000000059e+00 3.593203314562151149e+02
1.320000000000000062e+00 3.598722337221789189e+02
1.324000000000000066e+00 3.602370702225911714e+02
1.328000000000000069e+00 3.601645428000174434e+02
1.332000000000000073e+00 3.598661330400635165e+02
1.336000000000000076e+00 3.596862676503992589e+02
1.340000000000000080e+00 3.588549253420463288e+02
1.344000000000000083e+00 3.595239580863074025e+02
1.348000000000000087e+00 3.593940763968934107e+02
1.352000000000000091e+00 3.598008190849695893e+02
1.356000000000000094e+00 3.600588805567697364e+02
1.360000000000000098e+00 3.600408927086440940e+02
1.364000000000000101e+00 3.598311392132513333e+02
1.368000000000000105e+00 3.595976637522081205e+02
1.372000000000000108e+00 3.594935070421004752e+02
1.376000000000000112e+00 3.595771623183181873e+02
1.380000000000000115e+00 3.603629720678783883e+02
1.384000000000000119e+00 3.593182498930040651e+02
1.388000000000000123e+00 3.594652815686223448e+02
1.392000000000000126e+00 3.594638022186672970e+02
1.396000000000000130e+00 3.618541699141342178e+02
1.400000000000000133e+00 3.617539144985982489e+02
1.404000000000000137e+00 3.616441676784835408e+02
1.407999999999999918e+00 3.617151764763247002e+02
1.411999999999999922e+00 3.616073279371257740e+02
1.415999999999999925e+00 3.596810833797604232e+02
1.419999999999999929e+00 3.595140870255455638e+02
1.423999999999999932e+00 3.596005177193779900e+02
1.427999999999999936e+00 3.619056067811544608e+02
1.431999999999999940e+00 3.621400772032293958e+02
1.435999999999999943e+00 3.623986361555453755e+02
1.439999999999999947e+00 3.626302526104503841e+02
1.443999999999999950e+00 3.627782661555078221e+02
1.447999999999999954e+00 3.605829893718086510e+02
1.451999999999999957e+00 3.631799423972779550e+02
1.455999999999999961e+00 3.635515079762466826e+02
1.459999999999999964e+00 3.636743725720687053e+02
1.463999999999999968e+00 3.639345941566350575e+02
1.467999999999999972e+00 3.612422165132705345e+02
1.471999999999999975e+00 3.612244250390326670e+02
1.475999999999999979e+00 3.615321691044550789e+02
1.479999999999999982e+00 3.616681252927994592e+02
1.483999999999999986e+00 3.618489725519028752e+02
1.487999999999999989e+00 3.621126765000801697e+02
1.491999999999999993e+00 3.620935889581825791e+02
1.495999999999999996e+00 3.618604276953599310e+02
1.500000000000000000e+00 3.608513801101089484e+02
1.504000000000000004e+00 3.616248183047355838e+02
1.508000000000000007e+00 3.621277449230733509e+02
1.512000000000000011e+00 3.626475858789499398e+02
1.516000000000000014e+00 3.630217435932381136e+02
1.520000000000000018e+00 3.631961366972280416e+02
1.524000000000000021e+00 3.628632829573478489e+02
1.528000000000000025e+00 3.627788421855788101e+02
1.532000000000000028e+00 3.623362939919540509e+02
1.536000000000000032e+00 3.623427350554750319e+02
1.540000000000000036e+00 3.626673541836586878e+02
1.544000000000000039e+00 3.634195447236215841e+02
1.548000000000000043e+00 3.636585186535241974e+02
1.552000000000000046e+00 3.632704707595698324e+02
1.556000000000000050e+00 3.634510692784153889e+02
1.560000000000000053e+00 3.635908743949613040e+02
1.564000000000000057e+00 3.644264583792914323e+02
1.568000000000000060e+00 3.649148009635593439e+02
1.572000000000000064e+00 3.649800363690981158e+02
1.576000000000000068e+00 3.643507496997348198e+02
1.580000000000000071e+00 3.643306933799906346e+02
1.584000000000000075e+00 3.635947625979404165e+02
1.588000000000000078e+00 3.637797337086884113e+02
1.592000000000000082e+00 3.640734174037418143e+02
1.596000000000000085e+00 3.644186296069631226e+02
1.600000000000000089e+00 3.646047265946680227e+02
1.604000000000000092e+00 3.645222364701847937e+02
1.608000000000000096e+00 3.644397725288866923e+02
1.612000000000000099e+00 3.634758909378376757e+02
1.616000000000000103e+00 3.648194025288491389e+02
1.620000000000000107e+00 3.650608900445159861e+02
1.624000000000000110e+00 3.655974096892661009e+02
1.628000000000000114e+00 3.655153777705211837e+02
1.632000000000000117e+00 3.651878523087975736e+02
1.636000000000000121e+00 3.645232707059940935e+02
1.640000000000000124e+00 3.641386920840581638e+02
1.644000000000000128e+00 3.665693295181237659e+02
1.648000000000000131e+00 3.669684267161669595e+02
1.652000000000000135e+00 3.671230122406706187e+02
1.656000000000000139e+00 3.671508842411506066e+02
1.660000000000000142e+00 3.675800790104026419e+02
1.664000000000000146e+00 3.674603302136009120e+02
1.667999999999999927e+00 3.675269533279470693e+02
1.671999999999999931e+00 3.656911193085409195e+02
1.675999999999999934e+00 3.649056368487937334e+02
1.679999999999999938e+00 3.656189060841877563e+02
1.683999999999999941e+00 3.659634767993754281e+02
1.687999999999999945e+00 3.668868006367902126e+02
1.691999999999999948e+00 3.660160526349451402e+02
1.695999999999999952e+00 3.686986770418805008e+02
1.699999999999999956e+00 3.686706217591051882e+02
1.703999999999999959e+00 3.686312684319830169e+02
1.707999999999999963e+00 3.690463897392735362e+02
1.711999999999999966e+00 3.691544346523603508e+02
1.715999999999999970e+00 3.676964763595186696e+02
1.719999999999999973e+00 3.674290282158800665e+02
1.723999999999999977e+00 3.673211273103109988e+02
1.727999999999999980e+00 3.675109292186997436e+02
1.731999999999999984e+00 3.673609126599863544e+02
1.735999999999999988e+00 3.689007850472402197e+02
1.739999999999999991e+00 3.692652811662468935e+02
1.743999999999999995e+00 3.696966884146351617e+02
1.747999999999999998e+00 3.700362843246643934e+02
1.752000000000000002e+00 3.704434983100713907e+02
1.756000000000000005e+00 3.710678625406462743e+02
1.760000000000000009e+00 3.689953325284364496e+02
1.764000000000000012e+00 3.713977575806164850e+02
1.768000000000000016e+00 3.679120948883614233e+02
1.772000000000000020e+00 3.700688823900449620e+02
1.776000000000000023e+00 3.693796231353368853e+02
1.780000000000000027e+00 3.695974148685383511e+02
1.784000000000000030e+00 3.706537100112024063e+02
1.788000000000000034e+00 3.689407667708034069e+02
1.792000000000000037e+00 3.682463756118265792e+02
1.796000000000000041e+00 3.682352084834050174e+02
1.800000000000000044e+00 3.682195771219333551e+02
1.804000000000000048e+00 3.682772848617718182e+02
1.808000000000000052e+00 3.706866877327661882e+02
1.812000000000000055e+00 3.692839497771836932e+02
1.816000000000000059e+00 3.688777045696233472e+02
1.820000000000000062e+00 3.691350590954272661e+02
1.824000000000000066e+00 3.714456335344706304e+02
1.828000000000000069e+00 3.715657096210854320e+02
1.832000000000000073e+00 3.715824144931439150e+02
1.836000000000000076e+00 3.719137888830690599e+02
1.840000000000000080e+00 3.717689304118094924e+02
1.844000000000000083e+00 3.715877951376705823e+02
1.848000000000000087e+00 3.691085748037546068e+02
1.852000000000000091e+00 3.692197486074542212e+02
1.856000000000000094e+00 3.716350557866761619e+02
1.860000000000000098e+00 3.720771195913776523e+02
1.864000000000000101e+00 3.722487372777528662e+02
1.868000000000000105e+00 3.721622411259578485e+02
1.872000000000000108e+00 3.715239867157167737e+02
1.876000000000000112e+00 3.720637530754123645e+02
1.880000000000000115e+00 3.723573320377255982e+02
1.884000000000000119e+00 3.728706010141560228e+02
1.888000000000000123e+00 3.739904296553309564e+02
1.892000000000000126e+00 3.747893179058210080e+02
1.896000000000000130e+00 3.746956213781386964e+02
1.900000000000000133e+00 3.739593502146828996e+02
1.904000000000000137e+00 3.728684016266122399e+02
1.908000000000000140e+00 3.723556432222902117e+02
1.912000000000000144e+00 3.727307828060175439e+02
1.916000000000000147e+00 3.730650635294826998e+02
1.919999999999999929e+00 3.737230207864698741e+02
1.923999999999999932e+00 3.742335798032481762e+02
1.927999999999999936e+00 3.734885372728024322e+02
1.931999999999999940e+00 3.732032845633333977e+02
1.935999999999999943e+00 3.731178750137177076e+02
1.939999999999999947e+00 3.746224262843463748e+02
1.943999999999999950e+00 3.757427131312595634e+02
1.947999999999999954e+00 3.763209622271745616e+02
1.951999999999999957e+00 3.765561003204680901e+02
1.955999999999999961e+00 3.764029155963643234e+02
1.959999999999999964e+00 3.754771632685366285e+02
1.963999999999999968e+00 3.756005777112446822e+02
1.967999999999999972e+00 3.756169291103050227e+02
1.971999999999999975e+00 3.759480285767872374e+02
1.975999999999999979e+00 3.761345903160266744e+02
1.979999999999999982e+00 3.760378369014904365e+02
1.983999999999999986e+00 3.759102593323603401e+02
1.987999999999999989e+00 3.767274299918078100e+02
1.991999999999999993e+00 3.769277771779732689e+02
1.995999999999999996e+00 3.773262983459454745e+02
2.000000000000000000e+00 3.771263046327781012e+02
2.004000000000000004e+00 3.770575999552209510e+02
2.008000000000000007e+00 3.767783235577383607e+02
2.012000000000000011e+00 3.765406129665141748e+02
2.016000000000000014e+00 3.765986610877582166e+02
2.020000000000000018e+00 3.769116090612081962e+02
2.024000000000000021e+00 3.775117276624317242e+02
2.028000000000000025e+00 3.783856634670560197e+02
2.032000000000000028e+00 3.791231128738388065e+02
2.036000000000000032e+00 3.792908358114386260e+02
2.040000000000000036e+00 3.790350850057186562e+02
2.044000000000000039e+00 3.787744444901916268e+02
2.048000000000000043e+00 3.735357324638454202e+02
2.052000000000000046e+00 3.736484248922776032e+02
2.056000000000000050e+00 3.739649534162824693e+02
2.060000000000000053e+00 3.742445505577818494e+02
2.064000000000000057e+00 3.743493356643305674e+02
2.068000000000000060e+00 3.742987366592317926e+02
2.072000000000000064e+00 3.742255546570319780e+02
2.076000000000000068e+00 3.742288275551625247e+02
2.080000000000000071e+00 3.742799371323696960e+02
2.084000000000000075e+00 3.742770438904223056e+02
2.088000000000000078e+00 3.742204489359482409e+02
2.092000000000000082e+00 3.742114419202928843e+02
2.096000000000000085e+00 3.742984093694187209e+02
2.100000000000000089e+00 3.744738236176253849e+02
2.104000000000000092e+00 3.744827782669106568e+02
2.108000000000000096e+00 3.743515350518742935e+02
2.112000000000000099e+00 3.745164367512855961e+02
2.116000000000000103e+00 3.745288868557743172e+02
2.120000000000000107e+00 3.744242195735582754e+02
2.124000000000000110e+00 3.745325263184955134e+02
2.128000000000000114e+00 3.747866864957239841e+02
2.132000000000000117e+00 3.750886309856589946e+02
2.136000000000000121e+00 3.754559810718355379e+02
2.140000000000000124e+00 3.755643794579203814e+02
2.144000000000000128e+00 3.752678679788821796e+02
2.148000000000000131e+00 3.752944700948875720e+02
2.152000000000000135e+00 3.754179630871507243e+02
2.156000000000000139e+00 3.755980117591102498e+02
2.160000000000000142e+00 3.758002637719877157e+02
2.164000000000000146e+00 3.760535075377396197e+02
2.168000000000000149e+00 3.762349242811178556e+02
2.172000000000000153e+00 3.761566627410193178e+02
2.176000000000000156e+00 3.759397677819056298e+02
2.180000000000000160e+00 3.758249806986698900e+02
2.184000000000000163e+00 3.761758026492869931e+02
2.188000000000000167e+00 3.762569443397403575e+02
2.192000000000000171e+00 3.764790824816592476e+02
2.196000000000000174e+00 3.764550201346032168e+02
2.200000000000000178e+00 3.765695061112109556e+02
2.204000000000000181e+00 3.768449532178807431e+02
2.208000000000000185e+00 3.769458697588391374e+02
2.212000000000000188e+00 3.772934711776957784e+02
2.216000000000000192e+00 3.776350439181958336e+02
2.220000000000000195e+00 3.777941198589346641e+02
2.224000000000000199e+00 3.779877183291548590e+02
2.228000000000000203e+00 3.778355023828977437e+02
2.232000000000000206e+00 3.776671968694306543e+02
2.236000000000000210e+00 3.776887587223149012e+02
2.240000000000000213e+00 3.778247149106592815e+02
2.244000000000000217e+00 3.777478803541457637e+02
2.248000000000000220e+00 3.779971115467895970e+02
2.252000000000000224e+00 3.781284660403623548e+02
2.256000000000000227e+00 3.784116568240091283e+02
2.260000000000000231e+00 3.786008368817530254e+02
2.264000000000000234e+00 3.788649859440760679e+02
2.268000000000000238e+00 3.789688546391482191e+02
2.272000000000000242e+00 3.786962680454445263e+02
2.276000000000000245e+00 3.788972043532735370e+02
2.280000000000000249e+00 3.786597163191221966e+02
2.284000000000000252e+00 3.787465855813041458e+02
2.288000000000000256e+00 3.792657523201658591e+02
2.292000000000000259e+00 3.797930751211689540e+02
2.296000000000000263e+00 3.801478310953390292e+02
2.300000000000000266e+00 3.802959690105254822e+02
2.304000000000000270e+00 3.798405648730437179e+02
2.307999999999999829e+00 3.792588268677215524e+02
2.311999999999999833e+00 3.786449555485532983e+02
2.315999999999999837e+00 3.785714658939292008e+02
2.319999999999999840e+00 3.788934928867934104e+02
2.323999999999999844e+00 3.794215160879965083e+02
2.327999999999999847e+00 3.812504181091620694e+02
2.331999999999999851e+00 3.813680526137714537e+02
2.335999999999999854e+00 3.796104866802600668e+02
2.339999999999999858e+00 3.796725604662046862e+02
2.343999999999999861e+00 3.797969567783518414e+02
2.347999999999999865e+00 3.799287563860704040e+02
2.351999999999999869e+00 3.801340652858017961e+02
2.355999999999999872e+00 3.803240177475045130e+02
2.359999999999999876e+00 3.803084387524029353e+02
2.363999999999999879e+00 3.801505017802136308e+02
2.367999999999999883e+00 3.800517191688363710e+02
2.371999999999999886e+00 3.800875050369961627e+02
2.375999999999999890e+00 3.815577759726050431e+02
2.379999999999999893e+00 3.814677516366252803e+02
2.383999999999999897e+00 3.809977503734811535e+02
2.387999999999999901e+00 3.807921141839366328e+02
2.391999999999999904e+00 3.805664871326105754e+02
2.395999999999999908e+00 3.797724558629463445e+02
2.399999999999999911e+00 3.797289001346244959e+02
2.403999999999999915e+00 3.800306089758940971e+02
2.407999999999999918e+00 3.800935271695564097e+02
2.411999999999999922e+00 3.805329792015496650e+02
2.415999999999999925e+00 3.803599738063671225e+02
2.419999999999999929e+00 3.806482834026900832e+02
2.423999999999999932e+00 3.805822886847850555e+02
2.427999999999999936e+00 3.809859613944147441e+02
2.431999999999999940e+00 3.809702187544066874e+02
2.435999999999999943e+00 3.811231416466599740e+02
2.439999999999999947e+00 3.812759728977656550e+02
2.443999999999999950e+00 3.814711554506810671e+02
2.447999999999999954e+00 3.812512756084722696e+02
2.451999999999999957e+00 3.813787680822509856e+02
2.455999999999999961e+00 3.816044802289284235e+02
2.459999999999999964e+00 3.818435457999786991e+02
2.463999999999999968e+00 3.822361102933532493e+02
2.467999999999999972e+00 3.820827815617317356e+02
2.471999999999999975e+00 3.819540257492745923e+02
2.475999999999999979e+00 3.817222652868518367e+02
2.479999999999999982e+00 3.819745926411271739e+02
2.483999999999999986e+00 3.823869908971730638e+02
2.487999999999999989e+00 3.824275879255848167e+02
2.491999999999999993e+00 3.825925943577362318e+02
2.495999999999999996e+00 3.823774798552055927e+02
2.500000000000000000e+00 3.821795349762679734e+02
2.504000000000000004e+00 3.818996039991592966e+02
2.508000000000000007e+00 3.818053379872022788e+02
2.512000000000000011e+00 3.819153204559823962e+02
2.516000000000000014e+00 3.820849613118866728e+02
2.520000000000000018e+00 3.820807589106869955e+02
2.524000000000000021e+00 3.818820350819943314e+02
2.528000000000000025e+00 3.817339888079555976e+02
2.532000000000000028e+00 3.816750177294387640e+02
2.536000000000000032e+00 3.817578547811237968e+02
2.540000000000000036e+00 3.818637526730369132e+02
2.544000000000000039e+00 3.818380735143043694e+02
2.548000000000000043e+00 3.816918142426449094e+02
2.552000000000000046e+00 3.815945568017965570e+02
2.556000000000000050e+00 3.831167948139228088e+02
2.560000000000000053e+00 3.835496355916923221e+02
2.564000000000000057e+00 3.839622629506072826e+02
2.568000000000000060e+00 3.839025652887054889e+02
2.572000000000000064e+00 3.820758626550837107e+02
2.576000000000000068e+00 3.817336549723462440e+02
2.580000000000000071e+00 3.814365674632370542e+02
2.584000000000000075e+00 3.815855105113636228e+02
2.588000000000000078e+00 3.831643107489825866e+02
2.592000000000000082e+00 3.826283605885072348e+02
2.596000000000000085e+00 3.829925097803120480e+02
2.600000000000000089e+00 3.831719758764044172e+02
2.604000000000000092e+00 3.839544669072602687e+02
2.608000000000000096e+00 3.843647312337250241e+02
2.612000000000000099e+00 3.843861948996653837e+02
2.616000000000000103e+00 3.845820974901694740e+02
2.620000000000000107e+00 3.840451589144586819e+02
2.624000000000000110e+00 3.840887080969841918e+02
2.628000000000000114e+00 3.831260374782435747e+02
2.632000000000000117e+00 3.832057718225008216e+02
2.636000000000000121e+00 3.829382451293070062e+02
2.640000000000000124e+00 3.831168471802928934e+02
2.644000000000000128e+00 3.840048040805086202e+02
2.648000000000000131e+00 3.843463440920273797e+02
2.652000000000000135e+00 3.845554037330164192e+02
2.656000000000000139e+00 3.844477384761128178e+02
2.660000000000000142e+00 3.845896840680361493e+02
2.664000000000000146e+00 3.849041310288299655e+02
2.668000000000000149e+00 3.852058202327107779e+02
2.672000000000000153e+00 3.845973361038654730e+02
2.676000000000000156e+00 3.851500304111768855e+02
2.680000000000000160e+00 3.847691828931098144e+02
2.684000000000000163e+00 3.850729078396278169e+02
2.688000000000000167e+00 3.850047071883827812e+02
2.692000000000000171e+00 3.868368493786975932e+02
2.696000000000000174e+00 3.875475788451423114e+02
2.700000000000000178e+00 3.883689584515857405e+02
2.704000000000000181e+00 3.890770630537297166e+02
2.708000000000000185e+00 3.890599392507104994e+02
2.712000000000000188e+00 3.887180981325636822e+02
2.716000000000000192e+00 3.884624258763988678e+02
2.720000000000000195e+00 3.882393778687996928e+02
2.724000000000000199e+00 3.887559197433607210e+02
2.728000000000000203e+00 3.899066314512958229e+02
2.732000000000000206e+00 3.902378225589256999e+02
2.736000000000000210e+00 3.903907454511789865e+02
2.740000000000000213e+00 3.899040393159764335e+02
2.744000000000000217e+00 3.893531320110442948e+02
2.748000000000000220e+00 3.890743727314663829e+02
2.752000000000000224e+00 3.888741040948560226e+02
2.756000000000000227e+00 3.891578185422036995e+02
2.760000000000000231e+00 3.884262603520559196e+02
2.764000000000000234e+00 3.903351912783105035e+02
2.768000000000000238e+00 3.884897807589742911e+02
2.772000000000000242e+00 3.878876395067060230e+02
2.776000000000000245e+00 3.869796982905049845e+02
2.780000000000000249e+00 3.874547856373440027e+02
2.784000000000000252e+00 3.878110602362467034e+02
2.788000000000000256e+00 3.882825670325308920e+02
2.792000000000000259e+00 3.899318720416788437e+02
2.796000000000000263e+00 3.902424831658636322e+02
2.800000000000000266e+00 3.900216018168268874e+02
2.804000000000000270e+00 3.893961771672576901e+02
2.808000000000000274e+00 3.888477245359235326e+02
2.812000000000000277e+00 3.886897875637341713e+02
2.815999999999999837e+00 3.889695287127512984e+02
2.819999999999999840e+00 3.896517643280711241e+02
2.823999999999999844e+00 3.906090477564888488e+02
2.827999999999999847e+00 3.908695835392757090e+02
2.831999999999999851e+00 3.901167842402604720e+02
2.835999999999999854e+00 3.903646539072819905e+02
2.839999999999999858e+00 3.901984823233960924e+02
2.843999999999999861e+00 3.898673697653213708e+02
2.847999999999999865e+00 3.882020471927222616e+02
2.851999999999999869e+00 3.881385333316002288e+02
2.855999999999999872e+00 3.892426127869707670e+02
2.859999999999999876e+00 3.903067759767408234e+02
2.863999999999999879e+00 3.900338097268539741e+02
2.867999999999999883e+00 3.904821116753923320e+02
2.871999999999999886e+00 3.916736167856270185e+02
2.875999999999999890e+00 3.902381891235163494e+02
2.879999999999999893e+00 3.899537088180061346e+02
2.883999999999999897e+00 3.908414235237601702e+02
2.887999999999999901e+00 3.907463654704555438e+02
2.891999999999999904e+00 3.911227356638799506e+02
2.895999999999999908e+00 3.921618808203397748e+02
2.899999999999999911e+00 3.912416989651303538e+02
2.903999999999999915e+00 3.914004999824261972e+02
2.907999999999999918e+00 3.911703956064575323e+02
2.911999999999999922e+00 3.914293342149566115e+02
2.915999999999999925e+00 3.918420793982043620e+02
2.919999999999999929e+00 3.919986613905676904e+02
2.923999999999999932e+00 3.919158112472900939e+02
2.927999999999999936e+00 3.917378768675229139e+02
2.931999999999999940e+00 3.921656970195600707e+02
2.935999999999999943e+00 3.920098939769518438e+02
2.939999999999999947e+00 3.925926989470646049e+02
2.943999999999999950e+00 3.926707248384976765e+02
2.947999999999999954e+00 3.926743839386076615e+02
2.951999999999999957e+00 3.924830306765050523e+02
2.955999999999999961e+00 3.919224225015138927e+02
2.959999999999999964e+00 3.918951854432712025e+02
2.963999999999999968e+00 3.921757448168209521e+02
2.967999999999999972e+00 3.926190523228120242e+02
2.971999999999999975e+00 3.929531104892042777e+02
2.975999999999999979e+00 3.930486398398397228e+02
2.979999999999999982e+00 3.930246953171163682e+02
2.983999999999999986e+00 3.926439394401969594e+02
2.987999999999999989e+00 3.924444366617492506e+02
2.991999999999999993e+00 3.930471212151071541e+02
2.995999999999999996e+00 3.935862395409728833e+02
3.000000000000000000e+00 3.944391698853951311e+02
3.004000000000000004e+00 3.945918244000017125e+02
3.008000000000000007e+00 3.943751978185347298e+02
3.012000000000000011e+00 3.940772593559116217e+02
3.016000000000000014e+00 3.939408056870513519e+02
3.020000000000000018e+00 3.939819983829228818e+02
3.024000000000000021e+00 3.941456367436557002e+02
3.028000000000000025e+00 3.948272243251457212e+02
3.032000000000000028e+00 3.947483212970136606e+02
3.036000000000000032e+00 3.943586107708089799e+02
3.040000000000000036e+00 3.951842189616371002e+02
3.044000000000000039e+00 3.955308319652582441e+02
3.048000000000000043e+00 3.957272320362782239e+02
3.052000000000000046e+00 3.958358791626210405e+02
3.056000000000000050e+00 3.952443879208697126e+02
3.060000000000000053e+00 3.950604117711534400e+02
3.064000000000000057e+00 3.951080913511197537e+02
3.068000000000000060e+00 3.955723977715166484e+02
3.072000000000000064e+00 3.956350017669584531e+02
3.076000000000000068e+00 3.957763909661995854e+02
3.080000000000000071e+00 3.958522567448665086e+02
3.084000000000000075e+00 3.957455602658095017e+02
3.088000000000000078e+00 3.951570146323757058e+02
3.092000000000000082e+00 3.950424893809903324e+02
3.096000000000000085e+00 3.955223878880813686e+02
3.100000000000000089e+00 3.957445783963703434e+02
3.104000000000000092e+00 3.956829955451452747e+02
3.108000000000000096e+00 3.957201233015385924e+02
3.112000000000000099e+00 3.955256476946194084e+02
3.116000000000000103e+00 3.949771099679338704e+02
3.120000000000000107e+00 3.951223611869691013e+02
3.124000000000000110e+00 3.945265628112779268e+02
3.128000000000000114e+00 3.948395173305241883e+02
3.132000000000000117e+00 3.948138054428103487e+02
3.136000000000000121e+00 3.951762789107722824e+02
3.140000000000000124e+00 3.956110048778650139e+02
3.144000000000000128e+00 3.965685697755219508e+02
3.148000000000000131e+00 3.964420395337936611e+02
3.152000000000000135e+00 3.968822312407644404e+02
3.156000000000000139e+00 3.966487230507399318e+02
3.160000000000000142e+00 3.968566175399944882e+02
3.164000000000000146e+00 3.960389952206049884e+02
3.168000000000000149e+00 3.955285933029369403e+02
3.172000000000000153e+00 3.954108737029761755e+02
3.176000000000000156e+00 3.952596265345657116e+02
3.180000000000000160e+00 3.960916626973223060e+02
3.184000000000000163e+00 3.965279531097214090e+02
3.188000000000000167e+00 3.965113791535881660e+02
3.192000000000000171e+00 3.965626261925168023e+02
3.196000000000000174e+00 3.960468043555445092e+02
3.200000000000000178e+00 3.964192405254160008e+02
3.204000000000000181e+00 3.959898166532948380e+02
3.208000000000000185e+00 3.959052646029894049e+02
3.212000000000000188e+00 3.956731375759759430e+02
3.216000000000000192e+00 3.955982536667482918e+02
3.220000000000000195e+00 3.960445984222045581e+02
3.224000000000000199e+00 3.956808092491940556e+02
3.228000000000000203e+00 3.962589470665726026e+02
3.232000000000000206e+00 3.975382574878545938e+02
3.236000000000000210e+00 3.973647873411374576e+02
3.240000000000000213e+00 3.969036425403346584e+02
3.244000000000000217e+00 3.967046045134214864e+02
3.248000000000000220e+00 3.966433031314356867e+02
3.252000000000000224e+00 3.967866560695551925e+02
3.256000000000000227e+00 3.970626268399258265e+02
3.260000000000000231e+00 3.974354361201841925e+02
3.264000000000000234e+00 3.979124741143090773e+02
3.268000000000000238e+00 3.983517821387845856e+02
3.272000000000000242e+00 3.985724343849522029e+02
3.276000000000000245e+00 3.982628640423729394e+02
3.280000000000000249e+00 3.966634445465312524e+02
3.284000000000000252e+00 3.968531220847910390e+02
3.288000000000000256e+00 3.972051157329388502e+02
3.292000000000000259e+00 3.977609716598444152e+02
3.296000000000000263e+00 3.982914233514603666e+02
3.300000000000000266e+00 3.983303773850105927e+02
3.304000000000000270e+00 3.984278573829318475e+02
3.308000000000000274e+00 3.979500600764406499e+02
3.312000000000000277e+00 3.972777086134751698e+02
3.316000000000000281e+00 3.981952066922175391e+02
3.320000000000000284e+00 3.983961102710651971e+02
3.324000000000000288e+00 3.983095552071038128e+02
3.328000000000000291e+00 3.986074282117643861e+02
3.331999999999999851e+00 3.991832946378402767e+02
3.335999999999999854e+00 3.991168024394193594e+02
3.339999999999999858e+00 3.993143807537663861e+02
3.343999999999999861e+00 3.992105644250642627e+02
3.347999999999999865e+00 3.992515280180666650e+02
3.351999999999999869e+00 3.981392663173696178e+02
3.355999999999999872e+00 3.981026818620659924e+02
3.359999999999999876e+00 3.976270315767484931e+02
3.363999999999999879e+00 3.980015689472197664e+02
3.367999999999999883e+00 3.986846358786647784e+02
3.371999999999999886e+00 3.994188385705020323e+02
3.375999999999999890e+00 3.997665250847099969e+02
3.379999999999999893e+00 3.997652813834204153e+02
3.383999999999999897e+00 3.991751909420689799e+02
3.387999999999999901e+00 3.986804400232613830e+02
3.391999999999999904e+00 3.984008166985769321e+02
3.395999999999999908e+00 3.987129137185130503e+02
3.399999999999999911e+00 3.971182661081457468e+02
3.403999999999999915e+00 4.000926235628487007e+02
3.407999999999999918e+00 3.971314624334082737e+02
3.411999999999999922e+00 3.965134083504291311e+02
3.415999999999999925e+00 3.961026399976522612e+02
3.419999999999999929e+00 3.983056866415134891e+02
3.423999999999999932e+00 3.985302860028265286e+02
3.427999999999999936e+00 4.005744727172255466e+02
3.431999999999999940e+00 4.005926831224240914e+02
3.435999999999999943e+00 4.004634429210436792e+02
3.439999999999999947e+00 4.002860518423660778e+02
3.443999999999999950e+00 4.002727049637895789e+02
3.447999999999999954e+00 4.005873875732488045e+02
3.451999999999999957e+00 4.010416200131998039e+02
3.455999999999999961e+00 4.012012130718431990e+02
3.459999999999999964e+00 4.008582984431096179e+02
3.463999999999999968e+00 4.002607065192428877e+02
3.467999999999999972e+00 3.998064740792918883e+02
3.471999999999999975e+00 3.996524580390629922e+02
3.475999999999999979e+00 3.997385548972860647e+02
3.479999999999999982e+00 3.999569815727248852e+02
3.483999999999999986e+00 4.001826348072359565e+02
3.487999999999999989e+00 4.003519418275309931e+02
3.491999999999999993e+00 4.003398844708179354e+02
3.495999999999999996e+00 4.001789167949596049e+02
3.500000000000000000e+00 4.001603463709666926e+02
3.504000000000000004e+00 4.007085175330616380e+02
3.508000000000000007e+00 4.008351132327525761e+02
3.512000000000000011e+00 4.008385432299934337e+02
3.516000000000000014e+00 4.004269042863138566e+02
3.520000000000000018e+00 4.003361468211527949e+02
3.524000000000000021e+00 4.003116000851734384e+02
3.528000000000000025e+00 4.003690787221427172e+02
3.532000000000000028e+00 4.005072015690495277e+02
3.536000000000000032e+00 4.004535325855042629e+02
3.540000000000000036e+00 4.006474059791673881e+02
3.544000000000000039e+00 4.011293925952656991e+02
3.548000000000000043e+00 3.981230065594568828e+02
3.552000000000000046e+00 3.980422576167791817e+02
3.556000000000000050e+00 4.003393608071170320e+02
3.560000000000000053e+00 4.006276245828661899e+02
3.564000000000000057e+00 4.016742843134338159e+02
3.568000000000000060e+00 4.019041334033483395e+02
3.572000000000000064e+00 4.017120666494532770e+02
3.576000000000000068e+00 4.011020115295052619e+02
3.580000000000000071e+00 4.007637836908946838e+02
3.584000000000000075e+00 4.005952687119472557e+02
3.588000000000000078e+00 4.008542662326127584e+02
3.592000000000000082e+00 4.020530960888636400e+02
3.596000000000000085e+00 4.024188031801786565e+02
3.600000000000000089e+00 4.028439133725636907e+02
3.604000000000000092e+00 4.017018486614895778e+02
3.608000000000000096e+00 4.015027059018361797e+02
3.612000000000000099e+00 4.011739236472304242e+02
3.616000000000000103e+00 4.010125304946151346e+02
3.620000000000000107e+00 4.006428959255434847e+02
3.624000000000000110e+00 4.007602555067098820e+02
3.628000000000000114e+00 4.013742904707846719e+02
3.632000000000000117e+00 4.043456761339850800e+02
3.636000000000000121e+00 4.048589254730267157e+02
3.640000000000000124e+00 4.051756503709193566e+02
3.644000000000000128e+00 4.031662152888709443e+02
3.648000000000000131e+00 4.028564943929776518e+02
3.652000000000000135e+00 4.020326404755475096e+02
3.656000000000000139e+00 4.020874418818460185e+02
3.660000000000000142e+00 4.019521991852940914e+02
3.664000000000000146e+00 4.023444953010219365e+02
3.668000000000000149e+00 4.025472317028227280e+02
3.672000000000000153e+00 4.034360853771262327e+02
3.676000000000000156e+00 4.012945823097124958e+02
3.680000000000000160e+00 4.004011400322299323e+02
3.684000000000000163e+00 4.015901053735152573e+02
3.688000000000000167e+00 4.002963549256811575e+02
3.692000000000000171e+00 4.012686085901481761e+02
3.696000000000000174e+00 4.006380716736990166e+02
3.700000000000000178e+00 4.007466860710604806e+02
3.704000000000000181e+00 4.008097024516667375e+02
3.708000000000000185e+00 4.017704420605103337e+02
3.712000000000000188e+00 4.015312717567198888e+02
3.716000000000000192e+00 4.014228210042649607e+02
3.720000000000000195e+00 4.016362532371564384e+02
3.724000000000000199e+00 4.014550394134623730e+02
3.728000000000000203e+00 4.005824062222940256e+02
3.732000000000000206e+00 4.021077142128668243e+02
3.736000000000000210e+00 4.026951536067325037e+02
3.740000000000000213e+00 4.008255105496374426e+02
3.744000000000000217e+00 4.010907265767510239e+02
3.748000000000000220e+00 4.014689426847211280e+02
3.752000000000000224e+00 4.016196138230606039e+02
3.756000000000000227e+00 4.014089504619875015e+02
3.760000000000000231e+00 4.015282148698659626e+02
3.764000000000000234e+00 4.032951740210121443e+02
3.768000000000000238e+00 4.027391675407925504e+02
3.772000000000000242e+00 4.026398939946957398e+02
3.776000000000000245e+00 4.023959845344122641e+02
3.780000000000000249e+00 4.036213968692797494e+02
3.784000000000000252e+00 4.013675679380244219e+02
3.788000000000000256e+00 4.023757122033914015e+02
3.792000000000000259e+00 4.014063190518905344e+02
3.796000000000000263e+00 4.016760254952392870e+02
3.800000000000000266e+00 4.026589095328344001e+02
3.804000000000000270e+00 4.043750667591976935e+02
3.808000000000000274e+00 4.045188386282778765e+02
3.812000000000000277e+00 4.028816237048242783e+02
3.816000000000000281e+00 4.039848063861070955e+02
3.820000000000000284e+00 4.004997982734781772e+02
3.824000000000000288e+00 4.010581154197778915e+02
3.828000000000000291e+00 4.016246671777741994e+02
3.832000000000000295e+00 4.020420402389785295e+02
3.836000000000000298e+00 4.070067648712212076e+02
3.839999999999999858e+00 4.074700370558088593e+02
3.843999999999999861e+00 4.074282356008850456e+02
3.847999999999999865e+00 4.070095468346322036e+02
3.851999999999999869e+00 4.066391267700091703e+02
3.855999999999999872e+00 4.065867080335498258e+02
3.859999999999999876e+00 4.068237640451478683e+02
3.863999999999999879e+00 4.071365941942651716e+02
3.867999999999999883e+00 4.062794614486432465e+02
3.871999999999999886e+00 4.068596153712702517e+02
3.875999999999999890e+00 4.070396247684522564e+02
3.879999999999999893e+00 4.069038322250144120e+02
3.883999999999999897e+00 4.042663999954660881e+02
3.887999999999999901e+00 4.044459184579285420e+02
3.891999999999999904e+00 4.046821169702163843e+02
3.895999999999999908e+00 4.048518756504533940e+02
3.899999999999999911e+00 4.056654068471797245e+02
3.903999999999999915e+00 4.073282223798107680e+02
3.907999999999999918e+00 4.069787750464084866e+02
3.911999999999999922e+00 4.067157780442274202e+02
3.915999999999999925e+00 4.065631628043984165e+02
3.919999999999999929e+00 4.064141608441054814e+02
3.923999999999999932e+00 4.062079420786938044e+02
3.927999999999999936e+00 4.059705915062639860e+02
3.931999999999999940e+00 4.057237037086816258e+02
3.935999999999999943e+00 4.058633910008948646e+02
3.939999999999999947e+00 4.063263162582807126e+02
3.943999999999999950e+00 4.056793755764010143e+02
3.947999999999999954e+00 4.066043293170848756e+02
3.951999999999999957e+00 4.066817726326506772e+02
3.955999999999999961e+00 4.060209417711048445e+02
3.959999999999999964e+00 4.057299549441110571e+02
3.963999999999999968e+00 4.047701055635589569e+02
3.967999999999999972e+00 4.046727302983778713e+02
3.971999999999999975e+00 4.060781323930386293e+02
3.975999999999999979e+00 4.067630452390292817e+02
3.979999999999999982e+00 4.056000143425306987e+02
3.983999999999999986e+00 4.058244042383633996e+02
3.987999999999999989e+00 4.060164906296472509e+02
3.991999999999999993e+00 4.063282407223814516e+02
3.995999999999999996e+00 4.066048726181745110e+02
4.000000000000000000e+00 4.070916507571359944e+02
4.004000000000000448e+00 4.067934635542549131e+02
4.008000000000000007e+00 4.062296872138733761e+02
4.012000000000000455e+00 4.041746868440509388e+02
4.016000000000000014e+00 4.039006078087996912e+02
4.020000000000000462e+00 4.043225694731831368e+02
4.024000000000000021e+00 4.055575713995732485e+02
4.028000000000000469e+00 4.057844748811702971e+02
4.032000000000000028e+00 4.059576373754631504e+02
4.036000000000000476e+00 4.060299880615377788e+02
4.040000000000000036e+00 4.066080996957313118e+02
4.044000000000000483e+00 4.063335886379268231e+02
4.048000000000000043e+00 4.062363246512821888e+02
4.052000000000000490e+00 4.052221320701698914e+02
4.056000000000000050e+00 4.055905556669332555e+02
4.060000000000000497e+00 4.060932859113832478e+02
4.064000000000000057e+00 4.062620038100147326e+02
4.068000000000000504e+00 4.079014966705672691e+02
4.072000000000000064e+00 4.063944449057668749e+02
4.076000000000000512e+00 4.062626780270296649e+02
4.080000000000000071e+00 4.075090761847104659e+02
4.084000000000000519e+00 4.070031712290738142e+02
4.088000000000000078e+00 4.043215417831701188e+02
4.092000000000000526e+00 4.040718196558067348e+02
4.096000000000000085e+00 3.969040287423140967e+02
4.099999999999999645e+00 3.982881439075335379e+02
4.104000000000000092e+00 3.987267122570315223e+02
4.107999999999999652e+00 3.981222472470906268e+02
4.112000000000000099e+00 3.979367393810492217e+02
4.115999999999999659e+00 3.976645520809174741e+02
4.120000000000000107e+00 3.975032440236535649e+02
4.123999999999999666e+00 3.973427934656999696e+02
4.128000000000000114e+00 3.992680823368111760e+02
4.131999999999999673e+00 3.987219861921309985e+02
4.136000000000000121e+00 3.990792295688802938e+02
4.139999999999999680e+00 3.992258161303528254e+02
4.144000000000000128e+00 3.989745950156456047e+02
4.147999999999999687e+00 3.987712956753663320e+02
4.152000000000000135e+00 3.983164413847705418e+02
4.155999999999999694e+00 3.982251733475011406e+02
4.160000000000000142e+00 3.987717604269008689e+02
4.163999999999999702e+00 3.982984208076635468e+02
4.168000000000000149e+00 3.983163301062340906e+02
4.171999999999999709e+00 3.983777427667563416e+02
4.176000000000000156e+00 3.981886870791414026e+02
4.179999999999999716e+00 3.982870442137616465e+02
4.184000000000000163e+00 3.982010455424824613e+02
4.187999999999999723e+00 3.963434140215266552e+02
4.192000000000000171e+00 3.962794485004625926e+02
4.195999999999999730e+00 3.977244199335220856e+02
4.200000000000000178e+00 3.976381921593737729e+02
4.203999999999999737e+00 3.979677795469196440e+02
4.208000000000000185e+00 3.983310188730441723e+02
4.211999999999999744e+00 3.968587252863906087e+02
4.216000000000000192e+00 3.969843325708460497e+02
4.219999999999999751e+00 3.969928486517818556e+02
4.224000000000000199e+00 3.964675223186383732e+02
4.227999999999999758e+00 3.963629074027924162e+02
4.232000000000000206e+00 3.972743178910118900e+02
4.235999999999999766e+00 3.972112229608505345e+02
4.240000000000000213e+00 3.972361166240317516e+02
4.243999999999999773e+00 3.966172770455012824e+02
4.248000000000000220e+00 3.965207461880378901e+02
4.251999999999999780e+00 3.962146189342919911e+02
4.256000000000000227e+00 3.961501297495270251e+02
4.259999999999999787e+00 3.962932601305736284e+02
4.264000000000000234e+00 3.966638569316957046e+02
4.267999999999999794e+00 3.971557604291297139e+02
4.272000000000000242e+00 3.985889494289190793e+02
4.275999999999999801e+00 3.985447391209712009e+02
4.280000000000000249e+00 3.982372045210291844e+02
4.283999999999999808e+00 3.968407243466723457e+02
4.288000000000000256e+00 3.965707888004544657e+02
4.291999999999999815e+00 3.965570295367135145e+02
4.296000000000000263e+00 3.975040687939824693e+02
4.299999999999999822e+00 3.979106871119297466e+02
4.304000000000000270e+00 3.981782072593272801e+02
4.307999999999999829e+00 3.979523576509283203e+02
4.312000000000000277e+00 3.977907419412401850e+02
4.315999999999999837e+00 3.977700834082399410e+02
4.320000000000000284e+00 3.976177169086688536e+02
4.323999999999999844e+00 3.977823764136184082e+02
4.328000000000000291e+00 3.980173704993942465e+02
4.331999999999999851e+00 3.981138031699136945e+02
4.336000000000000298e+00 3.980897408228576637e+02
4.339999999999999858e+00 3.980076041713725772e+02
4.344000000000000306e+00 3.980057386194381479e+02
4.347999999999999865e+00 3.980921038553079256e+02
4.352000000000000313e+00 3.981461001286662622e+02
4.355999999999999872e+00 3.993386656578952625e+02
4.360000000000000320e+00 3.982650241551391446e+02
4.363999999999999879e+00 3.989029578213634295e+02
4.368000000000000327e+00 3.991549644316219769e+02
4.371999999999999886e+00 3.996057799659246257e+02
4.376000000000000334e+00 4.013347996819410355e+02
4.379999999999999893e+00 4.016291772313981596e+02
4.384000000000000341e+00 4.012058016750223146e+02
4.387999999999999901e+00 4.008338237108891349e+02
4.392000000000000348e+00 4.003870927534534303e+02
4.395999999999999908e+00 4.003243316589014285e+02
4.400000000000000355e+00 3.996245336722128627e+02
4.403999999999999915e+00 3.993033641786588532e+02
4.408000000000000362e+00 3.993158731953138840e+02
4.411999999999999922e+00 4.000865425181220871e+02
4.416000000000000369e+00 3.999089354281679221e+02
4.419999999999999929e+00 4.001171048408654656e+02
4.424000000000000377e+00 4.001279446794739556e+02
4.427999999999999936e+00 3.992797534915447955e+02
4.432000000000000384e+00 3.993476726735506190e+02
4.435999999999999943e+00 3.999688032807725335e+02
4.440000000000000391e+00 4.004226495187440946e+02
4.443999999999999950e+00 4.004609817016494731e+02
4.448000000000000398e+00 4.001348308571406847e+02
4.451999999999999957e+00 3.987967980975998330e+02
4.456000000000000405e+00 3.989029120007895699e+02
4.459999999999999964e+00 3.987149036405763809e+02
4.464000000000000412e+00 3.985111395487626282e+02
4.467999999999999972e+00 3.984812841720154779e+02
4.472000000000000419e+00 4.000539706359265324e+02
4.475999999999999979e+00 4.004493301843045856e+02
4.480000000000000426e+00 4.004037059843642510e+02
4.483999999999999986e+00 4.011470073330045238e+02
4.488000000000000433e+00 4.008369918762795123e+02
4.491999999999999993e+00 4.004754740945716662e+02
4.496000000000000441e+00 4.002738504781352731e+02
4.500000000000000000e+00 3.993274723462886868e+02
4.504000000000000448e+00 3.998218632463019162e+02
4.508000000000000007e+00 3.998990250926285057e+02
4.512000000000000455e+00 3.986332644696071839e+02
4.516000000000000014e+00 3.985124421622185764e+02
4.520000000000000462e+00 3.983690630409140567e+02
4.524000000000000021e+00 3.983485026948577570e+02
4.528000000000000469e+00 3.992519731322124130e+02
4.532000000000000028e+00 3.998543958537198932e+02
4.536000000000000476e+00 4.001838588711368061e+02
4.540000000000000036e+00 3.998703806881896412e+02
4.544000000000000483e+00 3.991953519945533344e+02
4.548000000000000043e+00 4.013662391413834598e+02
4.552000000000000490e+00 4.011477993743521324e+02
4.556000000000000050e+00 3.999556265928987955e+02
4.560000000000000497e+00 3.983604487730343635e+02
4.564000000000000057e+00 3.986644093682177754e+02
4.568000000000000504e+00 3.986233737714565564e+02
4.572000000000000064e+00 3.987809441790552683e+02
4.576000000000000512e+00 4.007756184905348391e+02
4.580000000000000071e+00 4.007368215560949238e+02
4.584000000000000519e+00 3.999087456000763723e+02
4.588000000000000078e+00 3.993695421788592057e+02
4.592000000000000526e+00 3.986131296003078432e+02
4.596000000000000085e+00 3.989883477335902739e+02
4.600000000000000533e+00 3.993291611617240733e+02
4.604000000000000092e+00 3.990412115841954801e+02
4.608000000000000540e+00 3.990140203465265927e+02
4.612000000000000099e+00 3.989209783984703677e+02
4.615999999999999659e+00 3.994355041677829377e+02
4.620000000000000107e+00 3.995027164037925900e+02
4.623999999999999666e+00 3.989793407179349174e+02
4.628000000000000114e+00 3.984991280126233733e+02
4.631999999999999673e+00 3.983835161590587290e+02
4.636000000000000121e+00 3.982474028716040380e+02
4.639999999999999680e+00 3.981878623088124982e+02
4.644000000000000128e+00 3.982637477248681535e+02
4.647999999999999687e+00 3.992229359799978852e+02
4.652000000000000135e+00 3.992090588919242009e+02
4.655999999999999694e+00 3.990153425973713297e+02
4.660000000000000142e+00 3.982166769039541805e+02
4.663999999999999702e+00 3.983282565470219652e+02
4.668000000000000149e+00 3.987148643657988600e+02
4.671999999999999709e+00 3.988318246533933120e+02
4.676000000000000156e+00 3.988809181253520819e+02
4.679999999999999716e+00 3.990360665883341653e+02
4.684000000000000163e+00 3.983452363425234353e+02
4.687999999999999723e+00 3.980209575957453580e+02
4.692000000000000171e+00 3.980832866677441189e+02
4.695999999999999730e+00 3.991261301990915626e+02
4.700000000000000178e+00 3.993794459686023401e+02
4.703999999999999737e+00 3.993004774825076311e+02
4.708000000000000185e+00 3.998043466955070357e+02
4.711999999999999744e+00 3.998958372898493394e+02
4.716000000000000192e+00 3.996731689384332640e+02
4.719999999999999751e+00 3.995769915539680142e+02
4.724000000000000199e+00 3.992142169793780226e+02
4.727999999999999758e+00 3.995159650954251447e+02
4.732000000000000206e+00 3.992177255261740356e+02
4.735999999999999766e+00 3.992534917569449817e+02
4.740000000000000213e+00 3.992102502268437547e+02
4.743999999999999773e+00 3.991616018690307897e+02
4.748000000000000220e+00 3.991551149849359490e+02
4.751999999999999780e+00 3.992183408310225445e+02
4.756000000000000227e+00 3.993374481397906948e+02
4.759999999999999787e+00 3.994758131811591966e+02
4.764000000000000234e+00 3.988326756069072871e+02
4.767999999999999794e+00 4.005206924551438306e+02
4.772000000000000242e+00 3.990374477513452689e+02
4.775999999999999801e+00 3.989226737597020360e+02
4.780000000000000249e+00 3.995576552718125640e+02
4.783999999999999808e+00 3.993132941515870016e+02
4.788000000000000256e+00 3.993212800230256221e+02
4.791999999999999815e+00 3.990583942993810069e+02
4.796000000000000263e+00 3.989374999882335828e+02
4.799999999999999822e+00 3.989109895133758528e+02
4.804000000000000270e+00 3.991153361810568754e+02
4.807999999999999829e+00 3.992247818945435256e+02
4.812000000000000277e+00 3.992155654134078304e+02
4.815999999999999837e+00 3.991912150513163056e+02
4.820000000000000284e+00 3.991536421807771831e+02
4.823999999999999844e+00 3.990230273621819492e+02
4.828000000000000291e+00 3.992041626363208593e+02
4.831999999999999851e+00 3.995475681997741049e+02
4.836000000000000298e+00 4.001336526138136946e+02
4.839999999999999858e+00 4.005170137176449998e+02
4.844000000000000306e+00 4.008745582010223529e+02
4.847999999999999865e+00 4.013379613015351879e+02
4.852000000000000313e+00 4.012228469284863763e+02
4.855999999999999872e+00 4.009198289279645451e+02
4.860000000000000320e+00 4.006310218511257517e+02
4.863999999999999879e+00 4.018050104105655578e+02
4.868000000000000327e+00 4.017494300545120041e+02
4.871999999999999886e+00 4.018840181714377877e+02
4.876000000000000334e+00 4.022065557364103938e+02
4.879999999999999893e+00 4.024729107320734443e+02
4.884000000000000341e+00 4.031681135697866694e+02
4.887999999999999901e+00 4.026939229970353722e+02
4.892000000000000348e+00 4.001662637707868271e+02
4.895999999999999908e+00 4.014759597783130403e+02
4.900000000000000355e+00 4.013400428647462377e+02
4.903999999999999915e+00 4.013325675654160136e+02
4.908000000000000362e+00 4.011725097552380248e+02
4.911999999999999922e+00 4.013344658463317387e+02
4.916000000000000369e+00 4.014470535420237525e+02
4.919999999999999929e+00 4.014359256883798253e+02
4.924000000000000377e+00 4.015531216246396866e+02
4.927999999999999936e+00 4.014386356480318909e+02
4.932000000000000384e+00 4.014506144551898501e+02
4.935999999999999943e+00 4.017715024795046475e+02
4.940000000000000391e+00 4.018033543241114671e+02
4.943999999999999950e+00 4.016592486194219305e+02
4.948000000000000398e+00 4.018622730362582161e+02
4.951999999999999957e+00 4.018690872101660716e+02
4.956000000000000405e+00 4.008463720023218002e+02
4.959999999999999964e+00 4.014580635713350603e+02
4.964000000000000412e+00 4.014036025464421300e+02
4.967999999999999972e+00 4.021385121842756121e+02
4.972000000000000419e+00 4.022792337122980939e+02
4.975999999999999979e+00 4.024875733156984552e+02
4.980000000000000426e+00 4.026738208567173842e+02
4.983999999999999986e+00 4.025462629249760766e+02
4.988000000000000433e+00 4.024140247489079911e+02
4.991999999999999993e+00 4.023974966133485509e+02
4.996000000000000441e+00 4.024629807591452391e+02
5.000000000000000000e+00 4.025151703927355129e+02
5.004000000000000448e+00 4.025000692407610359e+02
5.008000000000000007e+00 4.025447704834285219e+02
5.012000000000000455e+00 4.023755812874661615e+02
5.016000000000000014e+00 4.019275738997595795e+02
5.020000000000000462e+00 4.018116543937705956e+02
5.024000000000000021e+00 4.017459215077159911e+02
5.028000000000000469e+00 4.002098849570712105e+02
5.032000000000000028e+00 4.001717556938499456e+02
5.036000000000000476e+00 4.001298691435747514e+02
5.040000000000000036e+00 4.015045649079743271e+02
5.044000000000000483e+00 4.017336219565412989e+02
5.048000000000000043e+00 4.022375893564845910e+02
5.052000000000000490e+00 4.028072961882787695e+02
5.056000000000000050e+00 4.024754046804489462e+02
5.060000000000000497e+00 4.016299758185419932e+02
5.064000000000000057e+00 4.014235410418536958e+02
5.068000000000000504e+00 4.016660955223111387e+02
5.072000000000000064e+00 4.019530370472155028e+02
5.076000000000000512e+00 4.027185090077923064e+02
5.080000000000000071e+00 4.012764046334951900e+02
5.084000000000000519e+00 4.012682878461313862e+02
5.088000000000000078e+00 4.010194624928557232e+02
5.092000000000000526e+00 4.009290323175077333e+02
5.096000000000000085e+00 4.009859807449798836e+02
5.100000000000000533e+00 4.004275981407175209e+02
5.104000000000000092e+00 4.008148278101392066e+02
5.108000000000000540e+00 4.011199862860384542e+02
5.112000000000000099e+00 4.040469259926255177e+02
5.116000000000000547e+00 4.035867172406881309e+02
5.120000000000000107e+00 4.034126448807149927e+02
5.123999999999999666e+00 4.029403067683056179e+02
5.128000000000000114e+00 4.026097113281355178e+02
5.131999999999999673e+00 4.010566949819892670e+02
5.136000000000000121e+00 4.011311010480898744e+02
5.139999999999999680e+00 4.023439323625434554e+02
5.144000000000000128e+00 4.024912127784196514e+02
5.147999999999999687e+00 4.021298717332108481e+02
5.152000000000000135e+00 4.019895036781864519e+02
5.155999999999999694e+00 4.016638568599897781e+02
5.160000000000000142e+00 4.011117516743419174e+02
5.163999999999999702e+00 4.009621409549966984e+02
5.168000000000000149e+00 4.013924288722243432e+02
5.171999999999999709e+00 4.018948514642499958e+02
5.176000000000000156e+00 4.019473422044683275e+02
5.179999999999999716e+00 4.022718369625230252e+02
5.184000000000000163e+00 4.020499148318807556e+02
5.187999999999999723e+00 4.016934765880715759e+02
5.192000000000000171e+00 4.012749776499102836e+02
5.195999999999999730e+00 4.009570548713018070e+02
5.200000000000000178e+00 4.009308520488683598e+02
5.203999999999999737e+00 4.011168050290555129e+02
5.208000000000000185e+00 4.012451615479407110e+02
5.211999999999999744e+00 4.012811568815808414e+02
5.216000000000000192e+00 4.012232004014844620e+02
5.219999999999999751e+00 4.010576048476695519e+02
5.224000000000000199e+00 4.010465424519881594e+02
5.227999999999999758e+00 4.012528528585475556e+02
5.232000000000000206e+00 4.006796636631424349e+02
5.235999999999999766e+00 4.018704618273809501e+02
5.240000000000000213e+00 4.016215317413651178e+02
5.243999999999999773e+00 4.016746966985982681e+02
5.248000000000000220e+00 4.015701930612888191e+02
5.251999999999999780e+00 4.014236457745938651e+02
5.256000000000000227e+00 4.014305057690755802e+02
5.259999999999999787e+00 4.008045967305830004e+02
5.264000000000000234e+00 4.010329599247462511e+02
5.267999999999999794e+00 4.013688312767028492e+02
5.272000000000000242e+00 4.013774717277676132e+02
5.275999999999999801e+00 4.012574938280966990e+02
5.280000000000000249e+00 4.018766214216626622e+02
5.283999999999999808e+00 4.019058287645800078e+02
5.288000000000000256e+00 4.022489070382201248e+02
5.291999999999999815e+00 4.022220823651418868e+02
5.296000000000000263e+00 4.018536914973598186e+02
5.299999999999999822e+00 4.013702058939177277e+02
5.304000000000000270e+00 4.013631037049743213e+02
5.307999999999999829e+00 4.017645573896715518e+02
5.312000000000000277e+00 4.027602580963460355e+02
5.315999999999999837e+00 4.028057513803611300e+02
5.320000000000000284e+00 4.016092387359866507e+02
5.323999999999999844e+00 4.014576315487818192e+02
5.328000000000000291e+00 4.008742178196167742e+02
5.331999999999999851e+00 4.006651909076090305e+02
5.336000000000000298e+00 4.007493763933238142e+02
5.339999999999999858e+00 4.013100893010551999e+02
5.344000000000000306e+00 4.015097229954281488e+02
5.347999999999999865e+00 4.015634639827322871e+02
5.352000000000000313e+00 4.014914994986370971e+02
5.355999999999999872e+00 4.031930530535416892e+02
5.360000000000000320e+00 4.019914281422872477e+02
5.363999999999999879e+00 4.019525330209033882e+02
5.368000000000000327e+00 4.018727855850536343e+02
5.371999999999999886e+00 4.010068225602753955e+02
5.376000000000000334e+00 4.012506861999851253e+02
5.379999999999999893e+00 4.013807184427131460e+02
5.384000000000000341e+00 4.013341516481112308e+02
5.387999999999999901e+00 4.010455409451602122e+02
5.392000000000000348e+00 4.009979333689527721e+02
5.395999999999999908e+00 4.010226241124498756e+02
5.400000000000000355e+00 4.011759332066826005e+02
5.403999999999999915e+00 4.011918329458009680e+02
5.408000000000000362e+00 4.010643993841886186e+02
5.411999999999999922e+00 4.017037338508127959e+02
5.416000000000000369e+00 4.005853452848153324e+02
5.419999999999999929e+00 4.005570085328007508e+02
5.424000000000000377e+00 4.007683133819073760e+02
5.427999999999999936e+00 4.013908513353254079e+02
5.432000000000000384e+00 4.018112812833837211e+02
5.435999999999999943e+00 4.021624436154064028e+02
5.440000000000000391e+00 4.024058490493778208e+02
5.443999999999999950e+00 4.021418832693501031e+02
5.448000000000000398e+00 4.023026807545056158e+02
5.451999999999999957e+00 4.025699848906265288e+02
5.456000000000000405e+00 4.030671512082544723e+02
5.459999999999999964e+00 4.012794877035342438e+02
5.464000000000000412e+00 4.013185333782320754e+02
5.467999999999999972e+00 4.013216295398635793e+02
5.472000000000000419e+00 4.013737471696949797e+02
5.475999999999999979e+00 4.033903106238718692e+02
5.480000000000000426e+00 4.020599691749379190e+02
5.483999999999999986e+00 4.024968879837780946e+02
5.488000000000000433e+00 4.027540134067128861e+02
5.491999999999999993e+00 4.026337933125803374e+02
5.496000000000000441e+00 4.022198633402093719e+02
5.500000000000000000e+00 4.014090224657463750e+02
5.504000000000000448e+00 4.013776026436928532e+02
5.508000000000000007e+00 4.014572649841911698e+02
5.512000000000000455e+00 4.014680066358557724e+02
5.516000000000000014e+00 4.014264604669861569e+02
5.520000000000000462e+00 4.013439179761328433e+02
5.524000000000000021e+00 4.011943334399727519e+02
5.528000000000000469e+00 4.016067709707961626e+02
5.532000000000000028e+00 4.015335758770038410e+02
5.536000000000000476e+00 4.017195550403760080e+02
5.540000000000000036e+00 4.012287446909176651e+02
5.544000000000000483e+00 4.015378961025361946e+02
5.548000000000000043e+00 4.016420986332176994e+02
5.552000000000000490e+00 4.035001752683192535e+02
5.556000000000000050e+00 4.035277134331900015e+02
5.560000000000000497e+00 4.031312083704661973e+02
5.564000000000000057e+00 4.031628180206113825e+02
5.568000000000000504e+00 4.029894067860606128e+02
5.572000000000000064e+00 4.029393118072739526e+02
5.576000000000000512e+00 4.026919919871383513e+02
5.580000000000000071e+00 4.024421520354422341e+02
5.584000000000000519e+00 4.023832856896655699e+02
5.588000000000000078e+00 4.022001408560744835e+02
5.592000000000000526e+00 4.019869377260520764e+02
5.596000000000000085e+00 4.016677254255801586e+02
5.600000000000000533e+00 4.007263875568546609e+02
5.604000000000000092e+00 4.007614992079995204e+02
5.608000000000000540e+00 4.008986729144484684e+02
5.612000000000000099e+00 4.011015467779707251e+02
5.616000000000000547e+00 4.010924677585564950e+02
5.620000000000000107e+00 4.014966706776833689e+02
5.624000000000000554e+00 4.011539196938563236e+02
5.628000000000000114e+00 4.008425099825277016e+02
5.631999999999999673e+00 4.007855942840368471e+02
5.636000000000000121e+00 4.010305576175184115e+02
5.639999999999999680e+00 4.013653881878694847e+02
5.644000000000000128e+00 4.015669856211208071e+02
5.647999999999999687e+00 4.016499339513422910e+02
5.652000000000000135e+00 4.017245887577008716e+02
5.655999999999999694e+00 4.019119359924916353e+02
5.660000000000000142e+00 4.018077530991989761e+02
5.663999999999999702e+00 4.016306893103344464e+02
5.668000000000000149e+00 4.014660101679961031e+02
5.671999999999999709e+00 4.021610624523952993e+02
5.676000000000000156e+00 4.022695721170166507e+02
5.679999999999999716e+00 4.018595041644397270e+02
5.684000000000000163e+00 4.021047947877343631e+02
5.687999999999999723e+00 4.022567030815671956e+02
5.692000000000000171e+00 4.022395269121778938e+02
5.695999999999999730e+00 4.019897065978705655e+02
5.700000000000000178e+00 4.016156208873412652e+02
5.703999999999999737e+00 4.013548232727039817e+02
5.708000000000000185e+00 4.015778778260993818e+02
5.711999999999999744e+00 4.020575865050988114e+02
5.716000000000000192e+00 4.026190390878076641e+02
5.719999999999999751e+00 4.029358163520704466e+02
5.724000000000000199e+00 4.028207477995954378e+02
5.727999999999999758e+00 4.024678639231560737e+02
5.732000000000000206e+00 4.019613043878933922e+02
5.735999999999999766e+00 4.019606039876933892e+02
5.740000000000000213e+00 4.010995764932961265e+02
5.743999999999999773e+00 4.025977259751813335e+02
5.748000000000000220e+00 4.030615218234698887e+02
5.751999999999999780e+00 4.030039711827416795e+02
5.756000000000000227e+00 4.032985778350679311e+02
5.759999999999999787e+00 4.039646518794189660e+02
5.764000000000000234e+00 4.038072712999118039e+02
5.767999999999999794e+00 4.036470432990309973e+02
5.772000000000000242e+00 4.034499493736073532e+02
5.775999999999999801e+00 4.039062699225656274e+02
5.780000000000000249e+00 4.037220973989615231e+02
5.783999999999999808e+00 4.032109623521122330e+02
5.788000000000000256e+00 4.025198179080809382e+02
5.791999999999999815e+00 4.020558649606821291e+02
5.796000000000000263e+00 4.020863290964816201e+02
5.799999999999999822e+00 4.024294531906955399e+02
5.804000000000000270e+00 4.028136717938371021e+02
5.807999999999999829e+00 4.030476120064148517e+02
5.812000000000000277e+00 4.030116297643672851e+02
5.815999999999999837e+00 4.030503939698259046e+02
5.820000000000000284e+00 4.034431286539032158e+02
5.823999999999999844e+00 4.035283091006497216e+02
5.828000000000000291e+00 4.038537399075697749e+02
5.831999999999999851e+00 4.042097919493995732e+02
5.836000000000000298e+00 4.035135221468957525e+02
5.839999999999999858e+00 4.029928302375051885e+02
5.844000000000000306e+00 4.027681523266369936e+02
5.847999999999999865e+00 4.028119306120316878e+02
5.852000000000000313e+00 4.027679035863790773e+02
5.855999999999999872e+00 4.028270775845800244e+02
5.860000000000000320e+00 4.029248194143517026e+02
5.863999999999999879e+00 4.036575558478264156e+02
5.868000000000000327e+00 4.014969717843114267e+02
5.871999999999999886e+00 4.014732367270684108e+02
5.876000000000000334e+00 4.010525907677334772e+02
5.879999999999999893e+00 4.011459207308251962e+02
5.884000000000000341e+00 4.013046235611770953e+02
5.887999999999999901e+00 4.014436235447828949e+02
5.892000000000000348e+00 4.006880946487268034e+02
5.895999999999999908e+00 4.006749637814269249e+02
5.900000000000000355e+00 4.022701154181063430e+02
5.903999999999999915e+00 4.024277709210564353e+02
5.908000000000000362e+00 4.027129581725628782e+02
5.911999999999999922e+00 4.019033348162045058e+02
5.916000000000000369e+00 4.021742195028802485e+02
5.919999999999999929e+00 4.023259183312327423e+02
5.924000000000000377e+00 4.022903746575345849e+02
5.927999999999999936e+00 4.022208975760186149e+02
5.932000000000000384e+00 4.022870101182563758e+02
5.935999999999999943e+00 4.039795435659131044e+02
5.940000000000000391e+00 4.077857408094848211e+02
5.943999999999999950e+00 4.076503213764338511e+02
5.948000000000000398e+00 4.077248649042559805e+02
5.951999999999999957e+00 4.066912313082480637e+02
5.956000000000000405e+00 4.063324431235811289e+02
5.959999999999999964e+00 4.062808164284693362e+02
5.964000000000000412e+00 4.058057879937966277e+02
5.967999999999999972e+00 4.056816207845186000e+02
5.972000000000000419e+00 4.059877153092832032e+02
5.975999999999999979e+00 4.057450888250668868e+02
5.980000000000000426e+00 4.063708211270603670e+02
5.983999999999999986e+00 4.078759484277599086e+02
5.988000000000000433e+00 4.081286881671997548e+02
5.991999999999999993e+00 4.069828923522567266e+02
5.996000000000000441e+00 4.078594464753855391e+02
6.000000000000000000e+00 4.069696763896054676e+02
6.004000000000000448e+00 4.076473037643574457e+02
6.008000000000000007e+00 4.066604726116168536e+02
6.012000000000000455e+00 4.071272206140191656e+02
6.016000000000000014e+00 4.070933395725713808e+02
6.020000000000000462e+00 4.090011184386839886e+02
6.024000000000000021e+00 4.082016999786967517e+02
6.028000000000000469e+00 4.075771000994564588e+02
6.032000000000000028e+00 4.072704688193985021e+02
6.036000000000000476e+00 4.076441355989670683e+02
6.040000000000000036e+00 4.064885276354285679e+02
6.044000000000000483e+00 4.087091628338435498e+02
6.048000000000000043e+00 4.022731330301826915e+02
6.052000000000000490e+00 4.057123009315946547e+02
6.056000000000000050e+00 4.049843822041681847e+02
6.060000000000000497e+00 4.049832366898224336e+02
6.064000000000000057e+00 4.075682763660964270e+02
6.068000000000000504e+00 4.071326143501383967e+02
6.072000000000000064e+00 4.060559814184908873e+02
6.076000000000000512e+00 4.063435251566512534e+02
6.080000000000000071e+00 4.060362196595783644e+02
6.084000000000000519e+00 4.056975597984145452e+02
6.088000000000000078e+00 4.051604052114271326e+02
6.092000000000000526e+00 4.057341180705331567e+02
6.096000000000000085e+00 4.032435669632890836e+02
6.100000000000000533e+00 4.076777613543606549e+02
6.104000000000000092e+00 4.078342320681875321e+02
6.108000000000000540e+00 4.082429188577533523e+02
6.112000000000000099e+00 4.069917357230056041e+02
6.116000000000000547e+00 4.081338528004498016e+02
6.120000000000000107e+00 4.079558595085162551e+02
6.124000000000000554e+00 4.071070333783497404e+02
6.128000000000000114e+00 4.078532606979186994e+02
6.132000000000000561e+00 4.064603217993392263e+02
6.136000000000000121e+00 4.049063628585313381e+02
6.140000000000000568e+00 4.041826988986746301e+02
6.144000000000000128e+00 4.089820636257677506e+02
6.147999999999999687e+00 4.092021922082344076e+02
6.152000000000000135e+00 4.094309088753957440e+02
6.155999999999999694e+00 4.094327613357376663e+02
6.160000000000000142e+00 4.083564687854957356e+02
6.163999999999999702e+00 4.082626544334807477e+02
6.168000000000000149e+00 4.088133980935062937e+02
6.171999999999999709e+00 4.087158984581962500e+02
6.176000000000000156e+00 4.086918033821589233e+02
6.179999999999999716e+00 4.081326614655302478e+02
6.184000000000000163e+00 4.080883856996197210e+02
6.187999999999999723e+00 4.080808645797156942e+02
6.192000000000000171e+00 4.080753137444862091e+02
6.195999999999999730e+00 4.080235888624304721e+02
6.200000000000000178e+00 4.079422638896817830e+02
6.203999999999999737e+00 4.079155963157137990e+02
6.208000000000000185e+00 4.080251140329593227e+02
6.211999999999999744e+00 4.082668830178654389e+02
6.216000000000000192e+00 4.085234193191367353e+02
6.219999999999999751e+00 4.086507154190276196e+02
6.224000000000000199e+00 4.095113698030380078e+02
6.227999999999999758e+00 4.086419702352226864e+02
6.232000000000000206e+00 4.084062364744693809e+02
6.235999999999999766e+00 4.085096273264144884e+02
6.240000000000000213e+00 4.087015042522180011e+02
6.243999999999999773e+00 4.088376371770614242e+02
6.248000000000000220e+00 4.088435022105114172e+02
6.251999999999999780e+00 4.087557754490192679e+02
6.256000000000000227e+00 4.086402814197872999e+02
6.259999999999999787e+00 4.085919996265649843e+02
6.264000000000000234e+00 4.086703004414409861e+02
6.267999999999999794e+00 4.088521033867986034e+02
6.272000000000000242e+00 4.090146289621670235e+02
6.275999999999999801e+00 4.090265226739735454e+02
6.280000000000000249e+00 4.089244082522993722e+02
6.283999999999999808e+00 4.088442222481001522e+02
6.288000000000000256e+00 4.088380299248370875e+02
6.291999999999999815e+00 4.085535954399007323e+02
6.296000000000000263e+00 4.086710073874372142e+02
6.299999999999999822e+00 4.086557818653337222e+02
6.304000000000000270e+00 4.088366553076222090e+02
6.307999999999999829e+00 4.089376962187095614e+02
6.312000000000000277e+00 4.091195384388446996e+02
6.315999999999999837e+00 4.092808268587198199e+02
6.320000000000000284e+00 4.093366886840125858e+02
6.323999999999999844e+00 4.093051117628486963e+02
6.328000000000000291e+00 4.092246901099840670e+02
6.331999999999999851e+00 4.091662623325569257e+02
6.336000000000000298e+00 4.091979047116833499e+02
6.339999999999999858e+00 4.093158206855320032e+02
6.344000000000000306e+00 4.094627607200026205e+02
6.347999999999999865e+00 4.095619688081367826e+02
6.352000000000000313e+00 4.095253123490742837e+02
6.355999999999999872e+00 4.097222099006100962e+02
6.360000000000000320e+00 4.095044770795749969e+02
6.363999999999999879e+00 4.090761136264481479e+02
6.368000000000000327e+00 4.092192701906798220e+02
6.371999999999999886e+00 4.091343581215799645e+02
6.376000000000000334e+00 4.093257048378863487e+02
6.379999999999999893e+00 4.094230408282898566e+02
6.384000000000000341e+00 4.094052428082557071e+02
6.387999999999999901e+00 4.093770107889813517e+02
6.392000000000000348e+00 4.097039864038190444e+02
6.395999999999999908e+00 4.095162333296600536e+02
6.400000000000000355e+00 4.091503953224198540e+02
6.403999999999999915e+00 4.090235116076934219e+02
6.408000000000000362e+00 4.091161738995664336e+02
6.411999999999999922e+00 4.094015640707569901e+02
6.416000000000000369e+00 4.098157820581634496e+02
6.419999999999999929e+00 4.108029339549208316e+02
6.424000000000000377e+00 4.108200315747550349e+02
6.427999999999999936e+00 4.099620413298229096e+02
6.432000000000000384e+00 4.098565689146667523e+02
6.435999999999999943e+00 4.098479546467870591e+02
6.440000000000000391e+00 4.097397264514049766e+02
6.443999999999999950e+00 4.099868368060601824e+02
6.448000000000000398e+00 4.101847489560165059e+02
6.451999999999999957e+00 4.102267795138094471e+02
6.456000000000000405e+00 4.101596392815586682e+02
6.459999999999999964e+00 4.099796691591542412e+02
6.464000000000000412e+00 4.099472936508465182e+02
6.467999999999999972e+00 4.100202661875659373e+02
6.472000000000000419e+00 4.101417692577657022e+02
6.475999999999999979e+00 4.102506258495888574e+02
6.480000000000000426e+00 4.103079473874478822e+02
6.483999999999999986e+00 4.099905875473178298e+02
6.488000000000000433e+00 4.098935133887647453e+02
6.491999999999999993e+00 4.098251163636318779e+02
6.496000000000000441e+00 4.104399695522392904e+02
6.500000000000000000e+00 4.102386208592458843e+02
6.504000000000000448e+00 4.103590242356737008e+02
6.508000000000000007e+00 4.103675141334244927e+02
6.512000000000000455e+00 4.104320622303557684e+02
6.516000000000000014e+00 4.103920805067925812e+02
6.520000000000000462e+00 4.105948823665560212e+02
6.524000000000000021e+00 4.107488133114335369e+02
6.528000000000000469e+00 4.109298634902210665e+02
6.532000000000000028e+00 4.109561383164133872e+02
6.536000000000000476e+00 4.108306684936794113e+02
6.540000000000000036e+00 4.109635808867623155e+02
6.544000000000000483e+00 4.111097812462554657e+02
6.548000000000000043e+00 4.111712200899627305e+02
6.552000000000000490e+00 4.111251965964504507e+02
6.556000000000000050e+00 4.112321352699691488e+02
6.560000000000000497e+00 4.113193972799267044e+02
6.564000000000000057e+00 4.114295237562245120e+02
6.568000000000000504e+00 4.115884033230755108e+02
6.572000000000000064e+00 4.117595628037124698e+02
6.576000000000000512e+00 4.118989489892976508e+02
6.580000000000000071e+00 4.115904194283239690e+02
6.584000000000000519e+00 4.118664294734721807e+02
6.588000000000000078e+00 4.118984253255968042e+02
6.592000000000000526e+00 4.119497443682843141e+02
6.596000000000000085e+00 4.118596807575269168e+02
6.600000000000000533e+00 4.118892612108311369e+02
6.604000000000000092e+00 4.117314355171782267e+02
6.608000000000000540e+00 4.115835070674721692e+02
6.612000000000000099e+00 4.114284306082489024e+02
6.616000000000000547e+00 4.113946673911338507e+02
6.620000000000000107e+00 4.114563746124878207e+02
6.624000000000000554e+00 4.114780281065197869e+02
6.628000000000000114e+00 4.116684584113495475e+02
6.632000000000000561e+00 4.115450177854565368e+02
6.636000000000000121e+00 4.116648582234059290e+02
6.640000000000000568e+00 4.120147048503800988e+02
6.644000000000000128e+00 4.122504451569296862e+02
6.648000000000000576e+00 4.121060645287971624e+02
6.652000000000000135e+00 4.120506412718539195e+02
6.656000000000000583e+00 4.118050102671537047e+02
6.660000000000000142e+00 4.116518059056611492e+02
6.663999999999999702e+00 4.116073403116590725e+02
6.668000000000000149e+00 4.118394149723023929e+02
6.671999999999999709e+00 4.121975747605282550e+02
6.676000000000000156e+00 4.120665868315460898e+02
6.679999999999999716e+00 4.127361759684893627e+02
6.684000000000000163e+00 4.121686357952576145e+02
6.687999999999999723e+00 4.118404164791303401e+02
6.692000000000000171e+00 4.117494953690627426e+02
6.695999999999999730e+00 4.117522707866775136e+02
6.700000000000000178e+00 4.118544703037030672e+02
6.703999999999999737e+00 4.119556748596969555e+02
6.708000000000000185e+00 4.120444096738132771e+02
6.711999999999999744e+00 4.121703507938780717e+02
6.716000000000000192e+00 4.122611671712054431e+02
6.719999999999999751e+00 4.124464393885814388e+02
6.724000000000000199e+00 4.124930061831833541e+02
6.727999999999999758e+00 4.125032896291096449e+02
6.732000000000000206e+00 4.125321500448251300e+02
6.735999999999999766e+00 4.125123031905612834e+02
6.740000000000000213e+00 4.125627581881423112e+02
6.743999999999999773e+00 4.125635044089161170e+02
6.748000000000000220e+00 4.127698409986605270e+02
6.751999999999999780e+00 4.129930657427587448e+02
6.756000000000000227e+00 4.131210556970532934e+02
6.759999999999999787e+00 4.131442867279841948e+02
6.764000000000000234e+00 4.130831686282937198e+02
6.767999999999999794e+00 4.131522987826078293e+02
6.772000000000000242e+00 4.134846288587871186e+02
6.775999999999999801e+00 4.133549566348534654e+02
6.780000000000000249e+00 4.133363796650643280e+02
6.783999999999999808e+00 4.133144381559968679e+02
6.788000000000000256e+00 4.132745873483589207e+02
6.791999999999999815e+00 4.132293820793793202e+02
6.796000000000000263e+00 4.131825861819082775e+02
6.799999999999999822e+00 4.130087560163967737e+02
6.804000000000000270e+00 4.130799219133481301e+02
6.807999999999999829e+00 4.132118589827881578e+02
6.812000000000000277e+00 4.134126381915068578e+02
6.815999999999999837e+00 4.136438618986362599e+02
6.820000000000000284e+00 4.137578503947281661e+02
6.823999999999999844e+00 4.138191845056952616e+02
6.828000000000000291e+00 4.139686381259301697e+02
6.831999999999999851e+00 4.140577329588408588e+02
6.836000000000000298e+00 4.140777630954000301e+02
6.839999999999999858e+00 4.140685400684680531e+02
6.844000000000000306e+00 4.135333557661552391e+02
6.847999999999999865e+00 4.140792882659288807e+02
6.852000000000000313e+00 4.142871565719984233e+02
6.855999999999999872e+00 4.146932446804485153e+02
6.860000000000000320e+00 4.141932243956507023e+02
6.863999999999999879e+00 4.141567839478648239e+02
6.868000000000000327e+00 4.143714926110272927e+02
6.871999999999999886e+00 4.148264516343632522e+02
6.876000000000000334e+00 4.156056304923109224e+02
6.879999999999999893e+00 4.155940837077062042e+02
6.884000000000000341e+00 4.156149451603905618e+02
6.887999999999999901e+00 4.154311653845621208e+02
6.892000000000000348e+00 4.152157105006258462e+02
6.895999999999999908e+00 4.151858813070637666e+02
6.900000000000000355e+00 4.147961053228964374e+02
6.903999999999999915e+00 4.150932975647458534e+02
6.908000000000000362e+00 4.154315581323377842e+02
6.911999999999999922e+00 4.156479097903617799e+02
6.916000000000000369e+00 4.156912691447957400e+02
6.919999999999999929e+00 4.156119864604805230e+02
6.924000000000000377e+00 4.149549979813399432e+02
6.927999999999999936e+00 4.149503766491795886e+02
6.932000000000000384e+00 4.152939785865206090e+02
6.935999999999999943e+00 4.154486164773943528e+02
6.940000000000000391e+00 4.166709261048341091e+02
6.943999999999999950e+00 4.166782181218690084e+02
6.948000000000000398e+00 4.165671621425021272e+02
6.951999999999999957e+00 4.157062721098263296e+02
6.956000000000000405e+00 4.161044136216153788e+02
6.959999999999999964e+00 4.160528458386698958e+02
6.964000000000000412e+00 4.163301388598853237e+02
6.967999999999999972e+00 4.162356764740404742e+02
6.972000000000000419e+00 4.160089104541649476e+02
6.975999999999999979e+00 4.155350864460043567e+02
6.980000000000000426e+00 4.153200832220101120e+02
6.983999999999999986e+00 4.153588997938388729e+02
6.988000000000000433e+00 4.155217592048165898e+02
6.991999999999999993e+00 4.151678934589380674e+02
6.996000000000000441e+00 4.151803173802417746e+02
7.000000000000000000e+00 4.152866734778931459e+02
7.004000000000000448e+00 4.165080274190787577e+02
7.008000000000000007e+00 4.166963499775124546e+02
7.012000000000000455e+00 4.167613235512008032e+02
7.016000000000000014e+00 4.166698264110622176e+02
7.020000000000000462e+00 4.165960945619764288e+02
7.024000000000000021e+00 4.174357042110071916e+02
7.028000000000000469e+00 4.175283861402690491e+02
7.032000000000000028e+00 4.177439392111491543e+02
7.036000000000000476e+00 4.179601861364329807e+02
7.040000000000000036e+00 4.174171926991806458e+02
7.044000000000000483e+00 4.174478270256828978e+02
7.048000000000000043e+00 4.173880311768371598e+02
7.052000000000000490e+00 4.178727146609950864e+02
7.056000000000000050e+00 4.175227174807068877e+02
7.060000000000000497e+00 4.159649947070488452e+02
7.064000000000000057e+00 4.172364174438361033e+02
7.068000000000000504e+00 4.172240458889024808e+02
7.072000000000000064e+00 4.160005383807469457e+02
7.076000000000000512e+00 4.168897651654373249e+02
7.080000000000000071e+00 4.175141948539748569e+02
7.084000000000000519e+00 4.177459029500275278e+02
7.088000000000000078e+00 4.181129126547984924e+02
7.092000000000000526e+00 4.185044690955488136e+02
7.096000000000000085e+00 4.183054441602281486e+02
7.100000000000000533e+00 4.183722112820919961e+02
7.104000000000000092e+00 4.181603827692844675e+02
7.108000000000000540e+00 4.180148173520286718e+02
7.112000000000000099e+00 4.179980993883776819e+02
7.116000000000000547e+00 4.175970515430486785e+02
7.120000000000000107e+00 4.172923840018690385e+02
7.124000000000000554e+00 4.170074454906205688e+02
7.128000000000000114e+00 4.173970905588626010e+02
7.132000000000000561e+00 4.174308799591627803e+02
7.136000000000000121e+00 4.174294267923927464e+02
7.140000000000000568e+00 4.176122967025409025e+02
7.144000000000000128e+00 4.174034007064583420e+02
7.148000000000000576e+00 4.180878684383033033e+02
7.152000000000000135e+00 4.180628242218080572e+02
7.156000000000000583e+00 4.164958587838292488e+02
7.160000000000000142e+00 4.167632349237090352e+02
7.164000000000000590e+00 4.165742577856492517e+02
7.168000000000000149e+00 4.165514915062528871e+02
7.171999999999999709e+00 4.170438924842027291e+02
7.176000000000000156e+00 4.183837646124929392e+02
7.179999999999999716e+00 4.186116237803440754e+02
7.184000000000000163e+00 4.186685722078162257e+02
7.187999999999999723e+00 4.186813103273404408e+02
7.192000000000000171e+00 4.185008950907902090e+02
7.195999999999999730e+00 4.186510294738362745e+02
7.200000000000000178e+00 4.192191784061203066e+02
7.203999999999999737e+00 4.198744518866404292e+02
7.208000000000000185e+00 4.199348892235197468e+02
7.211999999999999744e+00 4.198741769631974421e+02
7.216000000000000192e+00 4.196394839840496616e+02
7.219999999999999751e+00 4.185600756347873812e+02
7.224000000000000199e+00 4.189991218274124662e+02
7.227999999999999758e+00 4.184066748994069940e+02
7.232000000000000206e+00 4.186232622060964559e+02
7.235999999999999766e+00 4.186370476530224778e+02
7.240000000000000213e+00 4.196271124291160959e+02
7.243999999999999773e+00 4.195646524411920382e+02
7.248000000000000220e+00 4.180633020649351010e+02
7.251999999999999780e+00 4.180525996880481330e+02
7.256000000000000227e+00 4.180478605315550453e+02
7.259999999999999787e+00 4.182063211674453100e+02
7.264000000000000234e+00 4.199294496668267129e+02
7.267999999999999794e+00 4.196277277339646048e+02
7.272000000000000242e+00 4.170828006971790956e+02
7.275999999999999801e+00 4.176043304684910709e+02
7.280000000000000249e+00 4.174708878659109814e+02
7.283999999999999808e+00 4.180319215176591001e+02
7.288000000000000256e+00 4.183324455698054294e+02
7.291999999999999815e+00 4.189778087147861356e+02
7.296000000000000263e+00 4.189777498026197691e+02
7.299999999999999822e+00 4.189593233861446038e+02
7.304000000000000270e+00 4.190712303190254602e+02
7.307999999999999829e+00 4.193679709009328462e+02
7.312000000000000277e+00 4.202121036951800761e+02
7.315999999999999837e+00 4.202961713565621835e+02
7.320000000000000284e+00 4.200172942526515385e+02
7.323999999999999844e+00 4.198565687712548993e+02
7.328000000000000291e+00 4.206152527411089181e+02
7.331999999999999851e+00 4.190701371710498506e+02
7.336000000000000298e+00 4.194500224570665523e+02
7.339999999999999858e+00 4.197116710252178109e+02
7.344000000000000306e+00 4.210272451577865809e+02
7.347999999999999865e+00 4.207707677686816510e+02
7.352000000000000313e+00 4.204454809692793447e+02
7.355999999999999872e+00 4.201894356027276558e+02
7.360000000000000320e+00 4.209824391823789256e+02
7.363999999999999879e+00 4.201840287750159177e+02
7.368000000000000327e+00 4.200008904872210564e+02
7.371999999999999886e+00 4.203463972512740838e+02
7.376000000000000334e+00 4.205858097495262200e+02
7.379999999999999893e+00 4.213048065566487139e+02
7.384000000000000341e+00 4.202286318307395163e+02
7.387999999999999901e+00 4.201410228935800433e+02
7.392000000000000348e+00 4.202049556856628669e+02
7.395999999999999908e+00 4.204208098631710300e+02
7.400000000000000355e+00 4.206663819557048782e+02
7.403999999999999915e+00 4.208635871596649736e+02
7.408000000000000362e+00 4.209868314116701526e+02
7.411999999999999922e+00 4.209970886744114296e+02
7.416000000000000369e+00 4.210778703460704264e+02
7.419999999999999929e+00 4.212132112295662409e+02
7.424000000000000377e+00 4.213132964543994490e+02
7.427999999999999936e+00 4.212559421875591283e+02
7.432000000000000384e+00 4.211050288547580180e+02
7.435999999999999943e+00 4.209518506764504764e+02
7.440000000000000391e+00 4.208400746594948600e+02
7.443999999999999950e+00 4.208945291385914516e+02
7.448000000000000398e+00 4.211883895701439542e+02
7.451999999999999957e+00 4.215229255796632515e+02
7.456000000000000405e+00 4.217739568662789225e+02
7.459999999999999964e+00 4.218131072737169234e+02
7.464000000000000412e+00 4.216411164769548350e+02
7.467999999999999972e+00 4.214218650311871670e+02
7.472000000000000419e+00 4.213046036369646572e+02
7.475999999999999979e+00 4.213110185173005675e+02
7.480000000000000426e+00 4.227744490958165784e+02
7.483999999999999986e+00 4.228790050994961121e+02
7.488000000000000433e+00 4.229602777058747733e+02
7.491999999999999993e+00 4.238718911137783039e+02
7.496000000000000441e+00 4.248201151601705874e+02
7.500000000000000000e+00 4.247200953932999710e+02
7.504000000000000448e+00 4.245149632300676217e+02
7.508000000000000007e+00 4.228706853924481948e+02
7.512000000000000455e+00 4.228491039021751021e+02
7.516000000000000014e+00 4.221037013529350475e+02
7.520000000000000462e+00 4.219915718629812886e+02
7.524000000000000021e+00 4.219204190576224391e+02
7.528000000000000469e+00 4.219243596269716932e+02
7.532000000000000028e+00 4.225406856197378715e+02
7.536000000000000476e+00 4.226586146851789749e+02
7.540000000000000036e+00 4.229390758717848371e+02
7.544000000000000483e+00 4.224630786592654772e+02
7.548000000000000043e+00 4.228453007945473701e+02
7.552000000000000490e+00 4.230485215852714873e+02
7.556000000000000050e+00 4.230341731998670411e+02
7.560000000000000497e+00 4.242468081404327904e+02
7.564000000000000057e+00 4.232378521963294133e+02
7.568000000000000504e+00 4.241701634120107656e+02
7.572000000000000064e+00 4.241152900019534400e+02
7.576000000000000512e+00 4.242343056695739278e+02
7.580000000000000071e+00 4.246155393896203805e+02
7.584000000000000519e+00 4.251915367316215679e+02
7.588000000000000078e+00 4.257597838508494874e+02
7.592000000000000526e+00 4.260170009149319412e+02
7.596000000000000085e+00 4.259435832640667172e+02
7.600000000000000533e+00 4.257827268667448948e+02
7.604000000000000092e+00 4.257062981495995473e+02
7.608000000000000540e+00 4.257945616663850501e+02
7.612000000000000099e+00 4.260398261064946155e+02
7.616000000000000547e+00 4.262528328626291909e+02
7.620000000000000107e+00 4.262703755966090853e+02
7.624000000000000554e+00 4.262277100965787895e+02
7.628000000000000114e+00 4.262933120667082108e+02
7.632000000000000561e+00 4.263968469261710652e+02
7.636000000000000121e+00 4.264137809010986757e+02
7.640000000000000568e+00 4.262296345606795853e+02
7.644000000000000128e+00 4.258207055766521307e+02
7.648000000000000576e+00 4.254148400252749411e+02
7.652000000000000135e+00 4.253485638381306444e+02
7.656000000000000583e+00 4.257428040553480173e+02
7.660000000000000142e+00 4.257144934865185064e+02
7.664000000000000590e+00 4.263320369973892525e+02
7.668000000000000149e+00 4.266019790894034145e+02
7.672000000000000597e+00 4.263993146913614964e+02
7.676000000000000156e+00 4.259596008275177610e+02
7.679999999999999716e+00 4.256210064243165334e+02
7.684000000000000163e+00 4.261351656290385108e+02
7.687999999999999723e+00 4.265274944737476517e+02
7.692000000000000171e+00 4.260512419751740936e+02
7.695999999999999730e+00 4.256727836727423551e+02
7.700000000000000178e+00 4.257854499179895242e+02
7.703999999999999737e+00 4.255910790438105096e+02
7.708000000000000185e+00 4.255943192129597605e+02
7.711999999999999744e+00 4.258410564572280919e+02
7.716000000000000192e+00 4.261762077715959549e+02
7.719999999999999751e+00 4.263872442430559317e+02
7.724000000000000199e+00 4.264814644344390899e+02
7.727999999999999758e+00 4.271514921397318858e+02
7.732000000000000206e+00 4.279798757481747771e+02
7.735999999999999766e+00 4.279888958554226406e+02
7.740000000000000213e+00 4.276278690084344021e+02
7.743999999999999773e+00 4.282293687726690337e+02
7.748000000000000220e+00 4.274629934922081702e+02
7.751999999999999780e+00 4.270367966976437515e+02
7.756000000000000227e+00 4.271921611719025123e+02
7.759999999999999787e+00 4.272897000819901336e+02
7.764000000000000234e+00 4.276889543791435813e+02
7.767999999999999794e+00 4.281225610150756324e+02
7.772000000000000242e+00 4.279685907954204822e+02
7.775999999999999801e+00 4.281121728364091723e+02
7.780000000000000249e+00 4.279802030379877920e+02
7.783999999999999808e+00 4.276722560528813233e+02
7.788000000000000256e+00 4.267065612762680189e+02
7.791999999999999815e+00 4.278378974272700930e+02
7.796000000000000263e+00 4.290760609732543571e+02
7.799999999999999822e+00 4.285621243256053390e+02
7.804000000000000270e+00 4.288629429385833873e+02
7.807999999999999829e+00 4.288486731027340397e+02
7.812000000000000277e+00 4.293714073005580758e+02
7.815999999999999837e+00 4.305839833289574585e+02
7.820000000000000284e+00 4.309187091665683624e+02
7.823999999999999844e+00 4.310584062774760241e+02
7.828000000000000291e+00 4.310546228072370809e+02
7.831999999999999851e+00 4.305160445095628461e+02
7.836000000000000298e+00 4.303806250765118762e+02
7.839999999999999858e+00 4.303480401027238145e+02
7.844000000000000306e+00 4.308650401830230976e+02
7.847999999999999865e+00 4.306798006946283977e+02
7.852000000000000313e+00 4.313028001266828255e+02
7.855999999999999872e+00 4.315403274356117436e+02
7.860000000000000320e+00 4.312880851766877299e+02
7.863999999999999879e+00 4.311083572487449374e+02
7.868000000000000327e+00 4.311124221882231495e+02
7.871999999999999886e+00 4.310863175527335898e+02
7.876000000000000334e+00 4.309578988487839979e+02
7.879999999999999893e+00 4.306662705337565740e+02
7.884000000000000341e+00 4.304026516809307168e+02
7.887999999999999901e+00 4.301865814921459332e+02
7.892000000000000348e+00 4.300855929474287223e+02
7.895999999999999908e+00 4.300783402051713438e+02
7.900000000000000355e+00 4.302271261541876015e+02
7.903999999999999915e+00 4.305738046157713939e+02
7.908000000000000362e+00 4.309921235445354455e+02
7.911999999999999922e+00 4.314869530128981978e+02
7.916000000000000369e+00 4.318055892832991276e+02
7.919999999999999929e+00 4.319823977861094590e+02
7.924000000000000377e+00 4.317972433930661396e+02
7.927999999999999936e+00 4.319463239029141732e+02
7.932000000000000384e+00 4.321594779394645798e+02
7.935999999999999943e+00 4.318211944615857760e+02
7.940000000000000391e+00 4.311714652704988566e+02
7.943999999999999950e+00 4.305901101942579317e+02
7.948000000000000398e+00 4.320413688646262926e+02
7.951999999999999957e+00 4.313963002804773055e+02
7.956000000000000405e+00 4.308773135510127759e+02
7.959999999999999964e+00 4.310047634771157732e+02
7.964000000000000412e+00 4.316394667928851732e+02
7.967999999999999972e+00 4.314234915181461929e+02
7.972000000000000419e+00 4.312273401873841294e+02
7.975999999999999979e+00 4.312380491100674362e+02
7.980000000000000426e+00 4.316322369609147245e+02
7.983999999999999986e+00 4.320509519103526372e+02
7.988000000000000433e+00 4.322053116048852530e+02
7.991999999999999993e+00 4.320824044613875117e+02
7.996000000000000441e+00 4.297894349413885493e+02
8.000000000000000000e+00 4.311632437503948267e+02
8.003999999999999559e+00 4.309045113344778883e+02
8.008000000000000895e+00 4.312027345392384063e+02
8.012000000000000455e+00 4.305045566371244945e+02
8.016000000000000014e+00 4.327237484874638653e+02
8.019999999999999574e+00 4.320917845874297427e+02
8.024000000000000909e+00 4.303754538974655475e+02
8.028000000000000469e+00 4.300380901039613946e+02
8.032000000000000028e+00 4.304681685557087008e+02
8.035999999999999588e+00 4.305996212362254028e+02
8.040000000000000924e+00 4.306003936401842225e+02
8.044000000000000483e+00 4.308926765348377330e+02
8.048000000000000043e+00 4.310867364836943239e+02
8.051999999999999602e+00 4.317849536605858134e+02
8.056000000000000938e+00 4.320284932833805556e+02
8.060000000000000497e+00 4.325808832111658262e+02
8.064000000000000057e+00 4.337167719634675223e+02
8.067999999999999616e+00 4.336779161168612404e+02
8.072000000000000952e+00 4.339189159707066779e+02
8.076000000000000512e+00 4.337055491957777917e+02
8.080000000000000071e+00 4.327836261587628996e+02
8.083999999999999631e+00 4.324857138793247486e+02
8.088000000000000966e+00 4.320006638305762294e+02
8.092000000000000526e+00 4.328002557541643682e+02
8.096000000000000085e+00 4.330576495547458649e+02
8.099999999999999645e+00 4.331709572880266137e+02
8.104000000000000981e+00 4.333797354597764411e+02
8.108000000000000540e+00 4.316032129002927036e+02
8.112000000000000099e+00 4.329740990112683789e+02
8.115999999999999659e+00 4.346900827740307136e+02
8.120000000000000995e+00 4.352152454622676601e+02
8.124000000000000554e+00 4.352678311165317382e+02
8.128000000000000114e+00 4.357478998143254785e+02
8.131999999999999673e+00 4.362201397397909659e+02
8.136000000000001009e+00 4.352242099302472980e+02
8.140000000000000568e+00 4.348364958719022866e+02
8.144000000000000128e+00 4.345803359539160056e+02
8.147999999999999687e+00 4.346490308127787898e+02
8.152000000000001023e+00 4.349776723327649393e+02
8.156000000000000583e+00 4.341564792815149758e+02
8.160000000000000142e+00 4.340748401105457219e+02
8.163999999999999702e+00 4.317183436378322199e+02
8.168000000000001037e+00 4.312300108722587311e+02
8.172000000000000597e+00 4.308845401100850836e+02
8.176000000000000156e+00 4.302242067290551404e+02
8.179999999999999716e+00 4.291132410960177594e+02
8.184000000000001052e+00 4.282998473610130077e+02
8.188000000000000611e+00 4.276077079559499907e+02
8.192000000000000171e+00 4.340705755242815940e+02
8.195999999999999730e+00 4.342598406773769284e+02
8.199999999999999289e+00 4.339885730616198316e+02
8.204000000000000625e+00 4.340311829223819018e+02
8.208000000000000185e+00 4.341752755354789315e+02
8.211999999999999744e+00 4.342680131040089577e+02
8.215999999999999304e+00 4.342804566627014538e+02
8.220000000000000639e+00 4.344284080226943843e+02
8.224000000000000199e+00 4.343165829122668242e+02
8.227999999999999758e+00 4.342290099769868448e+02
8.231999999999999318e+00 4.348744189425413538e+02
8.236000000000000654e+00 4.347324242571460218e+02
8.240000000000000213e+00 4.347451623766702937e+02
8.243999999999999773e+00 4.344078771327212394e+02
8.247999999999999332e+00 4.344385834629823648e+02
8.252000000000000668e+00 4.342061618751372407e+02
8.256000000000000227e+00 4.344095004901940342e+02
8.259999999999999787e+00 4.346447433162277321e+02
8.263999999999999346e+00 4.351696179894291845e+02
8.268000000000000682e+00 4.353276727859512789e+02
8.272000000000000242e+00 4.353389708302980807e+02
8.275999999999999801e+00 4.352760690011264160e+02
8.279999999999999361e+00 4.352714345773734976e+02
8.284000000000000696e+00 4.353761902278390608e+02
8.288000000000000256e+00 4.355149709272700989e+02
8.291999999999999815e+00 4.355646175190129270e+02
8.295999999999999375e+00 4.354650690494731293e+02
8.300000000000000711e+00 4.357838820563731588e+02
8.304000000000000270e+00 4.357567955514444407e+02
8.307999999999999829e+00 4.361340363357716114e+02
8.311999999999999389e+00 4.362819516938851052e+02
8.316000000000000725e+00 4.364433186633153241e+02
8.320000000000000284e+00 4.361905396490979570e+02
8.323999999999999844e+00 4.361338792366613006e+02
8.327999999999999403e+00 4.358792804910833638e+02
8.332000000000000739e+00 4.357585170958611229e+02
8.336000000000000298e+00 4.357734971506047827e+02
8.339999999999999858e+00 4.356241711733969737e+02
8.343999999999999417e+00 4.356530414078068247e+02
8.348000000000000753e+00 4.358318954719487692e+02
8.352000000000000313e+00 4.361055588491374237e+02
8.355999999999999872e+00 4.362716289731812367e+02
8.359999999999999432e+00 4.362971052122297237e+02
8.364000000000000767e+00 4.369935190222512347e+02
8.368000000000000327e+00 4.369715775131838313e+02
8.371999999999999886e+00 4.369566334603196083e+02
8.375999999999999446e+00 4.364629004128306065e+02
8.380000000000000782e+00 4.366930735196600608e+02
8.384000000000000341e+00 4.368594218400450018e+02
8.387999999999999901e+00 4.370123250949095564e+02
8.391999999999999460e+00 4.377306869597947525e+02
8.396000000000000796e+00 4.370884821615101146e+02
8.400000000000000355e+00 4.365603214985854947e+02
8.403999999999999915e+00 4.369680689663878184e+02
8.407999999999999474e+00 4.369434764098346591e+02
8.412000000000000810e+00 4.368839227554505555e+02
8.416000000000000369e+00 4.367872413446731912e+02
8.419999999999999929e+00 4.366966606160111724e+02
8.423999999999999488e+00 4.369073043396954290e+02
8.428000000000000824e+00 4.368219700667367533e+02
8.432000000000000384e+00 4.369064337487927219e+02
8.435999999999999943e+00 4.369858768051163338e+02
8.439999999999999503e+00 4.370988114280102081e+02
8.444000000000000838e+00 4.371359686404866807e+02
8.448000000000000398e+00 4.371345874774755771e+02
8.451999999999999957e+00 4.373641289149658178e+02
8.455999999999999517e+00 4.372671463975604524e+02
8.460000000000000853e+00 4.371992926735172205e+02
8.464000000000000412e+00 4.369965497259201470e+02
8.467999999999999972e+00 4.371760812799751079e+02
8.471999999999999531e+00 4.374065358560437744e+02
8.476000000000000867e+00 4.377943055536570682e+02
8.480000000000000426e+00 4.377615896639437096e+02
8.483999999999999986e+00 4.378699487752510322e+02
8.487999999999999545e+00 4.379741185769512413e+02
8.492000000000000881e+00 4.378561044161587006e+02
8.496000000000000441e+00 4.378172518424505597e+02
8.500000000000000000e+00 4.378941714943155148e+02
8.503999999999999559e+00 4.380129940609462551e+02
8.508000000000000895e+00 4.380405976837795947e+02
8.512000000000000455e+00 4.381275913160905020e+02
8.516000000000000014e+00 4.378833807491789685e+02
8.519999999999999574e+00 4.377298916455490598e+02
8.524000000000000909e+00 4.375435851923638211e+02
8.528000000000000469e+00 4.377301469316032581e+02
8.532000000000000028e+00 4.382105429192100701e+02
8.535999999999999588e+00 4.384810741328877270e+02
8.540000000000000924e+00 4.385534477292492852e+02
8.544000000000000483e+00 4.376801272294735554e+02
8.548000000000000043e+00 4.382332862883195048e+02
8.551999999999999602e+00 4.382115804279174540e+02
8.556000000000000938e+00 4.382026912365948306e+02
8.560000000000000497e+00 4.377174251765696908e+02
8.564000000000000057e+00 4.381415993200893695e+02
8.567999999999999616e+00 4.379016893413214575e+02
8.572000000000000952e+00 4.379509366394922836e+02
8.576000000000000512e+00 4.379543502722424932e+02
8.580000000000000071e+00 4.378273160042020891e+02
8.583999999999999631e+00 4.382501940800621014e+02
8.588000000000000966e+00 4.382440999437429241e+02
8.592000000000000526e+00 4.382984922377750650e+02
8.596000000000000085e+00 4.383561672486322323e+02
8.599999999999999645e+00 4.382211471091531507e+02
8.604000000000000981e+00 4.382778206131823140e+02
8.608000000000000540e+00 4.385294410214614800e+02
8.612000000000000099e+00 4.384865038708863949e+02
8.615999999999999659e+00 4.384241780717857182e+02
8.620000000000000995e+00 4.384165194901601126e+02
8.624000000000000554e+00 4.384696582642082490e+02
8.628000000000000114e+00 4.385616201558813714e+02
8.631999999999999673e+00 4.391278478969627486e+02
8.636000000000001009e+00 4.395271414688937739e+02
8.640000000000000568e+00 4.394016585545672342e+02
8.644000000000000128e+00 4.393692601359725813e+02
8.647999999999999687e+00 4.393013344081704759e+02
8.652000000000001023e+00 4.391122656289630299e+02
8.656000000000000583e+00 4.389987517031000266e+02
8.660000000000000142e+00 4.390221594705299708e+02
8.663999999999999702e+00 4.394166615195978238e+02
8.668000000000001037e+00 4.395281233383329322e+02
8.672000000000000597e+00 4.391300407387102496e+02
8.676000000000000156e+00 4.395476461756818480e+02
8.679999999999999716e+00 4.388134860315203127e+02
8.684000000000001052e+00 4.399561725932392164e+02
8.688000000000000611e+00 4.402907446046380073e+02
8.692000000000000171e+00 4.405665910048797400e+02
8.695999999999999730e+00 4.407892299002126038e+02
8.700000000000001066e+00 4.409810937344235526e+02
8.704000000000000625e+00 4.412509310936975453e+02
8.708000000000000185e+00 4.409920710347535078e+02
8.711999999999999744e+00 4.407213630845768080e+02
8.715999999999999304e+00 4.407549528380910147e+02
8.720000000000000639e+00 4.409253366418709561e+02
8.724000000000000199e+00 4.409618163644344122e+02
8.727999999999999758e+00 4.408140155577554538e+02
8.731999999999999318e+00 4.406458769620930980e+02
8.736000000000000654e+00 4.404874163262028333e+02
8.740000000000000213e+00 4.405028774969716778e+02
8.743999999999999773e+00 4.408002530211163617e+02
8.747999999999999332e+00 4.410769503748720695e+02
8.752000000000000668e+00 4.412769702712244566e+02
8.756000000000000227e+00 4.411505938557082800e+02
8.759999999999999787e+00 4.410731243569574076e+02
8.763999999999999346e+00 4.409780008456901896e+02
8.768000000000000682e+00 4.409365234076813067e+02
8.772000000000000242e+00 4.409816304897169630e+02
8.775999999999999801e+00 4.411017785800906381e+02
8.779999999999999361e+00 4.412532646700646524e+02
8.784000000000000696e+00 4.414324656614084006e+02
8.788000000000000256e+00 4.415212201129135110e+02
8.791999999999999815e+00 4.416055496061460985e+02
8.795999999999999375e+00 4.416873033285499446e+02
8.800000000000000711e+00 4.417203497809744022e+02
8.804000000000000270e+00 4.416724607355277499e+02
8.807999999999999829e+00 4.416019494182024800e+02
8.811999999999999389e+00 4.415492753956888805e+02
8.816000000000000725e+00 4.414325933044354997e+02
8.820000000000000284e+00 4.415736257577804054e+02
8.823999999999999844e+00 4.418830160909624851e+02
8.827999999999999403e+00 4.419778581329904910e+02
8.832000000000000739e+00 4.419165731154953392e+02
8.836000000000000298e+00 4.417738780299000609e+02
8.839999999999999858e+00 4.416674826574711119e+02
8.843999999999999417e+00 4.418189818390376331e+02
8.848000000000000753e+00 4.420260777411483559e+02
8.852000000000000313e+00 4.418668839760768492e+02
8.855999999999999872e+00 4.418748894849042586e+02
8.859999999999999432e+00 4.418874050473555712e+02
8.864000000000000767e+00 4.418189360184638304e+02
8.868000000000000327e+00 4.417468995306097099e+02
8.871999999999999886e+00 4.414648935360862083e+02
8.875999999999999446e+00 4.423227855940743893e+02
8.880000000000000782e+00 4.423613272424601632e+02
8.884000000000000341e+00 4.424656214142892736e+02
8.887999999999999901e+00 4.425264514989442546e+02
8.891999999999999460e+00 4.425530797981347177e+02
8.896000000000000796e+00 4.423252435405704546e+02
8.900000000000000355e+00 4.423633957140786492e+02
8.903999999999999915e+00 4.428824413557095454e+02
8.907999999999999474e+00 4.429269494973873407e+02
8.912000000000000810e+00 4.429082808864504841e+02
8.916000000000000369e+00 4.425455554053324931e+02
8.919999999999999929e+00 4.427286707828404246e+02
8.923999999999999488e+00 4.426083819578471434e+02
8.928000000000000824e+00 4.424431824247059808e+02
8.932000000000000384e+00 4.423882926501580073e+02
8.935999999999999943e+00 4.424524512722118175e+02
8.939999999999999503e+00 4.420809707885944704e+02
8.944000000000000838e+00 4.425236433523482447e+02
8.948000000000000398e+00 4.426697815267768874e+02
8.951999999999999957e+00 4.427725930757528658e+02
8.955999999999999517e+00 4.428506942438428950e+02
8.960000000000000853e+00 4.429511623977574004e+02
8.964000000000000412e+00 4.429775026819123127e+02
8.967999999999999972e+00 4.429619367784032420e+02
8.971999999999999531e+00 4.429783339980374990e+02
8.976000000000000867e+00 4.429927772974877485e+02
8.980000000000000426e+00 4.428692286659564274e+02
8.983999999999999986e+00 4.429120578108932023e+02
8.987999999999999545e+00 4.431367488133539041e+02
8.992000000000000881e+00 4.432253756218319722e+02
8.996000000000000441e+00 4.433199067385375542e+02
9.000000000000000000e+00 4.428385387001859499e+02
9.003999999999999559e+00 4.430350271394554511e+02
9.008000000000000895e+00 4.431792833974589598e+02
9.012000000000000455e+00 4.434100521717481911e+02
9.016000000000000014e+00 4.436935735181061204e+02
9.019999999999999574e+00 4.435392432796566595e+02
9.024000000000000909e+00 4.435311657670703767e+02
9.028000000000000469e+00 4.430374392653776567e+02
9.032000000000000028e+00 4.429879825017264352e+02
9.035999999999999588e+00 4.438026199380208823e+02
9.040000000000000924e+00 4.438157508053207607e+02
9.044000000000000483e+00 4.431387780101948692e+02
9.048000000000000043e+00 4.434834698226134151e+02
9.051999999999999602e+00 4.434429153418773808e+02
9.056000000000000938e+00 4.435041807219837438e+02
9.060000000000000497e+00 4.436168633317215608e+02
9.064000000000000057e+00 4.437092048795777828e+02
9.067999999999999616e+00 4.437514416299529785e+02
9.072000000000000952e+00 4.437342752792580427e+02
9.076000000000000512e+00 4.437242896670616119e+02
9.080000000000000071e+00 4.437625531191062578e+02
9.083999999999999631e+00 4.438246825443191028e+02
9.088000000000000966e+00 4.439694853763104447e+02
9.092000000000000526e+00 4.443106228213591748e+02
9.096000000000000085e+00 4.446646358476535852e+02
9.099999999999999645e+00 4.446909106738459059e+02
9.104000000000000981e+00 4.443799068018854541e+02
9.108000000000000540e+00 4.442943336073632850e+02
9.112000000000000099e+00 4.442327442103419912e+02
9.115999999999999659e+00 4.438813724128389140e+02
9.120000000000000995e+00 4.439527412294743840e+02
9.124000000000000554e+00 4.440854899776508091e+02
9.128000000000000114e+00 4.441974230937167363e+02
9.131999999999999673e+00 4.443041719391437709e+02
9.136000000000001009e+00 4.443850485248486279e+02
9.140000000000000568e+00 4.445806991021966610e+02
9.144000000000000128e+00 4.443745065199699980e+02
9.147999999999999687e+00 4.442889398712440538e+02
9.152000000000001023e+00 4.444060278018656618e+02
9.156000000000000583e+00 4.445446775853715167e+02
9.160000000000000142e+00 4.441259495443410970e+02
9.163999999999999702e+00 4.447207398674080423e+02
9.168000000000001037e+00 4.444124394093034311e+02
9.172000000000000597e+00 4.450094258470160185e+02
9.176000000000000156e+00 4.449864828311206679e+02
9.179999999999999716e+00 4.441760445231277572e+02
9.184000000000001052e+00 4.444049772015657140e+02
9.188000000000000611e+00 4.439772617822687266e+02
9.192000000000000171e+00 4.439831562718019313e+02
9.195999999999999730e+00 4.439134075397410584e+02
9.200000000000001066e+00 4.444261004861004949e+02
9.204000000000000625e+00 4.437020830532456444e+02
9.208000000000000185e+00 4.437898687269041034e+02
9.211999999999999744e+00 4.443148481328457819e+02
9.216000000000001080e+00 4.439514778907960135e+02
9.220000000000000639e+00 4.440168474851581095e+02
9.224000000000000199e+00 4.450188976142059119e+02
9.227999999999999758e+00 4.450337762091075433e+02
9.231999999999999318e+00 4.448754333975500117e+02
9.236000000000000654e+00 4.445077854776435515e+02
9.240000000000000213e+00 4.444563977040953091e+02
9.243999999999999773e+00 4.442590288552286779e+02
9.247999999999999332e+00 4.442814122055437451e+02
9.252000000000000668e+00 4.444034880329163002e+02
9.256000000000000227e+00 4.445801394366163777e+02
9.259999999999999787e+00 4.451598777011807329e+02
9.263999999999999346e+00 4.450712410740083556e+02
9.268000000000000682e+00 4.448066992639096497e+02
9.272000000000000242e+00 4.458242792945870860e+02
9.275999999999999801e+00 4.452971986880455688e+02
9.279999999999999361e+00 4.456971697498896674e+02
9.284000000000000696e+00 4.456358650950057267e+02
9.288000000000000256e+00 4.458097279894984695e+02
9.291999999999999815e+00 4.462257362521824007e+02
9.295999999999999375e+00 4.461360981181820193e+02
9.300000000000000711e+00 4.452192218900844409e+02
9.304000000000000270e+00 4.456614558854887491e+02
9.307999999999999829e+00 4.457374787632658695e+02
9.311999999999999389e+00 4.457677890728531906e+02
9.316000000000000725e+00 4.455929934023932333e+02
9.320000000000000284e+00 4.457195825562878895e+02
9.323999999999999844e+00 4.465040373260220576e+02
9.327999999999999403e+00 4.463152303786650350e+02
9.332000000000000739e+00 4.466188211363597134e+02
9.336000000000000298e+00 4.463570252877925668e+02
9.339999999999999858e+00 4.461358690153128919e+02
9.343999999999999417e+00 4.459354956459623622e+02
9.348000000000000753e+00 4.458336954225087538e+02
9.352000000000000313e+00 4.458120026536992668e+02
9.355999999999999872e+00 4.458107262234283326e+02
9.359999999999999432e+00 4.449097824634304743e+02
9.364000000000000767e+00 4.450597073809961444e+02
9.368000000000000327e+00 4.452130164752288692e+02
9.371999999999999886e+00 4.453110757761192531e+02
9.375999999999999446e+00 4.457416844373636877e+02
9.380000000000000782e+00 4.460068775541903960e+02
9.384000000000000341e+00 4.460738737789233710e+02
9.387999999999999901e+00 4.461412922075152210e+02
9.391999999999999460e+00 4.463997235168041584e+02
9.396000000000000796e+00 4.463564492577215788e+02
9.400000000000000355e+00 4.465244274813755965e+02
9.403999999999999915e+00 4.465209582093571612e+02
9.407999999999999474e+00 4.460839608509618301e+02
9.412000000000000810e+00 4.462371652124543857e+02
9.416000000000000369e+00 4.462988331590308348e+02
9.419999999999999929e+00 4.463896004428862625e+02
9.423999999999999488e+00 4.474021336646463283e+02
9.428000000000000824e+00 4.466393127515552806e+02
9.432000000000000384e+00 4.464597288311302350e+02
9.435999999999999943e+00 4.464027280372880000e+02
9.439999999999999503e+00 4.460049596358858253e+02
9.444000000000000838e+00 4.456142083280756196e+02
9.448000000000000398e+00 4.458054175826605388e+02
9.451999999999999957e+00 4.460571721797630289e+02
9.455999999999999517e+00 4.464574672585220014e+02
9.460000000000000853e+00 4.464321350269913182e+02
9.464000000000000412e+00 4.464589760645602041e+02
9.467999999999999972e+00 4.466031210440273185e+02
9.471999999999999531e+00 4.467204282588236310e+02
9.476000000000000867e+00 4.467672241562946738e+02
9.480000000000000426e+00 4.469541328227359713e+02
9.483999999999999986e+00 4.469367308233756830e+02
9.487999999999999545e+00 4.469732269104297870e+02
9.492000000000000881e+00 4.470184190878168806e+02
9.496000000000000441e+00 4.474296783753133013e+02
9.500000000000000000e+00 4.478054823573611429e+02
9.503999999999999559e+00 4.477734046827832799e+02
9.508000000000000895e+00 4.468450045803679700e+02
9.512000000000000455e+00 4.467764275458379188e+02
9.516000000000000014e+00 4.466385010728188831e+02
9.519999999999999574e+00 4.467284664966323362e+02
9.524000000000000909e+00 4.470102793901660903e+02
9.528000000000000469e+00 4.473547028249379309e+02
9.532000000000000028e+00 4.475321855447631378e+02
9.535999999999999588e+00 4.473902988650061161e+02
9.540000000000000924e+00 4.473229524401731396e+02
9.544000000000000483e+00 4.468917317469782802e+02
9.548000000000000043e+00 4.476146298486725073e+02
9.551999999999999602e+00 4.481924927426080671e+02
9.556000000000000938e+00 4.481952681602228381e+02
9.560000000000000497e+00 4.480021868079072647e+02
9.564000000000000057e+00 4.474968316991565871e+02
9.567999999999999616e+00 4.469959735524373627e+02
9.572000000000000952e+00 4.470815794759408277e+02
9.576000000000000512e+00 4.473659681403033801e+02
9.580000000000000071e+00 4.471037762710624293e+02
9.583999999999999631e+00 4.472834125578575595e+02
9.588000000000000966e+00 4.473310332256575634e+02
9.592000000000000526e+00 4.472448578178793355e+02
9.596000000000000085e+00 4.479536595473251168e+02
9.599999999999999645e+00 4.473117722201590709e+02
9.604000000000000981e+00 4.482541017770181497e+02
9.608000000000000540e+00 4.482245115050195636e+02
9.612000000000000099e+00 4.481318983066184956e+02
9.615999999999999659e+00 4.475285068072643639e+02
9.620000000000000995e+00 4.473736332677252108e+02
9.624000000000000554e+00 4.474986448847209317e+02
9.628000000000000114e+00 4.468629760640030213e+02
9.631999999999999673e+00 4.474268276810415728e+02
9.636000000000001009e+00 4.477378413716963905e+02
9.640000000000000568e+00 4.474271811540396584e+02
9.644000000000000128e+00 4.482917990176862304e+02
9.647999999999999687e+00 4.478575672582112475e+02
9.652000000000001023e+00 4.478191008864824880e+02
9.656000000000000583e+00 4.479256009916516064e+02
9.660000000000000142e+00 4.482436154114077453e+02
9.663999999999999702e+00 4.484889060347023815e+02
9.668000000000001037e+00 4.486288289755810297e+02
9.672000000000000597e+00 4.484838559528868700e+02
9.676000000000000156e+00 4.482298365102780053e+02
9.679999999999999716e+00 4.480007303682391466e+02
9.684000000000001052e+00 4.482866802050099864e+02
9.688000000000000611e+00 4.487206468597364051e+02
9.692000000000000171e+00 4.490425985759436003e+02
9.695999999999999730e+00 4.498147177926236395e+02
9.700000000000001066e+00 4.494524537901420445e+02
9.704000000000000625e+00 4.493587310792746621e+02
9.708000000000000185e+00 4.492007810154927938e+02
9.711999999999999744e+00 4.490589434292077158e+02
9.716000000000001080e+00 4.489206373000056374e+02
9.720000000000000639e+00 4.484069853944939155e+02
9.724000000000000199e+00 4.485905229758607220e+02
9.727999999999999758e+00 4.484834402948243337e+02
9.731999999999999318e+00 4.482949213625028051e+02
9.736000000000000654e+00 4.482498797384297404e+02
9.740000000000000213e+00 4.482619567325315302e+02
9.743999999999999773e+00 4.484294832962435180e+02
9.747999999999999332e+00 4.487330969642251262e+02
9.752000000000000668e+00 4.492697017043265646e+02
9.756000000000000227e+00 4.490910734701556635e+02
9.759999999999999787e+00 4.494296056882924404e+02
9.763999999999999346e+00 4.496644655852448977e+02
9.768000000000000682e+00 4.497373399350204295e+02
9.772000000000000242e+00 4.494388058049374877e+02
9.775999999999999801e+00 4.493298248429853743e+02
9.779999999999999361e+00 4.493533700721367836e+02
9.784000000000000696e+00 4.492113819325377335e+02
9.788000000000000256e+00 4.490732721772234299e+02
9.791999999999999815e+00 4.492290261263597131e+02
9.795999999999999375e+00 4.492372672838525318e+02
9.800000000000000711e+00 4.490486305271982701e+02
9.804000000000000270e+00 4.491376599021463676e+02
9.807999999999999829e+00 4.512049074567734692e+02
9.811999999999999389e+00 4.505571583690555713e+02
9.816000000000000725e+00 4.500997970384917153e+02
9.820000000000000284e+00 4.502991459907273679e+02
9.823999999999999844e+00 4.505445478925583984e+02
9.827999999999999403e+00 4.499618542009820885e+02
9.832000000000000739e+00 4.504771032807815345e+02
9.836000000000000298e+00 4.512431905462068471e+02
9.839999999999999858e+00 4.510987084582322950e+02
9.843999999999999417e+00 4.506565333749944102e+02
9.848000000000000753e+00 4.503246516858590098e+02
9.852000000000000313e+00 4.502373176721425239e+02
9.855999999999999872e+00 4.504937361490811440e+02
9.859999999999999432e+00 4.498252892535854244e+02
9.864000000000000767e+00 4.508154522166229867e+02
9.868000000000000327e+00 4.515594376009725011e+02
9.871999999999999886e+00 4.515917116494381958e+02
9.875999999999999446e+00 4.516988237865577389e+02
9.880000000000000782e+00 4.509196940220820125e+02
9.884000000000000341e+00 4.509729702578516140e+02
9.887999999999999901e+00 4.505654715303072066e+02
9.891999999999999460e+00 4.508197200757852556e+02
9.896000000000000796e+00 4.512433672827059468e+02
9.900000000000000355e+00 4.505152161795121515e+02
9.903999999999999915e+00 4.505785205751538456e+02
9.907999999999999474e+00 4.503854326770420471e+02
9.912000000000000810e+00 4.501780323954051823e+02
9.916000000000000369e+00 4.499155819672119492e+02
9.919999999999999929e+00 4.504613868239584349e+02
9.923999999999999488e+00 4.506868371387854495e+02
9.928000000000000824e+00 4.509961652869030786e+02
9.932000000000000384e+00 4.511576795367491286e+02
9.935999999999999943e+00 4.508640416622695852e+02
9.939999999999999503e+00 4.505359270788824801e+02
9.944000000000000838e+00 4.501218334616049788e+02
9.948000000000000398e+00 4.499981768244352907e+02
9.951999999999999957e+00 4.503773322541688344e+02
9.955999999999999517e+00 4.504366535327856695e+02
9.960000000000000853e+00 4.505713529282479044e+02
9.964000000000000412e+00 4.505542291252286873e+02
9.967999999999999972e+00 4.504972610603677481e+02
9.971999999999999531e+00 4.505250905131721311e+02
9.976000000000000867e+00 4.506850010429342319e+02
9.980000000000000426e+00 4.509845301340488390e+02
9.983999999999999986e+00 4.513263352503161627e+02
9.987999999999999545e+00 4.515520964904656012e+02
9.992000000000000881e+00 4.515726633823181828e+02
9.996000000000000441e+00 4.515254747370714767e+02
1.000000000000000000e+01 4.514549830571349958e+02
1.000399999999999956e+01 4.514415150813276227e+02
1.000800000000000090e+01 4.514735796643129220e+02
1.001200000000000045e+01 4.516498514118298431e+02
1.001600000000000001e+01 4.516052745392913153e+02
1.001999999999999957e+01 4.515155283996526236e+02
1.002400000000000091e+01 4.514523581928342537e+02
1.002800000000000047e+01 4.511511893797562038e+02
1.003200000000000003e+01 4.515162124353619220e+02
1.003599999999999959e+01 4.524851441082263364e+02
1.004000000000000092e+01 4.525140634361081879e+02
1.004400000000000048e+01 4.526687275101669456e+02
1.004800000000000004e+01 4.525765528801154005e+02
1.005199999999999960e+01 4.521089277410140994e+02
1.005600000000000094e+01 4.519968964380042280e+02
1.006000000000000050e+01 4.518088618946060251e+02
1.006400000000000006e+01 4.520203827549893276e+02
1.006799999999999962e+01 4.523086792597197814e+02
1.007200000000000095e+01 4.518931782962461057e+02
1.007600000000000051e+01 4.523235054882512713e+02
1.008000000000000007e+01 4.522395261951186853e+02
1.008399999999999963e+01 4.520889630624175197e+02
1.008800000000000097e+01 4.519501823629864248e+02
1.009200000000000053e+01 4.519334938554185896e+02
1.009600000000000009e+01 4.523763497014676886e+02
1.009999999999999964e+01 4.526872717509748441e+02
1.010400000000000098e+01 4.530047035948637699e+02
1.010800000000000054e+01 4.530369580059406189e+02
1.011200000000000010e+01 4.527815606732187916e+02
1.011599999999999966e+01 4.525225762441458528e+02
1.012000000000000099e+01 4.524624334680982543e+02
1.012400000000000055e+01 4.526364338243125189e+02
1.012800000000000011e+01 4.530323792214559262e+02
1.013199999999999967e+01 4.535552214249183294e+02
1.013600000000000101e+01 4.539953607655190240e+02
1.014000000000000057e+01 4.541716783336097478e+02
1.014400000000000013e+01 4.552153204521009684e+02
1.014799999999999969e+01 4.550353699670853302e+02
1.015200000000000102e+01 4.537748918016467314e+02
1.015600000000000058e+01 4.543821322292023979e+02
1.016000000000000014e+01 4.537611194463132733e+02
1.016399999999999970e+01 4.539337320937201525e+02
1.016800000000000104e+01 4.542669196692096421e+02
1.017200000000000060e+01 4.546212861685021949e+02
1.017600000000000016e+01 4.547895393155991428e+02
1.017999999999999972e+01 4.548305683665641368e+02
1.018400000000000105e+01 4.544825021961729590e+02
1.018800000000000061e+01 4.541461039076173734e+02
1.019200000000000017e+01 4.540544431225722519e+02
1.019599999999999973e+01 4.542146154841848329e+02
1.020000000000000107e+01 4.544330781615030901e+02
1.020400000000000063e+01 4.542211874636310540e+02
1.020800000000000018e+01 4.530254472232153944e+02
1.021199999999999974e+01 4.515899246470588650e+02
1.021600000000000108e+01 4.506078588339963744e+02
1.022000000000000064e+01 4.501415690373323741e+02
1.022400000000000020e+01 4.497858704685007183e+02
1.022799999999999976e+01 4.494894211745269672e+02
1.023200000000000109e+01 4.497040087404585620e+02
1.023600000000000065e+01 4.499526606301332663e+02
1.024000000000000021e+01 4.555714215874027104e+02
1.024399999999999977e+01 4.558923259762081557e+02
1.024799999999999933e+01 4.559003903972019316e+02
1.025200000000000067e+01 4.558883035844056621e+02
1.025600000000000023e+01 4.556329291619707647e+02
1.025999999999999979e+01 4.560313586887953079e+02
1.026399999999999935e+01 4.561006393964234462e+02
1.026800000000000068e+01 4.560895966381308426e+02
1.027200000000000024e+01 4.559834369143673030e+02
1.027599999999999980e+01 4.553339400990476520e+02
1.027999999999999936e+01 4.553157591499322621e+02
1.028400000000000070e+01 4.552589612757741406e+02
1.028800000000000026e+01 4.556405942893925385e+02
1.029199999999999982e+01 4.557210814002198163e+02
1.029599999999999937e+01 4.559252644229943598e+02
1.030000000000000071e+01 4.558818232461071034e+02
1.030400000000000027e+01 4.558914095647315889e+02
1.030799999999999983e+01 4.557480337163251534e+02
1.031199999999999939e+01 4.555931667225822821e+02
1.031600000000000072e+01 4.555019412329885995e+02
1.032000000000000028e+01 4.555177362393667408e+02
1.032399999999999984e+01 4.555917430118955167e+02
1.032799999999999940e+01 4.556521148908121859e+02
1.033200000000000074e+01 4.557026386192540031e+02
1.033600000000000030e+01 4.562255233703920680e+02
1.033999999999999986e+01 4.562779846545271880e+02
1.034399999999999942e+01 4.563991931638951769e+02
1.034800000000000075e+01 4.561061116820977759e+02
1.035200000000000031e+01 4.561643169024520716e+02
1.035599999999999987e+01 4.561249930314131120e+02
1.035999999999999943e+01 4.561119734426496279e+02
1.036400000000000077e+01 4.561890305562361050e+02
1.036800000000000033e+01 4.564796540915373839e+02
1.037199999999999989e+01 4.567685822656070513e+02
1.037599999999999945e+01 4.570005489206120615e+02
1.038000000000000078e+01 4.570511315612201884e+02
1.038400000000000034e+01 4.561131189569953790e+02
1.038799999999999990e+01 4.557716738595223660e+02
1.039199999999999946e+01 4.555761116504238544e+02
1.039600000000000080e+01 4.556654126759167411e+02
1.040000000000000036e+01 4.559262921130073209e+02
1.040399999999999991e+01 4.561278960920549252e+02
1.040799999999999947e+01 4.562820397753109773e+02
1.041200000000000081e+01 4.561607821724710448e+02
1.041600000000000037e+01 4.560130271863658891e+02
1.041999999999999993e+01 4.556532014929915704e+02
1.042399999999999949e+01 4.556431013293606043e+02
1.042800000000000082e+01 4.558710717757481348e+02
1.043200000000000038e+01 4.554714018205320940e+02
1.043599999999999994e+01 4.560159269741095613e+02
1.043999999999999950e+01 4.559631384001614265e+02
1.044400000000000084e+01 4.557807168770571593e+02
1.044800000000000040e+01 4.558254704860947299e+02
1.045199999999999996e+01 4.559542393901443802e+02
1.045599999999999952e+01 4.559538433694705759e+02
1.046000000000000085e+01 4.561586613344824173e+02
1.046400000000000041e+01 4.564870050207386498e+02
1.046799999999999997e+01 4.566387300322762144e+02
1.047199999999999953e+01 4.566929586814018194e+02
1.047600000000000087e+01 4.564380686478901907e+02
1.048000000000000043e+01 4.563010062199776939e+02
1.048399999999999999e+01 4.557537711067481041e+02
1.048799999999999955e+01 4.556142998258114858e+02
1.049200000000000088e+01 4.555939718555223976e+02
1.049600000000000044e+01 4.557009956243924762e+02
1.050000000000000000e+01 4.562164476238759789e+02
1.050399999999999956e+01 4.563674067772509488e+02
1.050800000000000090e+01 4.564691939091120503e+02
1.051200000000000045e+01 4.564732392112014168e+02
1.051600000000000001e+01 4.564123894891576469e+02
1.051999999999999957e+01 4.563893090115407745e+02
1.052400000000000091e+01 4.565589760506301786e+02
1.052800000000000047e+01 4.562412038253356741e+02
1.053200000000000003e+01 4.563126446457300176e+02
1.053599999999999959e+01 4.565087370643257145e+02
1.054000000000000092e+01 4.566495535063940565e+02
1.054400000000000048e+01 4.567224507664565181e+02
1.054800000000000004e+01 4.561591293589150951e+02
1.055199999999999960e+01 4.562499130072611706e+02
1.055600000000000094e+01 4.562036014987134536e+02
1.056000000000000050e+01 4.564322494350140573e+02
1.056400000000000006e+01 4.564795526316953556e+02
1.056799999999999962e+01 4.564377609954659079e+02
1.057200000000000095e+01 4.569641739307887747e+02
1.057600000000000051e+01 4.572066040411172594e+02
1.058000000000000007e+01 4.565437505285266866e+02
1.058399999999999963e+01 4.567774649111334497e+02
1.058800000000000097e+01 4.568856636504323774e+02
1.059200000000000053e+01 4.570682913661188422e+02
1.059600000000000009e+01 4.568680423668973276e+02
1.059999999999999964e+01 4.569550621823932488e+02
1.060400000000000098e+01 4.571039855931309717e+02
1.060800000000000054e+01 4.572144000844642733e+02
1.061200000000000010e+01 4.572124363455859566e+02
1.061599999999999966e+01 4.570892051851732845e+02
1.062000000000000099e+01 4.568984115886509585e+02
1.062400000000000055e+01 4.567752655235897237e+02
1.062800000000000011e+01 4.568379480685866270e+02
1.063199999999999967e+01 4.570415157865125479e+02
1.063600000000000101e+01 4.572199181907124625e+02
1.064000000000000057e+01 4.572605184920222996e+02
1.064400000000000013e+01 4.571624460995394088e+02
1.064799999999999969e+01 4.573462553314510615e+02
1.065200000000000102e+01 4.572369470796858764e+02
1.065600000000000058e+01 4.573149827898133708e+02
1.066000000000000014e+01 4.574843029017008575e+02
1.066399999999999970e+01 4.572087641538834077e+02
1.066800000000000104e+01 4.571842239637003331e+02
1.067200000000000060e+01 4.571278777494842416e+02
1.067600000000000016e+01 4.571186219935709119e+02
1.067999999999999972e+01 4.571615951460254905e+02
1.068400000000000105e+01 4.572610126996400481e+02
1.068800000000000061e+01 4.574814489345309880e+02
1.069200000000000017e+01 4.574616217176559303e+02
1.069599999999999973e+01 4.574244350490962461e+02
1.070000000000000107e+01 4.573648224825458328e+02
1.070400000000000063e+01 4.573010467895733200e+02
1.070800000000000018e+01 4.575847252350415602e+02
1.071199999999999974e+01 4.575629440979824949e+02
1.071600000000000108e+01 4.571223629161341933e+02
1.072000000000000064e+01 4.569711255664180953e+02
1.072400000000000020e+01 4.573577792057688498e+02
1.072799999999999976e+01 4.573624398127067820e+02
1.073200000000000109e+01 4.574984450945231060e+02
1.073600000000000065e+01 4.577232670129090479e+02
1.074000000000000021e+01 4.579044710179087474e+02
1.074399999999999977e+01 4.579311451376730133e+02
1.074800000000000111e+01 4.578626630171887086e+02
1.075200000000000067e+01 4.576632649714811123e+02
1.075600000000000023e+01 4.577777313107001191e+02
1.075999999999999979e+01 4.579151275742219127e+02
1.076399999999999935e+01 4.579820027017241273e+02
1.076800000000000068e+01 4.580469402735329822e+02
1.077200000000000024e+01 4.579161814474200014e+02
1.077599999999999980e+01 4.578755189610456000e+02
1.077999999999999936e+01 4.579622311241172383e+02
1.078400000000000070e+01 4.580878384085727362e+02
1.078800000000000026e+01 4.580004291181992926e+02
1.079199999999999982e+01 4.578333247583461798e+02
1.079599999999999937e+01 4.579123292463202688e+02
1.080000000000000071e+01 4.580004749387730953e+02
1.080400000000000027e+01 4.581547953585281903e+02
1.080799999999999983e+01 4.580417101823203438e+02
1.081199999999999939e+01 4.580389609478906436e+02
1.081600000000000072e+01 4.583254049922791751e+02
1.082000000000000028e+01 4.578658442741716499e+02
1.082399999999999984e+01 4.578885974619754506e+02
1.082799999999999940e+01 4.579685543633055431e+02
1.083200000000000074e+01 4.579535317608861646e+02
1.083600000000000030e+01 4.576892026891659953e+02
1.083999999999999986e+01 4.575547160320822400e+02
1.084399999999999942e+01 4.573757114146262666e+02
1.084800000000000075e+01 4.572683799933319619e+02
1.085200000000000031e+01 4.572807417295712185e+02
1.085599999999999987e+01 4.574192867803368472e+02
1.085999999999999943e+01 4.576388000579549953e+02
1.086400000000000077e+01 4.578464458069516922e+02
1.086800000000000033e+01 4.576705275324328568e+02
1.087199999999999989e+01 4.581566740020551265e+02
1.087599999999999945e+01 4.581413208369245922e+02
1.088000000000000078e+01 4.583006946113932827e+02
1.088400000000000034e+01 4.584257160470833696e+02
1.088799999999999990e+01 4.579662044224477881e+02
1.089199999999999946e+01 4.579166396531582564e+02
1.089600000000000080e+01 4.577578320900661311e+02
1.090000000000000036e+01 4.577651241071010872e+02
1.090399999999999991e+01 4.579049292236470592e+02
1.090799999999999947e+01 4.588464618298113464e+02
1.091200000000000081e+01 4.588858086111371790e+02
1.091600000000000037e+01 4.588182330834350751e+02
1.091999999999999993e+01 4.580640771681447063e+02
1.092399999999999949e+01 4.577504811608648652e+02
1.092800000000000082e+01 4.576331706731704116e+02
1.093200000000000038e+01 4.574403380611127545e+02
1.093599999999999994e+01 4.576823001470085615e+02
1.093999999999999950e+01 4.578787918591762036e+02
1.094400000000000084e+01 4.580607257204590042e+02
1.094800000000000040e+01 4.580196508489202074e+02
1.095199999999999996e+01 4.579823594476203539e+02
1.095599999999999952e+01 4.577257249594051700e+02
1.096000000000000085e+01 4.578354652337235393e+02
1.096400000000000041e+01 4.580133407013244096e+02
1.096799999999999997e+01 4.576817699375114330e+02
1.097199999999999953e+01 4.576716763196766919e+02
1.097600000000000087e+01 4.578831677239767828e+02
1.098000000000000043e+01 4.579899820273664659e+02
1.098399999999999999e+01 4.578078550650939746e+02
1.098799999999999955e+01 4.575418633611234327e+02
1.099200000000000088e+01 4.573744644404385440e+02
1.099600000000000044e+01 4.573394247930525580e+02
1.100000000000000000e+01 4.577527460063712397e+02
1.100399999999999956e+01 4.581009169095025300e+02
1.100800000000000090e+01 4.583072796824320108e+02
1.101200000000000045e+01 4.583441325153823982e+02
1.101600000000000001e+01 4.581058197109021535e+02
1.101999999999999957e+01 4.578196473170584682e+02
1.102400000000000091e+01 4.576862276247652517e+02
1.102800000000000047e+01 4.577731623449097924e+02
1.103200000000000003e+01 4.580377467026842169e+02
1.103599999999999959e+01 4.578948617889973889e+02
1.104000000000000092e+01 4.578500689051822405e+02
1.104400000000000048e+01 4.577572887889764957e+02
1.104800000000000004e+01 4.573402168344001097e+02
1.105199999999999960e+01 4.569875293318485774e+02
1.105600000000000094e+01 4.568690242363364860e+02
1.106000000000000050e+01 4.570373166582110116e+02
1.106400000000000006e+01 4.571333991286305150e+02
1.106799999999999962e+01 4.571554028227624258e+02
1.107200000000000095e+01 4.571143148596310652e+02
1.107600000000000051e+01 4.571194107620203795e+02
1.108000000000000007e+01 4.573722748715891839e+02
1.108399999999999963e+01 4.575491881071396847e+02
1.108800000000000097e+01 4.575217710394997539e+02
1.109200000000000053e+01 4.577784513482887974e+02
1.109600000000000009e+01 4.573572686336604534e+02
1.109999999999999964e+01 4.574341195546646759e+02
1.110400000000000098e+01 4.573468248157257676e+02
1.110800000000000054e+01 4.572134378524139038e+02
1.111200000000000010e+01 4.573323880620718001e+02
1.111599999999999966e+01 4.574128228065289932e+02
1.112000000000000099e+01 4.573906227385092507e+02
1.112400000000000055e+01 4.573361453491256725e+02
1.112800000000000011e+01 4.573509912150460082e+02
1.113199999999999967e+01 4.578012470837683168e+02
1.113600000000000101e+01 4.579557246026336657e+02
1.114000000000000057e+01 4.580730383632262601e+02
1.114400000000000013e+01 4.581327851186000544e+02
1.114799999999999969e+01 4.581051651312760669e+02
1.115200000000000102e+01 4.575267392988620259e+02
1.115600000000000058e+01 4.575177584663916832e+02
1.116000000000000014e+01 4.576352358718908135e+02
1.116399999999999970e+01 4.578214474110302490e+02
1.116800000000000104e+01 4.579801796974653598e+02
1.117200000000000060e+01 4.580790310397033522e+02
1.117600000000000016e+01 4.581151081957967790e+02
1.117999999999999972e+01 4.581399920402835733e+02
1.118400000000000105e+01 4.581868010293471798e+02
1.118800000000000061e+01 4.582079897718445523e+02
1.119200000000000017e+01 4.584842698310885680e+02
1.119599999999999973e+01 4.585722616973292816e+02
1.120000000000000107e+01 4.584214350963285938e+02
1.120400000000000063e+01 4.586284671769257670e+02
1.120800000000000018e+01 4.587314521895026473e+02
1.121199999999999974e+01 4.586414704011985464e+02
1.121600000000000108e+01 4.584632120045164356e+02
1.122000000000000064e+01 4.580601136885085793e+02
1.122400000000000020e+01 4.578972117298551439e+02
1.122799999999999976e+01 4.579786152521589884e+02
1.123200000000000109e+01 4.582297741818017016e+02
1.123600000000000065e+01 4.585936926342883453e+02
1.124000000000000021e+01 4.585318774072960082e+02
1.124399999999999977e+01 4.583633084255294534e+02
1.124800000000000111e+01 4.581608469471716489e+02
1.125200000000000067e+01 4.581080943751029508e+02
1.125600000000000023e+01 4.583896061620087039e+02
1.125999999999999979e+01 4.585374609715067891e+02
1.126399999999999935e+01 4.585768241173233264e+02
1.126800000000000068e+01 4.583533686339068822e+02
1.127200000000000024e+01 4.580823333939171107e+02
1.127599999999999980e+01 4.579906006051131726e+02
1.127999999999999936e+01 4.576442003398704514e+02
1.128400000000000070e+01 4.576947502514973394e+02
1.128800000000000026e+01 4.578953265405319257e+02
1.129199999999999982e+01 4.580072236547183593e+02
1.129599999999999937e+01 4.579777610257468723e+02
1.130000000000000071e+01 4.578717747655842345e+02
1.130400000000000027e+01 4.581233689906783297e+02
1.130799999999999983e+01 4.583958213955586416e+02
1.131199999999999939e+01 4.582918970612182648e+02
1.131600000000000072e+01 4.583908367717057786e+02
1.132000000000000028e+01 4.584054797179420007e+02
1.132399999999999984e+01 4.583976083979379723e+02
1.132799999999999940e+01 4.584500876830127822e+02
1.133200000000000074e+01 4.586837595179438267e+02
1.133600000000000030e+01 4.590631047757689203e+02
1.133999999999999986e+01 4.592518380829180273e+02
1.134399999999999942e+01 4.594169770674437245e+02
1.134800000000000075e+01 4.597002742202797663e+02
1.135200000000000031e+01 4.594031392541476180e+02
1.135599999999999987e+01 4.601556030811044593e+02
1.135999999999999943e+01 4.602705881746771297e+02
1.136400000000000077e+01 4.609117292810693698e+02
1.136800000000000033e+01 4.611305028837100508e+02
1.137199999999999989e+01 4.611464877181797988e+02
1.137599999999999945e+01 4.602604961932914875e+02
1.138000000000000078e+01 4.594248565696931337e+02
1.138400000000000034e+01 4.587363680824947778e+02
1.138799999999999990e+01 4.584935288598999819e+02
1.139199999999999946e+01 4.581058262566984354e+02
1.139600000000000080e+01 4.578451530121900532e+02
1.140000000000000036e+01 4.577139163429500286e+02
1.140399999999999991e+01 4.579983541007845247e+02
1.140799999999999947e+01 4.583242856611185516e+02
1.141200000000000081e+01 4.586177058878724324e+02
1.141600000000000037e+01 4.587446419689688923e+02
1.141999999999999993e+01 4.581107912431625095e+02
1.142399999999999949e+01 4.576331281254946930e+02
1.142800000000000082e+01 4.577441350113896874e+02
1.143200000000000038e+01 4.579062972950655990e+02
1.143599999999999994e+01 4.582730026203104217e+02
1.143999999999999950e+01 4.592495781467588358e+02
1.144400000000000084e+01 4.593446214720219132e+02
1.144800000000000040e+01 4.592296461971436088e+02
1.145199999999999996e+01 4.590311743816070020e+02
1.145599999999999952e+01 4.589282417354001495e+02
1.146000000000000085e+01 4.589506643604927945e+02
1.146400000000000041e+01 4.591476731905650581e+02
1.146799999999999997e+01 4.587250471278611030e+02
1.147199999999999953e+01 4.587888424582224047e+02
1.147600000000000087e+01 4.586419024237517874e+02
1.148000000000000043e+01 4.584856084464240098e+02
1.148399999999999999e+01 4.584398206015771393e+02
1.148799999999999955e+01 4.586577792525832820e+02
1.149200000000000088e+01 4.591485830562453430e+02
1.149600000000000044e+01 4.591384272533461512e+02
1.150000000000000000e+01 4.591230429956833632e+02
1.150399999999999956e+01 4.590343163638123656e+02
1.150800000000000090e+01 4.589735124623423985e+02
1.151200000000000045e+01 4.589989166976319552e+02
1.151600000000000001e+01 4.591157411599540410e+02
1.151999999999999957e+01 4.593291619377021107e+02
1.152400000000000091e+01 4.595202500950561557e+02
1.152800000000000047e+01 4.597249535086334049e+02
1.153200000000000003e+01 4.599868573628388617e+02
1.153599999999999959e+01 4.599393332455337031e+02
1.154000000000000092e+01 4.598911643672968808e+02
1.154400000000000048e+01 4.598476282763638778e+02
1.154800000000000004e+01 4.596624722468715163e+02
1.155199999999999960e+01 4.590986795419993314e+02
1.155600000000000094e+01 4.596460897552788651e+02
1.156000000000000050e+01 4.594355834933161304e+02
1.156400000000000006e+01 4.590300975981220404e+02
1.156799999999999962e+01 4.588861751757278284e+02
1.157200000000000095e+01 4.588806243404983434e+02
1.157600000000000051e+01 4.592375306087402009e+02
1.158000000000000007e+01 4.595057838853189764e+02
1.158399999999999963e+01 4.598023510036254038e+02
1.158800000000000097e+01 4.600624711283496708e+02
1.159200000000000053e+01 4.613278373671462873e+02
1.159600000000000009e+01 4.587796292499848505e+02
1.159999999999999964e+01 4.593859598118602321e+02
1.160400000000000098e+01 4.596887961665357807e+02
1.160800000000000054e+01 4.601656688793050876e+02
1.161200000000000010e+01 4.607149953744400932e+02
1.161599999999999966e+01 4.620913210421087456e+02
1.162000000000000099e+01 4.618384536596418570e+02
1.162400000000000055e+01 4.617496632062573099e+02
1.162800000000000011e+01 4.616980561485342491e+02
1.163199999999999967e+01 4.617124863563919916e+02
1.163600000000000101e+01 4.613189039916988463e+02
1.164000000000000057e+01 4.608896994037524451e+02
1.164400000000000013e+01 4.607762051152782306e+02
1.164799999999999969e+01 4.604072398538742732e+02
1.165200000000000102e+01 4.602958909501246580e+02
1.165600000000000058e+01 4.604469253801566424e+02
1.166000000000000014e+01 4.602887805789359845e+02
1.166399999999999970e+01 4.604926183109577096e+02
1.166800000000000104e+01 4.604765156521552285e+02
1.167200000000000060e+01 4.602928275174744499e+02
1.167600000000000016e+01 4.598921004161622363e+02
1.167999999999999972e+01 4.580104932799508219e+02
1.168400000000000105e+01 4.584726608614193992e+02
1.168800000000000061e+01 4.603983621176950578e+02
1.169200000000000017e+01 4.608322764060513919e+02
1.169599999999999973e+01 4.593194201564164132e+02
1.170000000000000107e+01 4.584072110810531058e+02
1.170400000000000063e+01 4.583097507205205829e+02
1.170800000000000018e+01 4.582746816170514421e+02
1.171199999999999974e+01 4.582316233692454830e+02
1.171600000000000108e+01 4.590296852129575882e+02
1.172000000000000064e+01 4.588213423366590860e+02
1.172400000000000020e+01 4.579899329338945222e+02
1.172799999999999976e+01 4.578349121139394811e+02
1.173200000000000109e+01 4.585204091722464455e+02
1.173600000000000065e+01 4.586584796527832282e+02
1.174000000000000021e+01 4.591376564858364304e+02
1.174399999999999977e+01 4.594585788755815656e+02
1.174800000000000111e+01 4.596366359890287185e+02
1.175200000000000067e+01 4.596005375590974609e+02
1.175600000000000023e+01 4.596481434988558021e+02
1.175999999999999979e+01 4.597714613910689536e+02
1.176400000000000112e+01 4.599362223558605933e+02
1.176800000000000068e+01 4.597270056157612430e+02
1.177200000000000024e+01 4.595873575983255819e+02
1.177599999999999980e+01 4.593445314673232929e+02
1.177999999999999936e+01 4.591244519783285796e+02
1.178400000000000070e+01 4.593086637767102616e+02
1.178800000000000026e+01 4.593405876250759547e+02
1.179199999999999982e+01 4.594713480876380345e+02
1.179599999999999937e+01 4.597549659844908092e+02
1.180000000000000071e+01 4.597475545066741347e+02
1.180400000000000027e+01 4.596770251884091749e+02
1.180799999999999983e+01 4.598746656878205954e+02
1.181199999999999939e+01 4.593492378948350847e+02
1.181600000000000072e+01 4.598551968532908631e+02
1.182000000000000028e+01 4.598640205866508950e+02
1.182399999999999984e+01 4.592299800327529056e+02
1.182799999999999940e+01 4.592179079479982988e+02
1.183200000000000074e+01 4.592766188311137512e+02
1.183600000000000030e+01 4.594830847003343024e+02
1.183999999999999986e+01 4.599243581001372263e+02
1.184399999999999942e+01 4.601031647072562691e+02
1.184800000000000075e+01 4.602678176664095986e+02
1.185200000000000031e+01 4.603955245150158362e+02
1.185599999999999987e+01 4.602606729297905304e+02
1.185999999999999943e+01 4.601917996979796044e+02
1.186400000000000077e+01 4.600974240439352343e+02
1.186800000000000033e+01 4.603894172871041519e+02
1.187199999999999989e+01 4.603052907135556779e+02
1.187599999999999945e+01 4.601609428144045069e+02
1.188000000000000078e+01 4.596559428151010138e+02
1.188400000000000034e+01 4.595384146796808409e+02
1.188799999999999990e+01 4.594210845545976554e+02
1.189199999999999946e+01 4.594957197235673902e+02
1.189600000000000080e+01 4.593310209438402580e+02
1.190000000000000036e+01 4.587453423691688386e+02
1.190399999999999991e+01 4.592572596386713144e+02
1.190799999999999947e+01 4.591437522586045930e+02
1.191200000000000081e+01 4.594732578236972245e+02
1.191600000000000037e+01 4.598242826939984411e+02
1.191999999999999993e+01 4.603120377930518998e+02
1.192399999999999949e+01 4.600016639539816197e+02
1.192800000000000082e+01 4.597218671656962670e+02
1.193200000000000038e+01 4.592882016175978492e+02
1.193599999999999994e+01 4.592677623687723667e+02
1.193999999999999950e+01 4.592175724759399031e+02
1.194400000000000084e+01 4.592561926738807756e+02
1.194800000000000040e+01 4.594580241193484653e+02
1.195199999999999996e+01 4.597223777378046066e+02
1.195599999999999952e+01 4.602124435029382994e+02
1.196000000000000085e+01 4.601126806585709232e+02
1.196400000000000041e+01 4.606459241322922935e+02
1.196799999999999997e+01 4.606561306651125278e+02
1.197199999999999953e+01 4.606707719748996510e+02
1.197600000000000087e+01 4.613783790965277944e+02
1.198000000000000043e+01 4.615238725100247166e+02
1.198399999999999999e+01 4.618350956661598730e+02
1.198799999999999955e+01 4.621601795458780657e+02
1.199200000000000088e+01 4.609950310842889962e+02
1.199600000000000044e+01 4.604163336013301091e+02
1.200000000000000000e+01 4.602674920130456258e+02
1.200399999999999956e+01 4.602068026630101940e+02
1.200800000000000090e+01 4.604508954055890513e+02
1.201200000000000045e+01 4.604848549965919347e+02
1.201600000000000001e+01 4.607214331650629333e+02
1.201999999999999957e+01 4.612800677824813533e+02
1.202400000000000091e+01 4.603684461923324989e+02
1.202800000000000047e+01 4.602487023048779520e+02
1.203200000000000003e+01 4.609818183945358214e+02
1.203599999999999959e+01 4.608921508044522284e+02
1.204000000000000092e+01 4.610638650413222877e+02
1.204400000000000048e+01 4.616149474463044271e+02
1.204800000000000004e+01 4.623618473464392196e+02
1.205199999999999960e+01 4.631561224470142406e+02
1.205600000000000094e+01 4.618429538945713944e+02
1.206000000000000050e+01 4.617206260540427820e+02
1.206400000000000006e+01 4.619446592039792563e+02
1.206799999999999962e+01 4.622572569773292912e+02
1.207200000000000095e+01 4.625197139513188063e+02
1.207600000000000051e+01 4.632768302029681990e+02
1.208000000000000007e+01 4.633057200747668958e+02
1.208399999999999963e+01 4.624441394605855180e+02
1.208800000000000097e+01 4.623860389729714484e+02
1.209200000000000053e+01 4.619749596948721546e+02
1.209600000000000009e+01 4.618197719571124935e+02
1.209999999999999964e+01 4.618036840263516183e+02
1.210400000000000098e+01 4.618975065606119301e+02
1.210800000000000054e+01 4.625838725733726164e+02
1.211200000000000010e+01 4.620902442586237839e+02
1.211599999999999966e+01 4.616418490324887216e+02
1.212000000000000099e+01 4.619369515288817070e+02
1.212400000000000055e+01 4.614513614519416365e+02
1.212800000000000011e+01 4.610835482506796552e+02
1.213199999999999967e+01 4.609554650187883453e+02
1.213600000000000101e+01 4.611675324531594242e+02
1.214000000000000057e+01 4.630035415726155748e+02
1.214400000000000013e+01 4.638010633881360718e+02
1.214799999999999969e+01 4.633704776371785670e+02
1.215200000000000102e+01 4.627859347581584757e+02
1.215600000000000058e+01 4.616392388962295854e+02
1.216000000000000014e+01 4.615839907393362864e+02
1.216399999999999970e+01 4.628436179512609101e+02
1.216800000000000104e+01 4.635870354877848172e+02
1.217200000000000060e+01 4.629949060308979938e+02
1.217600000000000016e+01 4.627210364611271416e+02
1.217999999999999972e+01 4.623705843479988289e+02
1.218400000000000105e+01 4.627329956308963119e+02
1.218800000000000061e+01 4.623212192254952697e+02
1.219200000000000017e+01 4.626738641803710834e+02
1.219599999999999973e+01 4.623911283295644807e+02
1.220000000000000107e+01 4.626770094354745879e+02
1.220400000000000063e+01 4.626289992927970616e+02
1.220800000000000018e+01 4.635722452611327071e+02
1.221199999999999974e+01 4.634462468653506448e+02
1.221600000000000108e+01 4.639200610548168697e+02
1.222000000000000064e+01 4.636204992347209668e+02
1.222400000000000020e+01 4.635225086646913155e+02
1.222799999999999976e+01 4.629778542316377070e+02
1.223200000000000109e+01 4.627876104820013552e+02
1.223600000000000065e+01 4.616153320118347665e+02
1.224000000000000021e+01 4.629306164929190004e+02
1.224399999999999977e+01 4.617482051301401498e+02
1.224800000000000111e+01 4.616676541977993224e+02
1.225200000000000067e+01 4.615339301259799640e+02
1.225600000000000023e+01 4.614202132804329040e+02
1.225999999999999979e+01 4.619734901636115296e+02
1.226400000000000112e+01 4.618648299456762061e+02
1.226800000000000068e+01 4.611824961434124361e+02
1.227200000000000024e+01 4.610506441693238457e+02
1.227599999999999980e+01 4.610221617733424182e+02
1.228000000000000114e+01 4.613744663468127101e+02
1.228400000000000070e+01 4.608793144979841259e+02
1.228800000000000026e+01 4.668343166446989017e+02
1.229199999999999982e+01 4.669050112443194394e+02
1.229599999999999937e+01 4.668667837941542302e+02
1.230000000000000071e+01 4.670567067997737922e+02
1.230400000000000027e+01 4.669273455011625629e+02
1.230799999999999983e+01 4.669395010448195080e+02
1.231199999999999939e+01 4.671314696117706831e+02
1.231600000000000072e+01 4.670925155782205138e+02
1.232000000000000028e+01 4.671797874068724923e+02
1.232399999999999984e+01 4.669486831605248653e+02
1.232799999999999940e+01 4.668601856315229952e+02
1.233200000000000074e+01 4.665400634653707357e+02
1.233600000000000030e+01 4.666523271441478755e+02
1.233999999999999986e+01 4.668627990406802724e+02
1.234399999999999942e+01 4.678776609294602622e+02
1.234800000000000075e+01 4.679721953190639852e+02
1.235200000000000031e+01 4.679568405174843519e+02
1.235599999999999987e+01 4.679148590531633545e+02
1.235999999999999943e+01 4.671006290926862334e+02
1.236400000000000077e+01 4.671635374676541232e+02
1.236800000000000033e+01 4.672697888325653821e+02
1.237199999999999989e+01 4.673739340875295625e+02
1.237599999999999945e+01 4.674265753810618094e+02
1.238000000000000078e+01 4.678086715097657020e+02
1.238400000000000034e+01 4.672907435628463872e+02
1.238799999999999990e+01 4.671314827033631900e+02
1.239199999999999946e+01 4.672789005809609080e+02
1.239600000000000080e+01 4.673896963649264080e+02
1.240000000000000036e+01 4.670589192789100821e+02
1.240399999999999991e+01 4.669795924104701044e+02
1.240799999999999947e+01 4.669729517001631507e+02
1.241200000000000081e+01 4.669941977183777908e+02
1.241600000000000037e+01 4.670564302398817631e+02
1.241999999999999993e+01 4.670058950562965379e+02
1.242399999999999949e+01 4.670120333767404190e+02
1.242800000000000082e+01 4.669361528700319468e+02
1.243200000000000038e+01 4.668249397915547547e+02
1.243599999999999994e+01 4.673405848920280050e+02
1.243999999999999950e+01 4.673216920875692040e+02
1.244400000000000084e+01 4.672723695127413066e+02
1.244800000000000040e+01 4.669910770100103150e+02
1.245199999999999996e+01 4.669052321649432997e+02
1.245599999999999952e+01 4.668250183411099101e+02
1.246000000000000085e+01 4.666226157749184154e+02
1.246400000000000041e+01 4.665426130530144633e+02
1.246799999999999997e+01 4.664560547161549948e+02
1.247199999999999953e+01 4.666133763834957904e+02
1.247600000000000087e+01 4.667167803270334048e+02
1.248000000000000043e+01 4.665027949743578120e+02
1.248399999999999999e+01 4.662479213053368881e+02
1.248799999999999955e+01 4.661784900443947208e+02
1.249200000000000088e+01 4.665066373567631217e+02
1.249600000000000044e+01 4.666003764321211520e+02
1.250000000000000000e+01 4.670651688778904145e+02
1.250399999999999956e+01 4.669283273706017212e+02
1.250800000000000090e+01 4.669400247085204114e+02
1.251200000000000045e+01 4.668195313273939746e+02
1.251600000000000001e+01 4.668031537451485633e+02
1.251999999999999957e+01 4.666158703318712924e+02
1.252400000000000091e+01 4.666585718337810249e+02
1.252800000000000047e+01 4.668459599797984083e+02
1.253200000000000003e+01 4.670762558203077788e+02
1.253599999999999959e+01 4.671258696830692543e+02
1.254000000000000092e+01 4.667183693190758049e+02
1.254400000000000048e+01 4.669256926876066132e+02
1.254800000000000004e+01 4.668815609292138333e+02
1.255199999999999960e+01 4.669105980814283612e+02
1.255600000000000094e+01 4.668287314440390219e+02
1.256000000000000050e+01 4.665596043036593983e+02
1.256400000000000006e+01 4.666933823782978834e+02
1.256799999999999962e+01 4.666273254753283481e+02
1.257200000000000095e+01 4.671074629039828778e+02
1.257600000000000051e+01 4.662844108465947102e+02
1.258000000000000007e+01 4.667003716522557397e+02
1.258399999999999963e+01 4.670188753702823874e+02
1.258800000000000097e+01 4.670359304424408720e+02
1.259200000000000053e+01 4.671150543911967361e+02
1.259600000000000009e+01 4.665811825210343500e+02
1.259999999999999964e+01 4.666849939403891767e+02
1.260400000000000098e+01 4.670652736106305838e+02
1.260800000000000054e+01 4.670491480415412298e+02
1.261200000000000010e+01 4.670388531404714740e+02
1.261599999999999966e+01 4.670375587092608498e+02
1.262000000000000099e+01 4.668353132421796658e+02
1.262400000000000055e+01 4.667677426238246881e+02
1.262800000000000011e+01 4.668560486882859664e+02
1.263199999999999967e+01 4.669689194896662912e+02
1.263600000000000101e+01 4.668929784343423535e+02
1.264000000000000057e+01 4.669476652892062702e+02
1.264400000000000013e+01 4.674848411500315137e+02
1.264799999999999969e+01 4.673536830303465877e+02
1.265200000000000102e+01 4.668592692200464285e+02
1.265600000000000058e+01 4.669570421423503603e+02
1.266000000000000014e+01 4.668412420971432084e+02
1.266399999999999970e+01 4.665328401791965689e+02
1.266800000000000104e+01 4.666644597775179477e+02
1.267200000000000060e+01 4.666474570717295478e+02
1.267600000000000016e+01 4.668002195919744963e+02
1.267999999999999972e+01 4.665137559101971192e+02
1.268400000000000105e+01 4.673237883788218596e+02
1.268800000000000061e+01 4.673696465909785047e+02
1.269200000000000017e+01 4.668271457248947627e+02
1.269599999999999973e+01 4.667872818256643086e+02
1.270000000000000107e+01 4.667343721544852997e+02
1.270400000000000063e+01 4.666425280871449104e+02
1.270800000000000018e+01 4.662624693375273068e+02
1.271199999999999974e+01 4.668056198738899525e+02
1.271600000000000108e+01 4.669809064790695174e+02
1.272000000000000064e+01 4.671564090955257598e+02
1.272400000000000020e+01 4.673114691902583218e+02
1.272799999999999976e+01 4.674241648915886458e+02
1.273200000000000109e+01 4.674636687720247892e+02
1.273600000000000065e+01 4.674157273602079954e+02
1.274000000000000021e+01 4.673449231185000485e+02
1.274399999999999977e+01 4.673821016048144088e+02
1.274800000000000111e+01 4.673943897008456929e+02
1.275200000000000067e+01 4.674615086592585840e+02
1.275600000000000023e+01 4.674156226274678261e+02
1.275999999999999979e+01 4.674191982686754727e+02
1.276400000000000112e+01 4.674346463478518672e+02
1.276800000000000068e+01 4.672800706420425740e+02
1.277200000000000024e+01 4.673195957963165483e+02
1.277599999999999980e+01 4.673391710000355488e+02
1.278000000000000114e+01 4.674245936412437459e+02
1.278400000000000070e+01 4.674216414871299889e+02
1.278800000000000026e+01 4.677857350396665765e+02
1.279199999999999982e+01 4.678045280207323913e+02
1.279600000000000115e+01 4.674770909272583026e+02
1.280000000000000071e+01 4.673496835488310239e+02
1.280400000000000027e+01 4.673803146024351349e+02
1.280799999999999983e+01 4.674235250400041082e+02
1.281199999999999939e+01 4.672959752905081245e+02
1.281600000000000072e+01 4.672787794837300908e+02
1.282000000000000028e+01 4.672526486650555171e+02
1.282399999999999984e+01 4.672875835797013337e+02
1.282799999999999940e+01 4.673306025527297152e+02
1.283200000000000074e+01 4.672732008288664929e+02
1.283600000000000030e+01 4.670071011192576407e+02
1.283999999999999986e+01 4.669999825658236432e+02
1.284399999999999942e+01 4.670474117690829416e+02
1.284800000000000075e+01 4.670025092431804410e+02
1.285200000000000031e+01 4.669867044181078768e+02
1.285599999999999987e+01 4.669957196160085573e+02
1.285999999999999943e+01 4.670432846445402788e+02
1.286400000000000077e+01 4.671181996463002406e+02
1.286800000000000033e+01 4.671581797334143857e+02
1.287199999999999989e+01 4.671254180231272244e+02
1.287599999999999945e+01 4.675410875408546190e+02
1.288000000000000078e+01 4.676127460089746819e+02
1.288400000000000034e+01 4.676439138178722033e+02
1.288799999999999990e+01 4.675909403251796448e+02
1.289199999999999946e+01 4.675167404516612351e+02
1.289600000000000080e+01 4.667138641747990846e+02
1.290000000000000036e+01 4.668647807804983358e+02
1.290399999999999991e+01 4.669619367615046599e+02
1.290799999999999947e+01 4.676024609265992922e+02
1.291200000000000081e+01 4.677747610122347623e+02
1.291600000000000037e+01 4.678221133023880043e+02
1.291999999999999993e+01 4.679353653964005275e+02
1.292399999999999949e+01 4.681186706020000656e+02
1.292800000000000082e+01 4.680869382181750211e+02
1.293200000000000038e+01 4.680626516775969890e+02
1.293599999999999994e+01 4.678000654241313327e+02
1.293999999999999950e+01 4.672299871183993218e+02
1.294400000000000084e+01 4.673190835877591098e+02
1.294800000000000040e+01 4.672732875606669722e+02
1.295199999999999996e+01 4.672740714197692000e+02
1.295599999999999952e+01 4.673000582309260267e+02
1.296000000000000085e+01 4.672735395738230295e+02
1.296400000000000041e+01 4.672729504521594777e+02
1.296799999999999997e+01 4.673381825848001085e+02
1.297199999999999953e+01 4.680572072115567721e+02
1.297600000000000087e+01 4.681241232502856064e+02
1.298000000000000043e+01 4.678790011812447460e+02
1.298399999999999999e+01 4.682349763099684310e+02
1.298799999999999955e+01 4.681340221306815579e+02
1.299200000000000088e+01 4.676235416634584112e+02
1.299600000000000044e+01 4.671429509384127527e+02
1.300000000000000000e+01 4.672849063490305070e+02
1.300399999999999956e+01 4.678778491211027699e+02
1.300800000000000090e+01 4.679531666893327611e+02
1.301200000000000045e+01 4.680313120415476078e+02
1.301600000000000001e+01 4.680845833679700263e+02
1.301999999999999957e+01 4.680667395273621310e+02
1.302400000000000091e+01 4.677299615826233321e+02
1.302800000000000047e+01 4.677817519226416607e+02
1.303200000000000003e+01 4.673507636052140697e+02
1.303599999999999959e+01 4.672993611036242214e+02
1.304000000000000092e+01 4.677515136168132130e+02
1.304400000000000048e+01 4.678305311963798658e+02
1.304800000000000004e+01 4.677874533111851179e+02
1.305199999999999960e+01 4.677731572921507563e+02
1.305600000000000094e+01 4.675714420345667008e+02
1.306000000000000050e+01 4.673002578777119993e+02
1.306400000000000006e+01 4.675074879686461031e+02
1.306799999999999962e+01 4.676699939066257343e+02
1.307200000000000095e+01 4.677993715697276684e+02
1.307600000000000051e+01 4.678309043067667403e+02
1.308000000000000007e+01 4.672487588256273057e+02
1.308399999999999963e+01 4.677822035825836906e+02
1.308800000000000097e+01 4.673479947333956375e+02
1.309200000000000053e+01 4.669617043857373915e+02
1.309600000000000009e+01 4.670975362039528136e+02
1.309999999999999964e+01 4.667953446102089856e+02
1.310400000000000098e+01 4.675257441944184507e+02
1.310800000000000054e+01 4.674783919042652087e+02
1.311200000000000010e+01 4.673620763776024205e+02
1.311599999999999966e+01 4.672584842424223552e+02
1.312000000000000099e+01 4.672635163232981199e+02
1.312400000000000055e+01 4.676122370733153844e+02
1.312800000000000011e+01 4.675758915395752524e+02
1.313199999999999967e+01 4.675442802529810251e+02
1.313600000000000101e+01 4.668842545243753079e+02
1.314000000000000057e+01 4.663828710775060813e+02
1.314400000000000013e+01 4.664036736180240723e+02
1.314799999999999969e+01 4.664914314720484185e+02
1.315200000000000102e+01 4.666123323289921245e+02
1.315600000000000058e+01 4.667621901521461609e+02
1.316000000000000014e+01 4.666852197703602201e+02
1.316399999999999970e+01 4.663145836944605662e+02
1.316800000000000104e+01 4.661797730204618802e+02
1.317200000000000060e+01 4.663940496610711079e+02
1.317600000000000016e+01 4.665411271572631904e+02
1.317999999999999972e+01 4.667103228990217758e+02
1.318400000000000105e+01 4.667759248691511402e+02
1.318800000000000061e+01 4.669670621199771858e+02
1.319200000000000017e+01 4.664398898722880631e+02
1.319599999999999973e+01 4.666060385458870314e+02
1.320000000000000107e+01 4.660892332030265379e+02
1.320400000000000063e+01 4.659587182078242336e+02
1.320800000000000018e+01 4.658219307033546670e+02
1.321199999999999974e+01 4.660088557342866125e+02
1.321600000000000108e+01 4.668392783582648349e+02
1.322000000000000064e+01 4.668535711044011123e+02
1.322400000000000020e+01 4.670383982076313032e+02
1.322799999999999976e+01 4.670813549955952340e+02
1.323200000000000109e+01 4.672190621844394514e+02
1.323600000000000065e+01 4.672886374528993656e+02
1.324000000000000021e+01 4.672383428273267327e+02
1.324399999999999977e+01 4.674514575890995616e+02
1.324800000000000111e+01 4.672261545546884349e+02
1.325200000000000067e+01 4.667715359127580541e+02
1.325600000000000023e+01 4.669995358152287963e+02
1.325999999999999979e+01 4.668031995657223661e+02
1.326400000000000112e+01 4.667420241903146234e+02
1.326800000000000068e+01 4.668326671040410929e+02
1.327200000000000024e+01 4.663663871260714018e+02
1.327599999999999980e+01 4.669100155055610912e+02
1.328000000000000114e+01 4.669498777683425601e+02
1.328400000000000070e+01 4.669511820182475503e+02
1.328800000000000026e+01 4.672830342512997959e+02
1.329199999999999982e+01 4.673582749064237873e+02
1.329600000000000115e+01 4.674218018591383839e+02
1.330000000000000071e+01 4.671537400471002570e+02
1.330400000000000027e+01 4.670690325341335551e+02
1.330799999999999983e+01 4.669768186293044323e+02
1.331200000000000117e+01 4.668989629285741216e+02
1.331600000000000072e+01 4.669119923360319717e+02
1.332000000000000028e+01 4.667360544241244042e+02
1.332399999999999984e+01 4.673947153542096657e+02
1.332799999999999940e+01 4.665441414964414548e+02
1.333200000000000074e+01 4.673874838857901750e+02
1.333600000000000030e+01 4.667865094217054889e+02
1.333999999999999986e+01 4.667742000518363739e+02
1.334399999999999942e+01 4.671589881392526422e+02
1.334800000000000075e+01 4.672858227605070738e+02
1.335200000000000031e+01 4.671363527757815177e+02
1.335599999999999987e+01 4.671528138169292674e+02
1.335999999999999943e+01 4.670467277333736433e+02
1.336400000000000077e+01 4.667552859735396851e+02
1.336800000000000033e+01 4.663694996521936105e+02
1.337199999999999989e+01 4.663516230826043625e+02
1.337599999999999945e+01 4.661954502025074021e+02
1.338000000000000078e+01 4.663484352798251962e+02
1.338400000000000034e+01 4.665424854099874210e+02
1.338799999999999990e+01 4.666392257329311519e+02
1.339199999999999946e+01 4.665283153975310597e+02
1.339600000000000080e+01 4.664461836553931562e+02
1.340000000000000036e+01 4.669976146240261414e+02
1.340399999999999991e+01 4.669461237541867717e+02
1.340799999999999947e+01 4.669482511379716243e+02
1.341200000000000081e+01 4.670432437333136590e+02
1.341600000000000037e+01 4.672393328790112150e+02
1.341999999999999993e+01 4.675260109356161138e+02
1.342399999999999949e+01 4.666289030122272834e+02
1.342800000000000082e+01 4.665646822051090226e+02
1.343200000000000038e+01 4.664180580053080121e+02
1.343599999999999994e+01 4.666101640339806522e+02
1.343999999999999950e+01 4.666885810367403451e+02
1.344400000000000084e+01 4.671938837791208812e+02
1.344800000000000040e+01 4.673624543973365348e+02
1.345199999999999996e+01 4.668221349178568289e+02
1.345599999999999952e+01 4.667819584568549089e+02
1.346000000000000085e+01 4.669281849995330731e+02
1.346400000000000041e+01 4.668625813929546098e+02
1.346799999999999997e+01 4.670782293778805183e+02
1.347199999999999953e+01 4.674247523768030987e+02
1.347600000000000087e+01 4.672310246271067626e+02
1.348000000000000043e+01 4.672559886575977544e+02
1.348399999999999999e+01 4.670187886384819649e+02
1.348799999999999955e+01 4.668236093584646937e+02
1.349200000000000088e+01 4.665478824190047362e+02
1.349600000000000044e+01 4.665159291145558313e+02
1.350000000000000000e+01 4.664390978309404545e+02
1.350399999999999956e+01 4.665744256228437621e+02
1.350800000000000090e+01 4.666372538118074544e+02
1.351200000000000045e+01 4.665770472142463632e+02
1.351600000000000001e+01 4.664598938256621636e+02
1.351999999999999957e+01 4.663803722197833963e+02
1.352400000000000091e+01 4.663862372532333893e+02
1.352800000000000047e+01 4.671279512462803041e+02
1.353200000000000003e+01 4.671126046269459948e+02
1.353599999999999959e+01 4.664554754131858658e+02
1.354000000000000092e+01 4.663747526536931787e+02
1.354400000000000048e+01 4.671162309980746841e+02
1.354800000000000004e+01 4.667070958214650318e+02
1.355199999999999960e+01 4.669350629949544782e+02
1.355600000000000094e+01 4.669586245885965354e+02
1.356000000000000050e+01 4.669041832010923940e+02
1.356400000000000006e+01 4.670471990307044621e+02
1.356799999999999962e+01 4.665046637991903822e+02
1.357200000000000095e+01 4.665363814549738777e+02
1.357600000000000051e+01 4.668129642572949933e+02
1.358000000000000007e+01 4.667417787229547912e+02
1.358399999999999963e+01 4.668389477955536790e+02
1.358800000000000097e+01 4.666471559651015468e+02
1.359200000000000053e+01 4.676959659897410120e+02
1.359600000000000009e+01 4.676393415791837924e+02
1.359999999999999964e+01 4.675270762639576105e+02
1.360400000000000098e+01 4.664904446932620772e+02
1.360800000000000054e+01 4.664554034094269923e+02
1.361200000000000010e+01 4.675251828923890685e+02
1.361599999999999966e+01 4.675755413394752509e+02
1.362000000000000099e+01 4.660416010800831259e+02
1.362400000000000055e+01 4.661334320558309514e+02
1.362800000000000011e+01 4.661677549385264001e+02
1.363199999999999967e+01 4.662772792015682057e+02
1.363600000000000101e+01 4.661039530623688165e+02
1.364000000000000057e+01 4.659547481823918247e+02
1.364400000000000013e+01 4.659774571860708647e+02
1.364799999999999969e+01 4.660820917393056106e+02
1.365200000000000102e+01 4.659125670712849114e+02
1.365600000000000058e+01 4.658787122130221405e+02
1.366000000000000014e+01 4.656594656766016556e+02
1.366399999999999970e+01 4.654406626178778765e+02
1.366800000000000104e+01 4.653512323129087349e+02
1.367200000000000060e+01 4.652532221054903516e+02
1.367600000000000016e+01 4.652032285865457197e+02
1.367999999999999972e+01 4.651745023596535589e+02
1.368400000000000105e+01 4.650218118431675407e+02
1.368800000000000061e+01 4.651794558909742250e+02
1.369200000000000017e+01 4.653151486110190831e+02
1.369599999999999973e+01 4.653613553868266308e+02
1.370000000000000107e+01 4.653218384147979805e+02
1.370400000000000063e+01 4.652190023190860302e+02
1.370800000000000018e+01 4.655738810269360215e+02
1.371199999999999974e+01 4.654176197785894828e+02
1.371600000000000108e+01 4.644819947535509073e+02
1.372000000000000064e+01 4.649512792520044400e+02
1.372400000000000020e+01 4.649634298863142021e+02
1.372799999999999976e+01 4.651888540179562028e+02
1.373200000000000109e+01 4.652876104461483919e+02
1.373600000000000065e+01 4.654227254996732199e+02
1.374000000000000021e+01 4.653022632110789800e+02
1.374399999999999977e+01 4.653485321719510353e+02
1.374800000000000111e+01 4.654360003744908454e+02
1.375200000000000067e+01 4.655708895980446300e+02
1.375600000000000023e+01 4.656973494724631450e+02
1.375999999999999979e+01 4.657294844227582757e+02
1.376400000000000112e+01 4.656600040683441648e+02
1.376800000000000068e+01 4.655660440723623310e+02
1.377200000000000024e+01 4.654965162609253184e+02
1.377599999999999980e+01 4.655279704484092349e+02
1.378000000000000114e+01 4.656446034461906720e+02
1.378400000000000070e+01 4.658226916521700787e+02
1.378800000000000026e+01 4.661953143772349790e+02
1.379199999999999982e+01 4.661114970925598300e+02
1.379600000000000115e+01 4.655683040085214657e+02
1.380000000000000071e+01 4.656843478846394078e+02
1.380400000000000027e+01 4.656660540205385246e+02
1.380799999999999983e+01 4.658077639637964467e+02
1.381200000000000117e+01 4.658394047064738857e+02
1.381600000000000072e+01 4.658624459093131804e+02
1.382000000000000028e+01 4.656025483416617590e+02
1.382399999999999984e+01 4.652359575678515284e+02
1.382799999999999940e+01 4.650095482938722284e+02
1.383200000000000074e+01 4.648322946769161490e+02
1.383600000000000030e+01 4.646978505675081124e+02
1.383999999999999986e+01 4.646484641711667223e+02
1.384399999999999942e+01 4.647309510227517535e+02
1.384800000000000075e+01 4.647259925820839044e+02
1.385200000000000031e+01 4.646964088558816002e+02
1.385599999999999987e+01 4.646071405593699524e+02
1.385999999999999943e+01 4.641735731982154789e+02
1.386400000000000077e+01 4.641084114328846795e+02
1.386800000000000033e+01 4.644543600381853139e+02
1.387199999999999989e+01 4.645673895751249916e+02
1.387599999999999945e+01 4.647538203984391885e+02
1.388000000000000078e+01 4.647953240196331421e+02
1.388400000000000034e+01 4.648755738453459116e+02
1.388799999999999990e+01 4.649217757118062764e+02
1.389199999999999946e+01 4.649587480055384390e+02
1.389600000000000080e+01 4.650049956925726065e+02
1.390000000000000036e+01 4.650948563836458902e+02
1.390399999999999991e+01 4.652187846713603676e+02
1.390799999999999947e+01 4.652710839470379938e+02
1.391200000000000081e+01 4.650965353803868538e+02
1.391600000000000037e+01 4.650632974634217476e+02
1.391999999999999993e+01 4.647378862938904831e+02
1.392399999999999949e+01 4.646939525458345770e+02
1.392800000000000082e+01 4.647903066667989265e+02
1.393200000000000038e+01 4.649166601720281733e+02
1.393599999999999994e+01 4.647999911723673563e+02
1.393999999999999950e+01 4.647241204843532500e+02
1.394400000000000084e+01 4.643893013691456417e+02
1.394800000000000040e+01 4.643046576776924894e+02
1.395199999999999996e+01 4.642159425009649567e+02
1.395599999999999952e+01 4.642872982260079198e+02
1.396000000000000085e+01 4.648296207191434632e+02
1.396400000000000041e+01 4.651130667888444350e+02
1.396799999999999997e+01 4.652394366585643297e+02
1.397199999999999953e+01 4.651423297710299494e+02
1.397600000000000087e+01 4.648921854398076903e+02
1.398000000000000043e+01 4.648957234426868581e+02
1.398399999999999999e+01 4.648614889282409877e+02
1.398799999999999955e+01 4.651670336061196167e+02
1.399200000000000088e+01 4.660568822414547867e+02
1.399600000000000044e+01 4.659467590380551201e+02
1.400000000000000000e+01 4.645491006203712914e+02
1.400399999999999956e+01 4.644119416419639492e+02
1.400800000000000090e+01 4.643280621722242927e+02
1.401200000000000045e+01 4.643138185195600158e+02
1.401600000000000001e+01 4.643864637664664201e+02
1.401999999999999957e+01 4.643974901602683190e+02
1.402400000000000091e+01 4.643629119915187289e+02
1.402800000000000047e+01 4.642834672987460749e+02
1.403200000000000003e+01 4.641638674188092750e+02
1.403599999999999959e+01 4.640968875585668911e+02
1.404000000000000092e+01 4.641477287581273572e+02
1.404400000000000048e+01 4.643035743484113027e+02
1.404800000000000004e+01 4.645341876600393221e+02
1.405199999999999960e+01 4.647701717974995859e+02
1.405600000000000094e+01 4.649017063004695842e+02
1.406000000000000050e+01 4.648862745857838945e+02
1.406400000000000006e+01 4.647648533380374261e+02
1.406799999999999962e+01 4.646219520598599502e+02
1.407200000000000095e+01 4.645608306872712774e+02
1.407600000000000051e+01 4.646931081381168838e+02
1.408000000000000007e+01 4.647484724828938170e+02
1.408399999999999963e+01 4.649396768281314962e+02
1.408800000000000097e+01 4.649402152198740055e+02
1.409200000000000053e+01 4.649349540361290565e+02
1.409600000000000009e+01 4.649410432631010508e+02
1.409999999999999964e+01 4.648340554961104090e+02
1.410400000000000098e+01 4.648147339419965647e+02
1.410800000000000054e+01 4.649025016147152769e+02
1.411200000000000010e+01 4.650454388947721895e+02
1.411599999999999966e+01 4.651445455230643802e+02
1.412000000000000099e+01 4.651128638691603214e+02
1.412400000000000055e+01 4.658156860137215176e+02
1.412800000000000011e+01 4.655703757530381495e+02
1.413199999999999967e+01 4.653250720381510064e+02
1.413600000000000101e+01 4.651482913549748446e+02
1.414000000000000057e+01 4.650582915657309968e+02
1.414400000000000013e+01 4.650607986056990057e+02
1.414799999999999969e+01 4.647807547136048356e+02
1.415200000000000102e+01 4.643558572595982810e+02
1.415600000000000058e+01 4.649377556369288413e+02
1.416000000000000014e+01 4.646950326022176796e+02
1.416399999999999970e+01 4.647697594123351337e+02
1.416800000000000104e+01 4.650776311207845879e+02
1.417200000000000060e+01 4.653487776393108106e+02
1.417600000000000016e+01 4.647184158229116520e+02
1.417999999999999972e+01 4.646198770424451254e+02
1.418400000000000105e+01 4.646820015583107875e+02
1.418800000000000061e+01 4.649159106783562834e+02
1.419200000000000017e+01 4.652263794314723668e+02
1.419599999999999973e+01 4.654717846062015383e+02
1.420000000000000107e+01 4.655636041268059557e+02
1.420400000000000063e+01 4.655212953726719434e+02
1.420800000000000018e+01 4.654657690194375164e+02
1.421199999999999974e+01 4.654915267277252156e+02
1.421600000000000108e+01 4.647009990955097578e+02
1.422000000000000064e+01 4.647760417402968187e+02
1.422400000000000020e+01 4.656288100762615727e+02
1.422799999999999976e+01 4.656371412384529549e+02
1.423200000000000109e+01 4.647665650637596855e+02
1.423600000000000065e+01 4.647182636331485810e+02
1.424000000000000021e+01 4.648394017752067384e+02
1.424399999999999977e+01 4.640527934385026469e+02
1.424800000000000111e+01 4.645954334027568962e+02
1.425200000000000067e+01 4.655118088774404441e+02
1.425600000000000023e+01 4.652844488265542395e+02
1.425999999999999979e+01 4.650129439256827482e+02
1.426400000000000112e+01 4.651471343854856286e+02
1.426800000000000068e+01 4.652213293496569122e+02
1.427200000000000024e+01 4.649096627158249930e+02
1.427599999999999980e+01 4.651205420881746591e+02
1.428000000000000114e+01 4.653058584896754155e+02
1.428400000000000070e+01 4.648432768865933440e+02
1.428800000000000026e+01 4.646999861335383457e+02
1.429199999999999982e+01 4.647675485696479427e+02
1.429600000000000115e+01 4.646132657882213834e+02
1.430000000000000071e+01 4.651362863646318146e+02
1.430400000000000027e+01 4.650245528953519170e+02
1.430799999999999983e+01 4.650030319536942329e+02
1.431200000000000117e+01 4.663549548929012758e+02
1.431600000000000072e+01 4.666385400607728116e+02
1.432000000000000028e+01 4.652677030432690799e+02
1.432399999999999984e+01 4.652847728434691703e+02
1.432800000000000118e+01 4.653263484684219407e+02
1.433200000000000074e+01 4.652510243543956676e+02
1.433600000000000030e+01 4.661344564729458284e+02
1.433999999999999986e+01 4.657175743464611060e+02
1.434399999999999942e+01 4.655736502876177951e+02
1.434800000000000075e+01 4.658211615722939882e+02
1.435200000000000031e+01 4.662708021361677879e+02
1.435599999999999987e+01 4.667222624314021573e+02
1.435999999999999943e+01 4.670427609808393754e+02
1.436400000000000077e+01 4.673168923824607077e+02
1.436800000000000033e+01 4.671191700605959909e+02
1.437199999999999989e+01 4.668994931380713069e+02
1.437599999999999945e+01 4.665245728385187363e+02
1.438000000000000078e+01 4.665717909398485972e+02
1.438400000000000034e+01 4.667370281113182386e+02
1.438799999999999990e+01 4.669055430902656667e+02
1.439199999999999946e+01 4.669112624797488706e+02
1.439600000000000080e+01 4.670547463337935596e+02
1.440000000000000036e+01 4.671318296305650506e+02
1.440399999999999991e+01 4.656524142175793486e+02
1.440799999999999947e+01 4.661424292527919420e+02
1.441200000000000081e+01 4.657761854061835720e+02
1.441600000000000037e+01 4.664039305405273126e+02
1.441999999999999993e+01 4.664402073434067120e+02
1.442399999999999949e+01 4.662935618697678137e+02
1.442800000000000082e+01 4.665141813869541352e+02
1.443200000000000038e+01 4.662700886443752779e+02
1.443599999999999994e+01 4.660675911641380367e+02
1.443999999999999950e+01 4.662056780091654673e+02
1.444400000000000084e+01 4.652244238748393741e+02
1.444800000000000040e+01 4.648088509076068249e+02
1.445199999999999996e+01 4.648280219084066971e+02
1.445599999999999952e+01 4.649820134018996782e+02
1.446000000000000085e+01 4.649809988034791672e+02
1.446400000000000041e+01 4.651029420784774970e+02
1.446799999999999997e+01 4.643597552812718163e+02
1.447199999999999953e+01 4.647125475165635180e+02
1.447600000000000087e+01 4.648493988425465773e+02
1.448000000000000043e+01 4.650368115352999894e+02
1.448399999999999999e+01 4.650914231135068917e+02
1.448799999999999955e+01 4.649296846701388404e+02
1.449200000000000088e+01 4.647479357276004066e+02
1.449600000000000044e+01 4.647603629218022547e+02
1.450000000000000000e+01 4.648789105649900648e+02
1.450399999999999956e+01 4.643699847243789236e+02
1.450800000000000090e+01 4.642239120079129293e+02
1.451200000000000045e+01 4.636552214109883039e+02
1.451600000000000001e+01 4.633774096354191556e+02
1.451999999999999957e+01 4.633641920363187978e+02
1.452400000000000091e+01 4.636096839428484486e+02
1.452800000000000047e+01 4.637299678584945468e+02
1.453200000000000003e+01 4.638060611035814986e+02
1.453599999999999959e+01 4.635704124381795737e+02
1.454000000000000092e+01 4.632054352031477151e+02
1.454400000000000048e+01 4.629273550499318617e+02
1.454800000000000004e+01 4.627739330407136435e+02
1.455199999999999960e+01 4.625801218321149690e+02
1.455600000000000094e+01 4.624578970878774271e+02
1.456000000000000050e+01 4.623811819921456276e+02
1.456400000000000006e+01 4.623653493474389506e+02
1.456799999999999962e+01 4.624377720372724525e+02
1.457200000000000095e+01 4.626145789036337419e+02
1.457600000000000051e+01 4.629050011557000062e+02
1.458000000000000007e+01 4.632167856138645448e+02
1.458399999999999963e+01 4.634068755372887836e+02
1.458800000000000097e+01 4.634266732980806864e+02
1.459200000000000053e+01 4.644697164762140460e+02
1.459600000000000009e+01 4.632696020074468493e+02
1.459999999999999964e+01 4.636641253303525332e+02
1.460400000000000098e+01 4.634509467470661548e+02
1.460800000000000054e+01 4.626964177213889116e+02
1.461200000000000010e+01 4.624586776740815708e+02
1.461599999999999966e+01 4.623654148054015423e+02
1.462000000000000099e+01 4.630748662051262841e+02
1.462400000000000055e+01 4.633807005344894492e+02
1.462800000000000011e+01 4.633671130979003578e+02
1.463199999999999967e+01 4.634750516417978474e+02
1.463600000000000101e+01 4.636593387168365439e+02
1.464000000000000057e+01 4.633245408754667665e+02
1.464400000000000013e+01 4.628832282008862649e+02
1.464799999999999969e+01 4.626898015578179297e+02
1.465200000000000102e+01 4.625551823483598923e+02
1.465600000000000058e+01 4.634245360956014110e+02
1.466000000000000014e+01 4.630583397060158859e+02
1.466399999999999970e+01 4.628709417413040796e+02
1.466800000000000104e+01 4.625307779834492408e+02
1.467200000000000060e+01 4.622887733498777152e+02
1.467600000000000016e+01 4.623198593363219970e+02
1.467999999999999972e+01 4.626154494945364490e+02
1.468400000000000105e+01 4.619369089812060452e+02
1.468800000000000061e+01 4.621785405043906394e+02
1.469200000000000017e+01 4.620599994069991112e+02
1.469599999999999973e+01 4.635619863619423882e+02
1.470000000000000107e+01 4.636880240325020281e+02
1.470400000000000063e+01 4.642411519988157806e+02
1.470800000000000018e+01 4.637860113296335385e+02
1.471199999999999974e+01 4.639510341262756583e+02
1.471600000000000108e+01 4.652870491441189529e+02
1.472000000000000064e+01 4.650765248812164714e+02
1.472400000000000020e+01 4.648720538434064906e+02
1.472799999999999976e+01 4.647512888117352077e+02
1.473200000000000109e+01 4.631867616828636756e+02
1.473600000000000065e+01 4.636586857736594993e+02
1.474000000000000021e+01 4.622421770991926451e+02
1.474399999999999977e+01 4.622458902021217568e+02
1.474800000000000111e+01 4.622332535424395701e+02
1.475200000000000067e+01 4.621496948167167602e+02
1.475600000000000023e+01 4.632270854242815403e+02
1.475999999999999979e+01 4.632710437190733614e+02
1.476400000000000112e+01 4.630218256180220351e+02
1.476800000000000068e+01 4.624363106882571515e+02
1.477200000000000024e+01 4.623660382924954320e+02
1.477599999999999980e+01 4.619625586838553772e+02
1.478000000000000114e+01 4.621054665078291350e+02
1.478400000000000070e+01 4.621766765889052522e+02
1.478800000000000026e+01 4.623726610018626957e+02
1.479199999999999982e+01 4.622771365605744336e+02
1.479600000000000115e+01 4.621988897485175585e+02
1.480000000000000071e+01 4.621297579577543502e+02
1.480400000000000027e+01 4.619095540986306219e+02
1.480799999999999983e+01 4.619248336235532406e+02
1.481200000000000117e+01 4.623831162749407895e+02
1.481600000000000072e+01 4.624196074526477673e+02
1.482000000000000028e+01 4.629191809868507335e+02
1.482399999999999984e+01 4.629578502782635496e+02
1.482800000000000118e+01 4.631709797680779843e+02
1.483200000000000074e+01 4.631976326140044193e+02
1.483600000000000030e+01 4.631245978922204358e+02
1.483999999999999986e+01 4.633745360308604972e+02
1.484400000000000119e+01 4.637542854916047190e+02
1.484800000000000075e+01 4.631368074386966214e+02
1.485200000000000031e+01 4.629035103506014934e+02
1.485599999999999987e+01 4.630565887055160488e+02
1.485999999999999943e+01 4.632781557267111339e+02
1.486400000000000077e+01 4.626492781696141492e+02
1.486800000000000033e+01 4.624503088735616529e+02
1.487199999999999989e+01 4.626936423037741974e+02
1.487599999999999945e+01 4.621230517894847480e+02
1.488000000000000078e+01 4.621755654399899527e+02
1.488400000000000034e+01 4.622872383606544986e+02
1.488799999999999990e+01 4.620722956852756624e+02
1.489199999999999946e+01 4.619946085387991275e+02
1.489600000000000080e+01 4.618229810337295476e+02
1.490000000000000036e+01 4.615127119273994367e+02
1.490399999999999991e+01 4.615202265015072385e+02
1.490799999999999947e+01 4.614735909760445338e+02
1.491200000000000081e+01 4.616432252861526422e+02
1.491600000000000037e+01 4.616013551003680959e+02
1.491999999999999993e+01 4.620730124499663134e+02
1.492399999999999949e+01 4.620327934412886179e+02
1.492800000000000082e+01 4.623194813165878827e+02
1.493200000000000038e+01 4.621291279248641786e+02
1.493599999999999994e+01 4.620552798878948124e+02
1.493999999999999950e+01 4.619791604596227899e+02
1.494400000000000084e+01 4.617197276435059052e+02
1.494800000000000040e+01 4.615801221737459628e+02
1.495199999999999996e+01 4.615844604002180063e+02
1.495599999999999952e+01 4.621105362270334354e+02
1.496000000000000085e+01 4.619344641263024869e+02
1.496400000000000041e+01 4.617194772667989469e+02
1.496799999999999997e+01 4.615647199151434279e+02
1.497199999999999953e+01 4.615716830059162135e+02
1.497600000000000087e+01 4.612192867912983161e+02
1.498000000000000043e+01 4.615689174069959222e+02
1.498399999999999999e+01 4.625965026872585213e+02
1.498799999999999955e+01 4.626268293613364904e+02
1.499200000000000088e+01 4.614964848984679975e+02
1.499600000000000044e+01 4.616432612880320789e+02
1.500000000000000000e+01 4.614024692632179381e+02
1.500399999999999956e+01 4.615730314399460212e+02
1.500800000000000090e+01 4.616747891157239678e+02
1.501200000000000045e+01 4.629029375934286463e+02
1.501600000000000001e+01 4.617320026479446824e+02
1.501999999999999957e+01 4.617688767547329007e+02
1.502400000000000091e+01 4.618168967161047931e+02
1.502800000000000047e+01 4.619521115930226074e+02
1.503200000000000003e+01 4.621292277482571649e+02
1.503599999999999959e+01 4.621380089339415349e+02
1.504000000000000092e+01 4.619387958069783053e+02
1.504400000000000048e+01 4.616918474607805365e+02
1.504800000000000004e+01 4.614941235024667776e+02
1.505199999999999960e+01 4.613576256494817471e+02
1.505600000000000094e+01 4.613044999670261745e+02
1.506000000000000050e+01 4.613277817278780617e+02
1.506400000000000006e+01 4.613686913180612805e+02
1.506799999999999962e+01 4.613793871491520235e+02
1.507200000000000095e+01 4.613662202799727083e+02
1.507600000000000051e+01 4.616181139752457625e+02
1.508000000000000007e+01 4.615852933527922914e+02
1.508399999999999963e+01 4.615945278348676766e+02
1.508800000000000097e+01 4.616891293188830900e+02
1.509200000000000053e+01 4.618157102905324223e+02
1.509600000000000009e+01 4.618637138874136667e+02
1.509999999999999964e+01 4.617688669360384779e+02
1.510400000000000098e+01 4.615605764261101172e+02
1.510800000000000054e+01 4.613440643960777265e+02
1.511200000000000010e+01 4.612484974071137458e+02
1.511599999999999966e+01 4.613087629168412604e+02
1.512000000000000099e+01 4.615737596597800803e+02
1.512400000000000055e+01 4.619949440108575232e+02
1.512800000000000011e+01 4.622202404994724247e+02
1.513199999999999967e+01 4.621296041315421803e+02
1.513600000000000101e+01 4.622626245302634516e+02
1.514000000000000057e+01 4.619449930395885531e+02
1.514400000000000013e+01 4.617458273696482820e+02
1.514799999999999969e+01 4.619113967402781213e+02
1.515200000000000102e+01 4.621709588358711471e+02
1.515600000000000058e+01 4.623943881361025205e+02
1.516000000000000014e+01 4.623107950449493160e+02
1.516399999999999970e+01 4.621010644598434851e+02
1.516800000000000104e+01 4.615626367154833360e+02
1.517200000000000060e+01 4.612388030828510068e+02
1.517600000000000016e+01 4.610236296681540011e+02
1.517999999999999972e+01 4.610688152997448128e+02
1.518400000000000105e+01 4.613335469379350684e+02
1.518800000000000061e+01 4.616210644929104774e+02
1.519200000000000017e+01 4.617976095274212867e+02
1.519599999999999973e+01 4.618612755783063903e+02
1.520000000000000107e+01 4.617917984967904204e+02
1.520400000000000063e+01 4.615079760438044332e+02
1.520800000000000018e+01 4.610571997842793621e+02
1.521199999999999974e+01 4.610016570665543441e+02
1.521600000000000108e+01 4.607621643822980673e+02
1.522000000000000064e+01 4.606855360183667472e+02
1.522400000000000020e+01 4.607173011311730875e+02
1.522799999999999976e+01 4.608092384761102380e+02
1.523200000000000109e+01 4.608952764221669440e+02
1.523600000000000065e+01 4.608964579383920750e+02
1.524000000000000021e+01 4.608234723100800920e+02
1.524399999999999977e+01 4.607687461804386544e+02
1.524800000000000111e+01 4.607997732547165697e+02
1.525200000000000067e+01 4.609276388388821601e+02
1.525600000000000023e+01 4.611188939140408252e+02
1.525999999999999979e+01 4.611994399370344695e+02
1.526400000000000112e+01 4.612532005617273967e+02
1.526800000000000068e+01 4.611632384108120846e+02
1.527200000000000024e+01 4.610007946578969040e+02
1.527599999999999980e+01 4.608481990554566892e+02
1.528000000000000114e+01 4.607685825355321185e+02
1.528400000000000070e+01 4.607759236460390184e+02
1.528800000000000026e+01 4.607428510104294901e+02
1.529199999999999982e+01 4.615583884937097991e+02
1.529600000000000115e+01 4.620752511122876172e+02
1.530000000000000071e+01 4.621079490010611721e+02
1.530400000000000027e+01 4.620841124839761278e+02
1.530799999999999983e+01 4.617815494162944674e+02
1.531200000000000117e+01 4.614796507469333164e+02
1.531600000000000072e+01 4.611231748647956579e+02
1.532000000000000028e+01 4.608521101687227315e+02
1.532399999999999984e+01 4.608389760285247121e+02
1.532800000000000118e+01 4.611860472378841109e+02
1.533200000000000074e+01 4.612760977570490013e+02
1.533600000000000030e+01 4.609472304070918085e+02
1.533999999999999986e+01 4.603911388315208910e+02
1.534400000000000119e+01 4.599903708189820009e+02
1.534800000000000075e+01 4.599495594157427263e+02
1.535200000000000031e+01 4.601133843316690104e+02
1.535599999999999987e+01 4.605765141451879572e+02
1.535999999999999943e+01 4.609925616826494661e+02
1.536400000000000077e+01 4.610850079632458574e+02
1.536800000000000033e+01 4.608775062217669642e+02
1.537199999999999989e+01 4.606300685772986867e+02
1.537599999999999945e+01 4.608152016965041184e+02
1.538000000000000078e+01 4.607743166530569283e+02
1.538400000000000034e+01 4.605828161105384311e+02
1.538799999999999990e+01 4.606295334584543184e+02
1.539199999999999946e+01 4.605306575694804110e+02
1.539600000000000080e+01 4.604801469326311008e+02
1.540000000000000036e+01 4.605608533276331400e+02
1.540399999999999991e+01 4.603307374965209533e+02
1.540799999999999947e+01 4.606553009854363836e+02
1.541200000000000081e+01 4.612914787418136484e+02
1.541600000000000037e+01 4.613590149947382315e+02
1.541999999999999993e+01 4.612708774845306721e+02
1.542399999999999949e+01 4.610465219541283659e+02
1.542800000000000082e+01 4.607264374263046420e+02
1.543200000000000038e+01 4.600475630773648845e+02
1.543599999999999994e+01 4.603746892455165494e+02
1.543999999999999950e+01 4.598622597674566350e+02
1.544400000000000084e+01 4.600494188106048910e+02
1.544800000000000040e+01 4.598568578490921368e+02
1.545199999999999996e+01 4.599980523108944794e+02
1.545599999999999952e+01 4.601621276035277788e+02
1.546000000000000085e+01 4.601792219504637842e+02
1.546400000000000041e+01 4.604967716186853863e+02
1.546799999999999997e+01 4.606116339785781975e+02
1.547199999999999953e+01 4.612020860751730424e+02
1.547600000000000087e+01 4.611749602954668035e+02
1.548000000000000043e+01 4.610392643025238044e+02
1.548399999999999999e+01 4.609925076798302825e+02
1.548799999999999955e+01 4.605645206099884490e+02
1.549200000000000088e+01 4.599592570129036631e+02
1.549600000000000044e+01 4.597023181451622804e+02
1.550000000000000000e+01 4.599099180735851178e+02
1.550399999999999956e+01 4.597911576920188281e+02
1.550800000000000090e+01 4.596445040361346059e+02
1.551200000000000045e+01 4.594649839372231099e+02
1.551600000000000001e+01 4.583939591165223533e+02
1.551999999999999957e+01 4.588519799360594789e+02
1.552400000000000091e+01 4.591251687430191737e+02
1.552800000000000047e+01 4.595186103730927130e+02
1.553200000000000003e+01 4.599773070460938129e+02
1.553599999999999959e+01 4.599830673468036366e+02
1.554000000000000092e+01 4.603034267980703476e+02
1.554400000000000048e+01 4.600151417484833019e+02
1.554800000000000004e+01 4.598019157081740218e+02
1.555199999999999960e+01 4.597826203372451914e+02
1.555600000000000094e+01 4.599326352595094818e+02
1.556000000000000050e+01 4.601902516171638808e+02
1.556400000000000006e+01 4.600071967882713579e+02
1.556799999999999962e+01 4.596944206419731813e+02
1.557200000000000095e+01 4.593533977483590434e+02
1.557600000000000051e+01 4.592980317671330681e+02
1.558000000000000007e+01 4.596265341889486535e+02
1.558399999999999963e+01 4.601025641304493092e+02
1.558800000000000097e+01 4.608146878514976379e+02
1.559200000000000053e+01 4.609639729174788272e+02
1.559600000000000009e+01 4.606728568110088418e+02
1.559999999999999964e+01 4.604272781726787684e+02
1.560400000000000098e+01 4.605480350221047274e+02
1.560800000000000054e+01 4.605177247125174063e+02
1.561200000000000010e+01 4.606142817531658125e+02
1.561599999999999966e+01 4.605243245115976833e+02
1.562000000000000099e+01 4.603641161481057225e+02
1.562400000000000055e+01 4.606037741137175772e+02
1.562800000000000011e+01 4.604351020356598951e+02
1.563199999999999967e+01 4.604578961346903725e+02
1.563600000000000101e+01 4.604979793180955880e+02
1.564000000000000057e+01 4.604742508066488540e+02
1.564400000000000013e+01 4.602874926935215854e+02
1.564799999999999969e+01 4.601301252056069302e+02
1.565200000000000102e+01 4.608725985110201577e+02
1.565600000000000058e+01 4.603607957929522172e+02
1.566000000000000014e+01 4.605568309358306465e+02
1.566399999999999970e+01 4.605100988598731533e+02
1.566800000000000104e+01 4.601961559253914515e+02
1.567200000000000060e+01 4.601885448007887476e+02
1.567600000000000016e+01 4.597942211246690363e+02
1.567999999999999972e+01 4.596751629093728297e+02
1.568400000000000105e+01 4.591360838582846782e+02
1.568800000000000061e+01 4.590841560565448276e+02
1.569200000000000017e+01 4.590138705691906011e+02
1.569599999999999973e+01 4.596867587874494916e+02
1.570000000000000107e+01 4.595716951443216658e+02
1.570400000000000063e+01 4.597318724152814298e+02
1.570800000000000018e+01 4.597582388826214128e+02
1.571199999999999974e+01 4.596140775386636506e+02
1.571600000000000108e+01 4.592685347727311864e+02
1.572000000000000064e+01 4.588757771783669455e+02
1.572400000000000020e+01 4.573606004439574235e+02
1.572799999999999976e+01 4.569985262695673782e+02
1.573200000000000109e+01 4.582285959384747116e+02
1.573600000000000065e+01 4.589510767456572466e+02
1.574000000000000021e+01 4.587536784407074606e+02
1.574399999999999977e+01 4.584725397641885820e+02
1.574800000000000111e+01 4.580076229482903045e+02
1.575200000000000067e+01 4.578494666919261817e+02
1.575600000000000023e+01 4.578840219503888989e+02
1.575999999999999979e+01 4.580939358177899976e+02
1.576400000000000112e+01 4.582532343156017305e+02
1.576800000000000068e+01 4.579734440731126597e+02
1.577200000000000024e+01 4.576429271824976581e+02
1.577599999999999980e+01 4.572892283544238126e+02
1.578000000000000114e+01 4.572241991414672384e+02
1.578400000000000070e+01 4.575434801727999456e+02
1.578800000000000026e+01 4.573011220662303344e+02
1.579199999999999982e+01 4.573717773910733513e+02
1.579600000000000115e+01 4.574530827264332515e+02
1.580000000000000071e+01 4.574521564962623188e+02
1.580400000000000027e+01 4.572178169901126239e+02
1.580799999999999983e+01 4.572877784605519196e+02
1.581200000000000117e+01 4.576381029306531900e+02
1.581600000000000072e+01 4.576728545630037388e+02
1.582000000000000028e+01 4.574816584000113835e+02
1.582399999999999984e+01 4.575416178937636573e+02
1.582800000000000118e+01 4.574789778964424158e+02
1.583200000000000074e+01 4.571505654793253939e+02
1.583600000000000030e+01 4.568538772637881493e+02
1.583999999999999986e+01 4.568753802045060866e+02
1.584400000000000119e+01 4.569324006357370536e+02
1.584800000000000075e+01 4.574577073314917470e+02
1.585200000000000031e+01 4.573548761451270366e+02
1.585599999999999987e+01 4.578226027440703660e+02
1.586000000000000121e+01 4.579216995536681338e+02
1.586400000000000077e+01 4.580420898385034434e+02
1.586800000000000033e+01 4.583021805071445556e+02
1.587199999999999989e+01 4.584224235115640340e+02
1.587599999999999945e+01 4.585096020626193081e+02
1.588000000000000078e+01 4.584132561239002825e+02
1.588400000000000034e+01 4.579851185007444201e+02
1.588799999999999990e+01 4.578949697946356991e+02
1.589199999999999946e+01 4.578896120603959048e+02
1.589600000000000080e+01 4.580891737510100370e+02
1.590000000000000036e+01 4.591882080339123036e+02
1.590399999999999991e+01 4.596572945220289057e+02
1.590799999999999947e+01 4.597232336006657647e+02
1.591200000000000081e+01 4.589985075853656440e+02
1.591600000000000037e+01 4.584307661288988811e+02
1.591999999999999993e+01 4.580928852174901067e+02
1.592399999999999949e+01 4.577849349594854971e+02
1.592800000000000082e+01 4.571986869005393714e+02
1.593200000000000038e+01 4.572033704177642335e+02
1.593599999999999994e+01 4.574435094994013298e+02
1.593999999999999950e+01 4.574006116236037656e+02
1.594400000000000084e+01 4.573654770621719763e+02
1.594800000000000040e+01 4.572279269724380129e+02
1.595199999999999996e+01 4.571434567445858193e+02
1.595599999999999952e+01 4.573143609391685231e+02
1.596000000000000085e+01 4.576407048846670023e+02
1.596400000000000041e+01 4.577939027003632759e+02
1.596799999999999997e+01 4.575313606310223804e+02
1.597199999999999953e+01 4.568598764860615233e+02
1.597600000000000087e+01 4.567923140499518695e+02
1.598000000000000043e+01 4.560970130252947570e+02
1.598399999999999999e+01 4.563992520760614866e+02
1.598799999999999955e+01 4.567029966599683348e+02
1.599200000000000088e+01 4.571279006597711145e+02
1.599600000000000044e+01 4.569672504550314898e+02
1.600000000000000000e+01 4.568686511259496115e+02
1.600400000000000134e+01 4.569641608391962677e+02
1.600799999999999912e+01 4.572633790049884510e+02
1.601200000000000045e+01 4.576038749620035446e+02
1.601600000000000179e+01 4.577607907899762267e+02
1.601999999999999957e+01 4.576611637708812736e+02
1.602400000000000091e+01 4.574987691114380368e+02
1.602799999999999869e+01 4.575693851615034760e+02
1.603200000000000003e+01 4.579523273343741039e+02
1.603600000000000136e+01 4.584101239603892850e+02
1.603999999999999915e+01 4.586287748293500499e+02
1.604400000000000048e+01 4.585284539558514325e+02
1.604800000000000182e+01 4.582171309763232898e+02
1.605199999999999960e+01 4.578461676106105642e+02
1.605600000000000094e+01 4.575628590026311144e+02
1.605999999999999872e+01 4.574492763459073785e+02
1.606400000000000006e+01 4.575343487870156309e+02
1.606800000000000139e+01 4.573348034608921466e+02
1.607199999999999918e+01 4.544229747249739830e+02
1.607600000000000051e+01 4.542836572702494777e+02
1.608000000000000185e+01 4.542454920051487761e+02
1.608399999999999963e+01 4.544107340859656006e+02
1.608800000000000097e+01 4.545992431995927063e+02
1.609199999999999875e+01 4.544259759725596837e+02
1.609600000000000009e+01 4.543846327233741818e+02
1.610000000000000142e+01 4.570608880705474917e+02
1.610399999999999920e+01 4.569740908121244161e+02
1.610800000000000054e+01 4.568701370217008844e+02
1.611200000000000188e+01 4.563342850481694768e+02
1.611599999999999966e+01 4.536329134807421042e+02
1.612000000000000099e+01 4.557649284164752430e+02
1.612399999999999878e+01 4.537963652862814570e+02
1.612800000000000011e+01 4.536684931563196415e+02
1.613200000000000145e+01 4.553059011807629872e+02
1.613599999999999923e+01 4.567637874698457381e+02
1.614000000000000057e+01 4.569277793035766990e+02
1.614400000000000190e+01 4.570555336092058383e+02
1.614799999999999969e+01 4.570595592739064728e+02
1.615200000000000102e+01 4.560018829682312571e+02
1.615599999999999881e+01 4.537463128551704585e+02
1.616000000000000014e+01 4.544339945729796000e+02
1.616400000000000148e+01 4.541243522266415198e+02
1.616799999999999926e+01 4.566653386940778319e+02
1.617200000000000060e+01 4.569249056990180407e+02
1.617600000000000193e+01 4.572256653998297793e+02
1.617999999999999972e+01 4.573037567492254425e+02
1.618400000000000105e+01 4.570488568970194478e+02
1.618799999999999883e+01 4.554141686509226474e+02
1.619200000000000017e+01 4.553524352463836067e+02
1.619600000000000151e+01 4.562849297443602836e+02
1.619999999999999929e+01 4.567185429260885599e+02
1.620400000000000063e+01 4.560333682482474842e+02
1.620800000000000196e+01 4.556559179984399179e+02
1.621199999999999974e+01 4.547911004880074302e+02
1.621600000000000108e+01 4.539507544368972844e+02
1.621999999999999886e+01 4.535673311480014718e+02
1.622400000000000020e+01 4.537125365464628999e+02
1.622800000000000153e+01 4.542386712854446387e+02
1.623199999999999932e+01 4.551805131804822508e+02
1.623600000000000065e+01 4.552544381305576735e+02
1.624000000000000199e+01 4.549376805036836799e+02
1.624399999999999977e+01 4.548017112237467927e+02
1.624800000000000111e+01 4.555605130179334878e+02
1.625199999999999889e+01 4.562430595585757374e+02
1.625600000000000023e+01 4.569607766625292129e+02
1.626000000000000156e+01 4.572057039941313406e+02
1.626399999999999935e+01 4.557574236610618073e+02
1.626800000000000068e+01 4.553814003948392610e+02
1.627200000000000202e+01 4.548756198093316243e+02
1.627599999999999980e+01 4.547477378606753859e+02
1.628000000000000114e+01 4.550493845168804796e+02
1.628399999999999892e+01 4.554569356107949716e+02
1.628800000000000026e+01 4.558028285768273804e+02
1.629200000000000159e+01 4.553125648013568139e+02
1.629599999999999937e+01 4.545089472130680974e+02
1.630000000000000071e+01 4.539935410341583975e+02
1.630400000000000205e+01 4.540374305980894860e+02
1.630799999999999983e+01 4.543866422828263580e+02
1.631200000000000117e+01 4.544999925637828255e+02
1.631599999999999895e+01 4.541324428308203096e+02
1.632000000000000028e+01 4.537008392085441528e+02
1.632400000000000162e+01 4.537343471396050631e+02
1.632799999999999940e+01 4.540820991117756762e+02
1.633200000000000074e+01 4.561086939987227993e+02
1.633600000000000207e+01 4.571237211688583670e+02
1.633999999999999986e+01 4.577445212133690688e+02
1.634400000000000119e+01 4.573661709165756406e+02
1.634799999999999898e+01 4.577498920392013702e+02
1.635200000000000031e+01 4.569191584899007239e+02
1.635600000000000165e+01 4.564465029063727002e+02
1.635999999999999943e+01 4.572786307102769570e+02
1.636400000000000077e+01 4.579829976627557926e+02
1.636800000000000210e+01 4.586590916847335961e+02
1.637199999999999989e+01 4.593902325803696840e+02
1.637600000000000122e+01 4.594496291356434767e+02
1.637999999999999901e+01 4.593398430407512478e+02
1.638400000000000034e+01 4.735018557158509793e+02
1.638800000000000168e+01 4.734360295521996136e+02
1.639199999999999946e+01 4.732845099150197825e+02
1.639600000000000080e+01 4.730856756260151883e+02
1.639999999999999858e+01 4.730061810215460127e+02
1.640399999999999991e+01 4.731442408651638516e+02
1.640800000000000125e+01 4.734084177471209500e+02
1.641199999999999903e+01 4.736019622145220183e+02
1.641600000000000037e+01 4.736235175216100401e+02
1.642000000000000171e+01 4.735258526049444185e+02
1.642399999999999949e+01 4.734344831078329321e+02
1.642800000000000082e+01 4.734924952271974803e+02
1.643199999999999861e+01 4.737361444920796316e+02
1.643599999999999994e+01 4.733350761911373183e+02
1.644000000000000128e+01 4.733106202780810463e+02
1.644399999999999906e+01 4.730092771831775735e+02
1.644800000000000040e+01 4.725735783471155287e+02
1.645200000000000173e+01 4.733771173858491466e+02
1.645599999999999952e+01 4.731611658396216171e+02
1.646000000000000085e+01 4.732248073437708058e+02
1.646399999999999864e+01 4.734775429920879333e+02
1.646799999999999997e+01 4.736653697064548396e+02
1.647200000000000131e+01 4.738278682804137247e+02
1.647599999999999909e+01 4.737587127611390656e+02
1.648000000000000043e+01 4.737759257506323252e+02
1.648400000000000176e+01 4.739009218213619192e+02
1.648799999999999955e+01 4.730832553178476587e+02
1.649200000000000088e+01 4.732984221867483825e+02
1.649599999999999866e+01 4.734129719848696709e+02
1.650000000000000000e+01 4.734180187937870414e+02
1.650400000000000134e+01 4.733230556545282184e+02
1.650799999999999912e+01 4.731887506432906889e+02
1.651200000000000045e+01 4.731318341265753133e+02
1.651600000000000179e+01 4.731973878214573119e+02
1.651999999999999957e+01 4.732719738969551599e+02
1.652400000000000091e+01 4.732619588286755743e+02
1.652799999999999869e+01 4.731873653891569234e+02
1.653200000000000003e+01 4.730843394653534233e+02
1.653600000000000136e+01 4.729478522492873367e+02
1.653999999999999915e+01 4.727568516419582920e+02
1.654400000000000048e+01 4.725403060647200277e+02
1.654800000000000182e+01 4.725120985921816441e+02
1.655199999999999960e+01 4.726413224290714084e+02
1.655600000000000094e+01 4.729412958161072424e+02
1.655999999999999872e+01 4.733013727044130974e+02
1.656400000000000006e+01 4.736889075715854460e+02
1.656800000000000139e+01 4.738680103759853068e+02
1.657199999999999918e+01 4.738081343411353714e+02
1.657600000000000051e+01 4.735433487001259323e+02
1.658000000000000185e+01 4.735644777122324740e+02
1.658399999999999963e+01 4.735499100426532664e+02
1.658800000000000097e+01 4.736749412970377193e+02
1.659199999999999875e+01 4.737911111797336616e+02
1.659600000000000009e+01 4.737675094930895057e+02
1.660000000000000142e+01 4.730177638080301676e+02
1.660399999999999920e+01 4.726996847485359581e+02
1.660800000000000054e+01 4.724471119269007886e+02
1.661200000000000188e+01 4.723960383515730541e+02
1.661599999999999966e+01 4.732971032088017296e+02
1.662000000000000099e+01 4.734554738399934308e+02
1.662399999999999878e+01 4.732006648107105207e+02
1.662800000000000011e+01 4.729786755856566174e+02
1.663200000000000145e+01 4.721536696080844990e+02
1.663599999999999923e+01 4.721605116016265242e+02
1.664000000000000057e+01 4.723090267183224569e+02
1.664400000000000190e+01 4.721724274054953980e+02
1.664799999999999969e+01 4.722828140771946437e+02
1.665200000000000102e+01 4.723830007618698801e+02
1.665599999999999881e+01 4.724891915781656735e+02
1.666000000000000014e+01 4.725872721528938882e+02
1.666400000000000148e+01 4.726399658127962766e+02
1.666799999999999926e+01 4.726413960692793239e+02
1.667200000000000060e+01 4.725962611676095548e+02
1.667600000000000193e+01 4.725197277177239812e+02
1.667999999999999972e+01 4.724250951411763708e+02
1.668400000000000105e+01 4.723143991806038002e+02
1.668799999999999883e+01 4.722082934596593873e+02
1.669200000000000017e+01 4.721503541622782336e+02
1.669600000000000151e+01 4.721127682001466042e+02
1.669999999999999929e+01 4.720480793685956655e+02
1.670400000000000063e+01 4.725318112576221097e+02
1.670800000000000196e+01 4.725834281340395364e+02
1.671199999999999974e+01 4.721691545073648513e+02
1.671600000000000108e+01 4.722860657014873595e+02
1.671999999999999886e+01 4.724281978486041567e+02
1.672400000000000020e+01 4.725570027545331868e+02
1.672800000000000153e+01 4.726284959412976150e+02
1.673199999999999932e+01 4.726835657252428291e+02
1.673600000000000065e+01 4.728034077996412634e+02
1.674000000000000199e+01 4.730194174398106384e+02
1.674399999999999977e+01 4.733520167118612108e+02
1.674800000000000111e+01 4.742262904432174651e+02
1.675199999999999889e+01 4.741329964820052396e+02
1.675600000000000023e+01 4.741592794904428843e+02
1.676000000000000156e+01 4.743643592873051489e+02
1.676399999999999935e+01 4.734121423051935835e+02
1.676800000000000068e+01 4.733196632956158396e+02
1.677200000000000202e+01 4.732065159343434857e+02
1.677599999999999980e+01 4.725210892433463528e+02
1.678000000000000114e+01 4.733282816546181948e+02
1.678399999999999892e+01 4.740088963671389024e+02
1.678800000000000026e+01 4.745893023029219080e+02
1.679200000000000159e+01 4.735459563817115054e+02
1.679599999999999937e+01 4.738157904680873571e+02
1.680000000000000071e+01 4.736966365205208263e+02
1.680400000000000205e+01 4.728132256758084964e+02
1.680799999999999983e+01 4.725438669778861254e+02
1.681200000000000117e+01 4.730241279584450922e+02
1.681599999999999895e+01 4.732194463366328705e+02
1.682000000000000028e+01 4.734642492981060400e+02
1.682400000000000162e+01 4.733999491232081027e+02
1.682799999999999940e+01 4.732461556400520521e+02
1.683200000000000074e+01 4.731284376765403294e+02
1.683600000000000207e+01 4.730618178350923131e+02
1.683999999999999986e+01 4.732680169631152580e+02
1.684400000000000119e+01 4.735322282105027512e+02
1.684799999999999898e+01 4.732070265064518821e+02
1.685200000000000031e+01 4.732797838501192587e+02
1.685600000000000165e+01 4.731463191554767604e+02
1.685999999999999943e+01 4.729701341397603187e+02
1.686400000000000077e+01 4.728869346146073553e+02
1.686800000000000210e+01 4.729159717668218832e+02
1.687199999999999989e+01 4.727925188675608297e+02
1.687600000000000122e+01 4.728324187686707774e+02
1.687999999999999901e+01 4.734320881646258954e+02
1.688400000000000034e+01 4.733741554130409668e+02
1.688800000000000168e+01 4.730039153578151172e+02
1.689199999999999946e+01 4.732300914378026278e+02
1.689600000000000080e+01 4.736706734378754504e+02
1.689999999999999858e+01 4.738622427112546802e+02
1.690399999999999991e+01 4.738986389749158548e+02
1.690800000000000125e+01 4.743072611247435475e+02
1.691199999999999903e+01 4.741134580983901969e+02
1.691600000000000037e+01 4.739870825010985413e+02
1.692000000000000171e+01 4.736503192844013483e+02
1.692399999999999949e+01 4.737067988692162999e+02
1.692800000000000082e+01 4.738368654773747153e+02
1.693199999999999861e+01 4.743765131945130520e+02
1.693599999999999994e+01 4.745699152908454153e+02
1.694000000000000128e+01 4.746952451971843630e+02
1.694399999999999906e+01 4.747039617431306056e+02
1.694800000000000040e+01 4.745604533423498879e+02
1.695200000000000173e+01 4.743083616367399600e+02
1.695599999999999952e+01 4.740933387753569832e+02
1.696000000000000085e+01 4.740481825998493264e+02
1.696399999999999864e+01 4.742264614521448038e+02
1.696799999999999997e+01 4.743100496339508254e+02
1.697200000000000131e+01 4.742553398687999788e+02
1.697599999999999909e+01 4.740715347280110450e+02
1.698000000000000043e+01 4.739031711206021669e+02
1.698400000000000176e+01 4.739035532314588863e+02
1.698799999999999955e+01 4.732277390422712529e+02
1.699200000000000088e+01 4.743847248959227159e+02
1.699599999999999866e+01 4.746173641314935594e+02
1.700000000000000000e+01 4.746794739193176156e+02
1.700400000000000134e+01 4.748127553316647891e+02
1.700799999999999912e+01 4.746755210766003756e+02
1.701200000000000045e+01 4.746121348585053852e+02
1.701600000000000179e+01 4.746975247707322865e+02
1.701999999999999957e+01 4.749154809670648092e+02
1.702400000000000091e+01 4.750357845200996962e+02
1.702799999999999869e+01 4.750400810171205990e+02
1.703200000000000003e+01 4.748899875453011532e+02
1.703600000000000136e+01 4.747048879733015951e+02
1.703999999999999915e+01 4.747046228685529741e+02
1.704400000000000048e+01 4.748538130204883601e+02
1.704800000000000182e+01 4.750397741829208371e+02
1.705199999999999960e+01 4.753257722949390995e+02
1.705600000000000094e+01 4.752581116718856151e+02
1.705999999999999872e+01 4.754990665233817140e+02
1.706400000000000006e+01 4.752210305542906212e+02
1.706800000000000139e+01 4.753335282452840715e+02
1.707199999999999918e+01 4.748049748345838452e+02
1.707600000000000051e+01 4.746035860485883404e+02
1.708000000000000185e+01 4.743429389872650290e+02
1.708399999999999963e+01 4.733412357854190304e+02
1.708800000000000097e+01 4.740457794743969657e+02
1.709199999999999875e+01 4.745588856241453755e+02
1.709600000000000009e+01 4.749070794375635955e+02
1.710000000000000142e+01 4.751574487805323201e+02
1.710399999999999920e+01 4.752435137279986748e+02
1.710800000000000054e+01 4.750714828382344876e+02
1.711200000000000188e+01 4.745521974568155201e+02
1.711599999999999966e+01 4.736463345309273905e+02
1.712000000000000099e+01 4.736477893341464096e+02
1.712399999999999878e+01 4.736891563118433623e+02
1.712800000000000011e+01 4.730938357792792885e+02
1.713200000000000145e+01 4.734928364268276368e+02
1.713599999999999923e+01 4.739314203225917481e+02
1.714000000000000057e+01 4.748799994784311593e+02
1.714400000000000190e+01 4.748726681866186823e+02
1.714799999999999969e+01 4.748602467199885950e+02
1.715200000000000102e+01 4.744566631968328920e+02
1.715599999999999881e+01 4.744128178170265642e+02
1.716000000000000014e+01 4.744376198390601189e+02
1.716400000000000148e+01 4.734848423731436924e+02
1.716799999999999926e+01 4.735851902480518447e+02
1.717200000000000060e+01 4.733521058983352532e+02
1.717600000000000193e+01 4.733978462861592220e+02
1.717999999999999972e+01 4.739350336021279304e+02
1.718400000000000105e+01 4.739137491273601768e+02
1.718799999999999883e+01 4.740960528261317677e+02
1.719200000000000017e+01 4.743858671373702691e+02
1.719600000000000151e+01 4.745289042408201681e+02
1.719999999999999929e+01 4.746036245051413403e+02
1.720400000000000063e+01 4.745355073127986429e+02
1.720800000000000196e+01 4.743765197403093339e+02
1.721199999999999974e+01 4.743082650862451146e+02
1.721600000000000108e+01 4.745701951236355853e+02
1.721999999999999886e+01 4.746932945498984964e+02
1.722400000000000020e+01 4.752155787242296014e+02
1.722800000000000153e+01 4.751942418830918200e+02
1.723199999999999932e+01 4.750804153954573508e+02
1.723600000000000065e+01 4.741223251976504685e+02
1.724000000000000199e+01 4.739777760152642259e+02
1.724399999999999977e+01 4.740299942867131335e+02
1.724800000000000111e+01 4.747446782323241337e+02
1.725199999999999889e+01 4.749817677911280498e+02
1.725600000000000023e+01 4.751698596102435204e+02
1.726000000000000156e+01 4.753078932706762885e+02
1.726399999999999935e+01 4.754377716871921962e+02
1.726800000000000068e+01 4.755721323376978944e+02
1.727200000000000202e+01 4.756863180259021533e+02
1.727599999999999980e+01 4.758543199780676218e+02
1.728000000000000114e+01 4.757984810630617858e+02
1.728399999999999892e+01 4.757095785129162095e+02
1.728800000000000026e+01 4.756611486210534849e+02
1.729200000000000159e+01 4.755722673447457964e+02
1.729599999999999937e+01 4.749098875841596623e+02
1.730000000000000071e+01 4.748116474556475737e+02
1.730400000000000205e+01 4.745241806305932073e+02
1.730799999999999983e+01 4.748797990134206657e+02
1.731200000000000117e+01 4.744835844204059754e+02
1.731599999999999895e+01 4.744277365049302944e+02
1.732000000000000028e+01 4.747049207022828909e+02
1.732400000000000162e+01 4.748278859397224210e+02
1.732799999999999940e+01 4.749469204265071767e+02
1.733200000000000074e+01 4.750892906769629462e+02
1.733600000000000207e+01 4.752570635262592873e+02
1.733999999999999986e+01 4.754247471890815291e+02
1.734400000000000119e+01 4.753817494898909786e+02
1.734799999999999898e+01 4.751912750009364572e+02
1.735200000000000031e+01 4.748800387532087370e+02
1.735600000000000165e+01 4.745214346690616480e+02
1.735999999999999943e+01 4.742480519428877415e+02
1.736400000000000077e+01 4.745338970469183550e+02
1.736800000000000210e+01 4.747816210699730846e+02
1.737199999999999989e+01 4.751096906510109079e+02
1.737600000000000122e+01 4.752942141929395348e+02
1.737999999999999901e+01 4.752500284317275714e+02
1.738400000000000034e+01 4.750393061584882162e+02
1.738800000000000168e+01 4.747858954749316354e+02
1.739199999999999946e+01 4.743729195523657154e+02
1.739600000000000080e+01 4.742325678618319102e+02
1.740000000000000213e+01 4.748089579516087611e+02
1.740399999999999991e+01 4.738451434549714918e+02
1.740800000000000125e+01 4.736009451614279442e+02
1.741199999999999903e+01 4.733552503352141798e+02
1.741600000000000037e+01 4.729294331968329175e+02
1.742000000000000171e+01 4.724946376806549893e+02
1.742399999999999949e+01 4.727686479850454475e+02
1.742800000000000082e+01 4.733959250949565671e+02
1.743199999999999861e+01 4.734396657420227257e+02
1.743599999999999994e+01 4.739721245384172335e+02
1.744000000000000128e+01 4.734620998222587787e+02
1.744399999999999906e+01 4.733137638967354519e+02
1.744800000000000040e+01 4.733600164931168592e+02
1.745200000000000173e+01 4.735053323518901607e+02
1.745599999999999952e+01 4.739978241527631440e+02
1.746000000000000085e+01 4.738089362011773460e+02
1.746399999999999864e+01 4.739961107905917856e+02
1.746799999999999997e+01 4.740891936498745736e+02
1.747200000000000131e+01 4.732847398361134879e+02
1.747599999999999909e+01 4.731734416622849153e+02
1.748000000000000043e+01 4.734741457238283715e+02
1.748400000000000176e+01 4.732794974715328067e+02
1.748799999999999955e+01 4.739908136049673999e+02
1.749200000000000088e+01 4.741532450845145945e+02
1.749599999999999866e+01 4.744109555379902758e+02
1.750000000000000000e+01 4.744697875183365454e+02
1.750400000000000134e+01 4.744697106052304321e+02
1.750799999999999912e+01 4.747217892192479098e+02
1.751200000000000045e+01 4.742905259783773317e+02
1.751600000000000179e+01 4.745042863193064591e+02
1.751999999999999957e+01 4.745962171184473277e+02
1.752400000000000091e+01 4.747258541587260652e+02
1.752799999999999869e+01 4.746972670300045252e+02
1.753200000000000003e+01 4.740359305056974790e+02
1.753600000000000136e+01 4.736919497303978233e+02
1.753999999999999915e+01 4.749384223465111177e+02
1.754400000000000048e+01 4.746433100314237095e+02
1.754800000000000182e+01 4.745732961946143291e+02
1.755199999999999960e+01 4.748525824107912854e+02
1.755600000000000094e+01 4.744771793587644311e+02
1.755999999999999872e+01 4.744918394877158789e+02
1.756400000000000006e+01 4.744964935488575293e+02
1.756800000000000139e+01 4.744034565101485441e+02
1.757199999999999918e+01 4.742173979789967007e+02
1.757600000000000051e+01 4.730770589034619320e+02
1.758000000000000185e+01 4.726242182634409801e+02
1.758399999999999963e+01 4.738221251624190700e+02
1.758800000000000097e+01 4.740626340815448998e+02
1.759199999999999875e+01 4.728620924995717019e+02
1.759600000000000009e+01 4.737759732076552268e+02
1.760000000000000142e+01 4.742574975268925641e+02
1.760399999999999920e+01 4.744102567742393717e+02
1.760800000000000054e+01 4.732954692144100477e+02
1.761200000000000188e+01 4.735586519535600019e+02
1.761599999999999966e+01 4.739151572917808721e+02
1.762000000000000099e+01 4.736336307768335132e+02
1.762399999999999878e+01 4.741200202591419952e+02
1.762800000000000011e+01 4.738850515383267066e+02
1.763200000000000145e+01 4.735666410978967633e+02
1.763599999999999923e+01 4.733598446659649994e+02
1.764000000000000057e+01 4.729219750802178623e+02
1.764400000000000190e+01 4.726154730796360468e+02
1.764799999999999969e+01 4.725724933813852431e+02
1.765200000000000102e+01 4.727347996725789585e+02
1.765599999999999881e+01 4.730292017687719976e+02
1.766000000000000014e+01 4.725628334225528420e+02
1.766400000000000148e+01 4.724295266452451756e+02
1.766799999999999926e+01 4.723439403591304426e+02
1.767200000000000060e+01 4.724639968083564554e+02
1.767600000000000193e+01 4.731425913245060428e+02
1.767999999999999972e+01 4.733082212437513476e+02
1.768400000000000105e+01 4.730186867653029594e+02
1.768799999999999883e+01 4.729230780468878947e+02
1.769200000000000017e+01 4.727545401576535369e+02
1.769600000000000151e+01 4.727581558918633391e+02
1.769999999999999929e+01 4.729758862582248184e+02
1.770400000000000063e+01 4.732820396951557314e+02
1.770800000000000196e+01 4.721673724143327036e+02
1.771199999999999974e+01 4.730104750638933524e+02
1.771600000000000108e+01 4.737630869894906027e+02
1.771999999999999886e+01 4.743887227409891807e+02
1.772400000000000020e+01 4.741972892928823740e+02
1.772800000000000153e+01 4.741825301587625177e+02
1.773199999999999932e+01 4.744822155307628577e+02
1.773600000000000065e+01 4.745956026318232830e+02
1.774000000000000199e+01 4.746492617966741818e+02
1.774399999999999977e+01 4.747654824092911667e+02
1.774800000000000111e+01 4.747765448049725592e+02
1.775199999999999889e+01 4.750078601532495668e+02
1.775600000000000023e+01 4.751158256985566481e+02
1.776000000000000156e+01 4.750406308640065163e+02
1.776399999999999935e+01 4.746346810355024672e+02
1.776800000000000068e+01 4.744511680008716326e+02
1.777200000000000202e+01 4.743739366054597895e+02
1.777599999999999980e+01 4.742076398332203553e+02
1.778000000000000114e+01 4.739680514166937542e+02
1.778399999999999892e+01 4.737133307556604223e+02
1.778800000000000026e+01 4.734922890346152826e+02
1.779200000000000159e+01 4.733782187160700801e+02
1.779599999999999937e+01 4.735047702316362574e+02
1.780000000000000071e+01 4.735233782939576486e+02
1.780400000000000205e+01 4.734768229544991982e+02
1.780799999999999983e+01 4.731157437411408750e+02
1.781200000000000117e+01 4.728341624051498115e+02
1.781599999999999895e+01 4.730463574825479895e+02
1.782000000000000028e+01 4.735033170648662804e+02
1.782400000000000162e+01 4.732108795257760789e+02
1.782799999999999940e+01 4.735302235603978147e+02
1.783200000000000074e+01 4.740388851144848559e+02
1.783600000000000207e+01 4.744675529471378468e+02
1.783999999999999986e+01 4.739730458592410400e+02
1.784400000000000119e+01 4.735478292976667376e+02
1.784799999999999898e+01 4.739337628994287002e+02
1.785200000000000031e+01 4.728994984523060907e+02
1.785600000000000165e+01 4.736154089164915035e+02
1.785999999999999943e+01 4.735379819654163498e+02
1.786400000000000077e+01 4.735308928680655072e+02
1.786800000000000210e+01 4.736057857777630602e+02
1.787199999999999989e+01 4.737370314474729867e+02
1.787600000000000122e+01 4.727146713490758430e+02
1.787999999999999901e+01 4.724160881255210143e+02
1.788400000000000034e+01 4.720834119403643854e+02
1.788800000000000168e+01 4.720217783592183309e+02
1.789199999999999946e+01 4.721107095472224842e+02
1.789600000000000080e+01 4.724307408904516024e+02
1.790000000000000213e+01 4.727363821188250768e+02
1.790399999999999991e+01 4.729570008177868203e+02
1.790800000000000125e+01 4.725232231729274872e+02
1.791199999999999903e+01 4.723166280242307380e+02
1.791600000000000037e+01 4.720928558879201660e+02
1.792000000000000171e+01 4.721250219307475504e+02
1.792399999999999949e+01 4.724233146845933220e+02
1.792800000000000082e+01 4.726952286977311246e+02
1.793199999999999861e+01 4.726822614753377820e+02
1.793599999999999994e+01 4.723803677153238141e+02
1.794000000000000128e+01 4.719980973047944985e+02
1.794399999999999906e+01 4.717541665706731351e+02
1.794800000000000040e+01 4.717027787971248927e+02
1.795200000000000173e+01 4.717399458282957312e+02
1.795599999999999952e+01 4.717398869161294215e+02
1.796000000000000085e+01 4.716279210710821985e+02
1.796399999999999864e+01 4.714103011650325925e+02
1.796799999999999997e+01 4.718299292530489311e+02
1.797200000000000131e+01 4.717215194118205659e+02
1.797599999999999909e+01 4.718102214969555916e+02
1.798000000000000043e+01 4.715360835495380343e+02
1.798400000000000176e+01 4.722790322434047425e+02
1.798799999999999955e+01 4.723150373957392958e+02
1.799200000000000088e+01 4.723923661598705621e+02
1.799599999999999866e+01 4.720555808511109603e+02
1.800000000000000000e+01 4.726453170012397891e+02
1.800400000000000134e+01 4.733497764130908081e+02
1.800799999999999912e+01 4.733075985748819789e+02
1.801200000000000045e+01 4.732065830287551762e+02
1.801600000000000179e+01 4.730440803636736291e+02
1.801999999999999957e+01 4.727172978498256839e+02
1.802400000000000091e+01 4.732173050430309331e+02
1.802799999999999869e+01 4.734202468191894582e+02
1.803200000000000003e+01 4.736234406085039836e+02
1.803600000000000136e+01 4.735078279367147616e+02
1.803999999999999915e+01 4.738680635605799125e+02
1.804400000000000048e+01 4.738387817592301303e+02
1.804800000000000182e+01 4.739213610701874018e+02
1.805199999999999960e+01 4.741092516060678577e+02
1.805600000000000094e+01 4.743017994759881617e+02
1.805999999999999872e+01 4.744951442966032005e+02
1.806400000000000006e+01 4.741027328112162422e+02
1.806800000000000139e+01 4.733510323877484325e+02
1.807199999999999918e+01 4.731297492904661794e+02
1.807600000000000051e+01 4.732273970244166321e+02
1.808000000000000185e+01 4.731158452009829034e+02
1.808399999999999963e+01 4.729290690869158880e+02
1.808800000000000097e+01 4.728631643737094237e+02
1.809199999999999875e+01 4.729933373510571073e+02
1.809600000000000009e+01 4.733608739924270594e+02
1.810000000000000142e+01 4.734503591184398488e+02
1.810399999999999920e+01 4.734608945775221969e+02
1.810800000000000054e+01 4.736709139958880428e+02
1.811200000000000188e+01 4.738152504398958058e+02
1.811599999999999966e+01 4.738782005443148932e+02
1.812000000000000099e+01 4.738008955086950778e+02
1.812399999999999878e+01 4.737751787116339983e+02
1.812800000000000011e+01 4.739722881833237693e+02
1.813200000000000145e+01 4.741315384058880795e+02
1.813599999999999923e+01 4.740901395174342952e+02
1.814000000000000057e+01 4.741256504621511567e+02
1.814400000000000190e+01 4.741246391366287867e+02
1.814799999999999969e+01 4.742035961675800309e+02
1.815200000000000102e+01 4.745589609008023899e+02
1.815599999999999881e+01 4.747177987382021911e+02
1.816000000000000014e+01 4.747387706511984220e+02
1.816400000000000148e+01 4.746220541945146465e+02
1.816799999999999926e+01 4.742751736314713185e+02
1.817200000000000060e+01 4.742343335903733532e+02
1.817600000000000193e+01 4.740295246258314137e+02
1.817999999999999972e+01 4.738460835949594525e+02
1.818400000000000105e+01 4.737054496169619711e+02
1.818799999999999883e+01 4.736395939972274505e+02
1.819200000000000017e+01 4.736050321929685083e+02
1.819600000000000151e+01 4.735281599981264549e+02
1.819999999999999929e+01 4.733803526456512145e+02
1.820400000000000063e+01 4.732232469895870395e+02
1.820800000000000196e+01 4.731013544445097523e+02
1.821199999999999974e+01 4.730737835506577085e+02
1.821600000000000108e+01 4.730404048990729962e+02
1.821999999999999886e+01 4.733249310251570137e+02
1.822400000000000020e+01 4.733905624513695898e+02
1.822800000000000153e+01 4.726760527875840694e+02
1.823199999999999932e+01 4.733039492934664167e+02
1.823600000000000065e+01 4.731612002050520118e+02
1.824000000000000199e+01 4.729125941359511103e+02
1.824399999999999977e+01 4.726362396182746011e+02
1.824800000000000111e+01 4.725149640144949217e+02
1.825199999999999889e+01 4.718935462104620910e+02
1.825600000000000023e+01 4.716874779983643862e+02
1.826000000000000156e+01 4.715244353050912878e+02
1.826399999999999935e+01 4.714714814497875750e+02
1.826800000000000068e+01 4.716076274662235051e+02
1.827200000000000202e+01 4.718955852259974790e+02
1.827599999999999980e+01 4.721688992213106530e+02
1.828000000000000114e+01 4.723103276953293630e+02
1.828399999999999892e+01 4.723303905608698301e+02
1.828800000000000026e+01 4.723662942533622982e+02
1.829200000000000159e+01 4.721895921197412349e+02
1.829599999999999937e+01 4.725056657109059870e+02
1.830000000000000071e+01 4.728747897078692972e+02
1.830400000000000205e+01 4.731321794173281319e+02
1.830799999999999983e+01 4.725646138791358908e+02
1.831200000000000117e+01 4.720567983692155281e+02
1.831599999999999895e+01 4.714656573275642018e+02
1.832000000000000028e+01 4.711066694961112944e+02
1.832400000000000162e+01 4.710670559735877987e+02
1.832799999999999940e+01 4.717356125111708707e+02
1.833200000000000074e+01 4.718919866745029026e+02
1.833600000000000207e+01 4.720336655252285709e+02
1.833999999999999986e+01 4.720512933545599026e+02
1.834400000000000119e+01 4.714566683128485352e+02
1.834799999999999898e+01 4.719227028234583941e+02
1.835200000000000031e+01 4.712183309616323754e+02
1.835600000000000165e+01 4.710274506333096269e+02
1.835999999999999943e+01 4.708432044694975502e+02
1.836400000000000077e+01 4.707368189157629672e+02
1.836800000000000210e+01 4.707625422586202717e+02
1.837199999999999989e+01 4.719621707020151007e+02
1.837600000000000122e+01 4.722107792257895653e+02
1.837999999999999901e+01 4.722797653725859846e+02
1.838400000000000034e+01 4.721517336888402951e+02
1.838800000000000168e+01 4.721549574934988982e+02
1.839199999999999946e+01 4.721879605800231730e+02
1.839600000000000080e+01 4.721281197288280964e+02
1.840000000000000213e+01 4.715849282812388878e+02
1.840399999999999991e+01 4.711869765975413884e+02
1.840800000000000125e+01 4.708551014542022131e+02
1.841199999999999903e+01 4.708012982818335672e+02
1.841600000000000037e+01 4.709686186529633574e+02
1.842000000000000171e+01 4.712295537293221059e+02
1.842399999999999949e+01 4.714641256112390693e+02
1.842800000000000082e+01 4.715782204765202437e+02
1.843200000000000216e+01 4.574833243051598402e+02
1.843599999999999994e+01 4.574826042675711051e+02
1.844000000000000128e+01 4.574727921189756330e+02
1.844399999999999906e+01 4.565143042640458475e+02
1.844800000000000040e+01 4.564899211729730268e+02
1.845200000000000173e+01 4.582323303152417111e+02
1.845599999999999952e+01 4.563809533026134204e+02
1.846000000000000085e+01 4.563079971303845923e+02
1.846399999999999864e+01 4.575384399096788570e+02
1.846799999999999997e+01 4.575732897289732932e+02
1.847200000000000131e+01 4.575093012976222440e+02
1.847599999999999909e+01 4.573674473468465749e+02
1.848000000000000043e+01 4.572232238178243620e+02
1.848400000000000176e+01 4.559660381879051556e+02
1.848799999999999955e+01 4.559832143572944005e+02
1.849200000000000088e+01 4.559292508129173598e+02
1.849599999999999866e+01 4.557984788952118151e+02
1.850000000000000000e+01 4.554968616950899332e+02
1.850400000000000134e+01 4.552421713083642771e+02
1.850799999999999912e+01 4.556359074992695923e+02
1.851200000000000045e+01 4.551074162736338167e+02
1.851600000000000179e+01 4.555561600634197816e+02
1.851999999999999957e+01 4.555873115078267119e+02
1.852400000000000091e+01 4.555820454147345799e+02
1.852799999999999869e+01 4.554720694917507444e+02
1.853200000000000003e+01 4.552770669482325161e+02
1.853600000000000136e+01 4.551818354313269879e+02
1.853999999999999915e+01 4.558072698995906080e+02
1.854400000000000048e+01 4.560780956740999841e+02
1.854800000000000182e+01 4.562168763735310790e+02
1.855199999999999960e+01 4.552240787274984086e+02
1.855600000000000094e+01 4.550563426983060822e+02
1.855999999999999872e+01 4.549035016285060351e+02
1.856400000000000006e+01 4.547729195388920402e+02
1.856800000000000139e+01 4.547700983007035234e+02
1.857199999999999918e+01 4.550433427469313870e+02
1.857600000000000051e+01 4.557105786701188208e+02
1.858000000000000185e+01 4.555186493779452235e+02
1.858399999999999963e+01 4.550715976764927291e+02
1.858800000000000097e+01 4.544064891370902046e+02
1.859199999999999875e+01 4.538605631831128449e+02
1.859600000000000009e+01 4.536088642252785803e+02
1.860000000000000142e+01 4.542717799229336038e+02
1.860399999999999920e+01 4.544022605527055134e+02
1.860800000000000054e+01 4.543710501961322734e+02
1.861200000000000188e+01 4.541983917281515346e+02
1.861599999999999966e+01 4.540823936726074521e+02
1.862000000000000099e+01 4.547431427117000453e+02
1.862399999999999878e+01 4.548041658973447170e+02
1.862800000000000011e+01 4.544240449626626628e+02
1.863200000000000145e+01 4.545037596695311208e+02
1.863599999999999923e+01 4.546205366748303049e+02
1.864000000000000057e+01 4.547945828516183724e+02
1.864400000000000190e+01 4.552994012050756396e+02
1.864799999999999969e+01 4.552181449631876831e+02
1.865200000000000102e+01 4.550797111909584487e+02
1.865599999999999881e+01 4.548090294239667628e+02
1.866000000000000014e+01 4.545610877531863707e+02
1.866400000000000148e+01 4.534736575306060899e+02
1.866799999999999926e+01 4.535327006128817970e+02
1.867200000000000060e+01 4.535167583260877109e+02
1.867600000000000193e+01 4.538942805796540938e+02
1.867999999999999972e+01 4.542280376394183463e+02
1.868400000000000105e+01 4.543959667696003635e+02
1.868799999999999883e+01 4.545378043558854415e+02
1.869200000000000017e+01 4.560179823541355972e+02
1.869600000000000151e+01 4.559990159094688806e+02
1.869999999999999929e+01 4.556676775214231156e+02
1.870400000000000063e+01 4.543193613159559732e+02
1.870800000000000196e+01 4.538842851487632970e+02
1.871199999999999974e+01 4.539367169768152621e+02
1.871600000000000108e+01 4.539400782431953303e+02
1.871999999999999886e+01 4.545902132736504200e+02
1.872400000000000020e+01 4.547678465467896558e+02
1.872800000000000153e+01 4.548509814322045486e+02
1.873199999999999932e+01 4.547666748492588908e+02
1.873600000000000065e+01 4.547873693841385716e+02
1.874000000000000199e+01 4.543912308860054168e+02
1.874399999999999977e+01 4.542705754964215430e+02
1.874800000000000111e+01 4.542779820648910345e+02
1.875199999999999889e+01 4.542676135236133632e+02
1.875600000000000023e+01 4.538719397770147452e+02
1.876000000000000156e+01 4.545501366360414863e+02
1.876399999999999935e+01 4.537207711581594367e+02
1.876800000000000068e+01 4.540384190133249263e+02
1.877200000000000202e+01 4.539272844844028896e+02
1.877599999999999980e+01 4.538889719388863000e+02
1.878000000000000114e+01 4.539455570746659419e+02
1.878399999999999892e+01 4.540847992527334327e+02
1.878800000000000026e+01 4.542250789395083075e+02
1.879200000000000159e+01 4.542801618150460286e+02
1.879599999999999937e+01 4.542697769092776525e+02
1.880000000000000071e+01 4.542706638646710644e+02
1.880400000000000205e+01 4.546872121555464901e+02
1.880799999999999983e+01 4.547723926022930527e+02
1.881200000000000117e+01 4.547880894217273067e+02
1.881599999999999895e+01 4.547709590729118645e+02
1.882000000000000028e+01 4.542765190794266914e+02
1.882400000000000162e+01 4.543363542030499502e+02
1.882799999999999940e+01 4.543598961593032755e+02
1.883200000000000074e+01 4.543496421694601395e+02
1.883600000000000207e+01 4.543491021412685882e+02
1.883999999999999986e+01 4.545156206523563469e+02
1.884400000000000119e+01 4.545963761408303299e+02
1.884799999999999898e+01 4.545423733216757114e+02
1.885200000000000031e+01 4.546486934174477028e+02
1.885600000000000165e+01 4.548034589513485457e+02
1.885999999999999943e+01 4.547800708213073904e+02
1.886400000000000077e+01 4.546186514855070868e+02
1.886800000000000210e+01 4.551480427581287245e+02
1.887199999999999989e+01 4.551776395759235925e+02
1.887600000000000122e+01 4.552135465413142015e+02
1.887999999999999901e+01 4.542613164676101292e+02
1.888400000000000034e+01 4.548518520231073126e+02
1.888800000000000168e+01 4.546711585902160095e+02
1.889199999999999946e+01 4.548427893681837304e+02
1.889600000000000080e+01 4.546822668064712047e+02
1.890000000000000213e+01 4.547360994349230054e+02
1.890399999999999991e+01 4.543194627757980584e+02
1.890800000000000125e+01 4.543076083387690574e+02
1.891199999999999903e+01 4.547615298533976329e+02
1.891600000000000037e+01 4.546638829376717013e+02
1.892000000000000171e+01 4.549386492815303313e+02
1.892399999999999949e+01 4.551666786400842852e+02
1.892800000000000082e+01 4.544912342883853853e+02
1.893200000000000216e+01 4.551573868822915188e+02
1.893599999999999994e+01 4.541223884877631463e+02
1.894000000000000128e+01 4.543600107107378108e+02
1.894399999999999906e+01 4.542557819968712920e+02
1.894800000000000040e+01 4.540159734779454084e+02
1.895200000000000173e+01 4.546315401583452740e+02
1.895599999999999952e+01 4.547946221263959501e+02
1.896000000000000085e+01 4.547778223402916637e+02
1.896399999999999864e+01 4.542072809194742149e+02
1.896799999999999997e+01 4.540975733741370846e+02
1.897200000000000131e+01 4.539299158944999135e+02
1.897599999999999909e+01 4.541118333912920093e+02
1.898000000000000043e+01 4.543641934745486992e+02
1.898400000000000176e+01 4.550465992805713427e+02
1.898799999999999955e+01 4.543078898080083263e+02
1.899200000000000088e+01 4.543776614503560722e+02
1.899599999999999866e+01 4.541320304456558574e+02
1.900000000000000000e+01 4.539606418621497710e+02
1.900400000000000134e+01 4.537155214295579526e+02
1.900799999999999912e+01 4.538923495697570729e+02
1.901200000000000045e+01 4.541181304472953002e+02
1.901600000000000179e+01 4.542454625490655644e+02
1.901999999999999957e+01 4.546472958899459513e+02
1.902400000000000091e+01 4.545100436339418479e+02
1.902799999999999869e+01 4.543522310318814448e+02
1.903200000000000003e+01 4.538827468866419395e+02
1.903600000000000136e+01 4.538966567036969195e+02
1.903999999999999915e+01 4.537473012704059556e+02
1.904400000000000048e+01 4.538980771414856008e+02
1.904800000000000182e+01 4.540279261019182968e+02
1.905199999999999960e+01 4.540771341253116020e+02
1.905600000000000094e+01 4.542650213882939170e+02
1.905999999999999872e+01 4.541463951955510083e+02
1.906400000000000006e+01 4.537968889499823604e+02
1.906800000000000139e+01 4.538541384840825117e+02
1.907199999999999918e+01 4.540515662451155094e+02
1.907600000000000051e+01 4.542778118741882736e+02
1.908000000000000185e+01 4.543547773466270314e+02
1.908399999999999963e+01 4.541626876824450392e+02
1.908800000000000097e+01 4.537807077416247807e+02
1.909199999999999875e+01 4.534425813628562310e+02
1.909600000000000009e+01 4.533206789990845209e+02
1.910000000000000142e+01 4.533622906259167848e+02
1.910399999999999920e+01 4.534193339674346817e+02
1.910800000000000054e+01 4.534596724368940954e+02
1.911200000000000188e+01 4.534584647374839506e+02
1.911599999999999966e+01 4.534181033577375501e+02
1.912000000000000099e+01 4.536499980089837436e+02
1.912399999999999878e+01 4.534577970662653001e+02
1.912800000000000011e+01 4.535714680912385575e+02
1.913200000000000145e+01 4.537612110874608788e+02
1.913599999999999923e+01 4.538498575333277358e+02
1.914000000000000057e+01 4.540032680874024891e+02
1.914400000000000190e+01 4.539414135856326311e+02
1.914799999999999969e+01 4.539360427598003298e+02
1.915200000000000102e+01 4.538708269916503468e+02
1.915599999999999881e+01 4.534714417785716591e+02
1.916000000000000014e+01 4.531501348232961845e+02
1.916400000000000148e+01 4.527731493250232120e+02
1.916799999999999926e+01 4.525242061474148727e+02
1.917200000000000060e+01 4.524586630894518180e+02
1.917600000000000193e+01 4.525556652442460290e+02
1.917999999999999972e+01 4.528436868255334957e+02
1.918400000000000105e+01 4.529582840806776858e+02
1.918799999999999883e+01 4.528052204538047931e+02
1.919200000000000017e+01 4.526111015927818357e+02
1.919600000000000151e+01 4.525053837102658463e+02
1.919999999999999929e+01 4.524687763446753479e+02
1.920400000000000063e+01 4.525618837506941077e+02
1.920800000000000196e+01 4.525165213826042532e+02
1.921199999999999974e+01 4.524103943878220093e+02
1.921600000000000108e+01 4.525390618320295744e+02
1.921999999999999886e+01 4.526015087283610683e+02
1.922400000000000020e+01 4.525539927933012905e+02
1.922800000000000153e+01 4.529144861578942596e+02
1.923199999999999932e+01 4.530880217625739874e+02
1.923600000000000065e+01 4.530872264483282379e+02
1.924000000000000199e+01 4.531270510727811711e+02
1.924399999999999977e+01 4.532227997075913777e+02
1.924800000000000111e+01 4.533451668228975677e+02
1.925199999999999889e+01 4.535868114376746689e+02
1.925600000000000023e+01 4.536089296832411719e+02
1.926000000000000156e+01 4.532336559106905156e+02
1.926399999999999935e+01 4.526762191739878745e+02
1.926800000000000068e+01 4.524412578171933887e+02
1.927200000000000202e+01 4.524318253247810162e+02
1.927599999999999980e+01 4.526268638701786813e+02
1.928000000000000114e+01 4.528226486363500953e+02
1.928399999999999892e+01 4.532447739456400768e+02
1.928800000000000026e+01 4.529385485049502904e+02
1.929200000000000159e+01 4.525841590953708646e+02
1.929599999999999937e+01 4.524059203360774859e+02
1.930000000000000071e+01 4.524308041805642802e+02
1.930400000000000205e+01 4.524692312775154619e+02
1.930799999999999983e+01 4.523878703028873360e+02
1.931200000000000117e+01 4.522295242184316066e+02
1.931599999999999895e+01 4.520956692306870650e+02
1.932000000000000028e+01 4.520814157593284222e+02
1.932400000000000162e+01 4.520107538886891234e+02
1.932799999999999940e+01 4.522129862641778004e+02
1.933200000000000074e+01 4.522407960795933377e+02
1.933600000000000207e+01 4.520851141342159281e+02
1.933999999999999986e+01 4.518718160901477745e+02
1.934400000000000119e+01 4.516843379394317708e+02
1.934799999999999898e+01 4.516131294948046957e+02
1.935200000000000031e+01 4.517646777698431606e+02
1.935600000000000165e+01 4.520958230568992349e+02
1.935999999999999943e+01 4.523942720916307394e+02
1.936400000000000077e+01 4.525114483905018687e+02
1.936800000000000210e+01 4.524543232265306756e+02
1.937199999999999989e+01 4.522843059873413267e+02
1.937600000000000122e+01 4.520782017733641851e+02
1.937999999999999901e+01 4.517676691987345521e+02
1.938400000000000034e+01 4.516634273932754695e+02
1.938800000000000168e+01 4.516807017496087155e+02
1.939199999999999946e+01 4.515491508821480693e+02
1.939600000000000080e+01 4.516508398270652833e+02
1.940000000000000213e+01 4.518057526413820142e+02
1.940399999999999991e+01 4.519100337216186176e+02
1.940800000000000125e+01 4.519933911641064128e+02
1.941199999999999903e+01 4.518266795520289065e+02
1.941600000000000037e+01 4.524388980576412109e+02
1.942000000000000171e+01 4.515312055816980887e+02
1.942399999999999949e+01 4.514980642152278278e+02
1.942800000000000082e+01 4.505771066831614462e+02
1.943200000000000216e+01 4.502567488683438341e+02
1.943599999999999994e+01 4.501941579644945364e+02
1.944000000000000128e+01 4.502754960288357893e+02
1.944399999999999906e+01 4.512681463944525717e+02
1.944800000000000040e+01 4.510675504680291965e+02
1.945200000000000173e+01 4.518030328630354688e+02
1.945599999999999952e+01 4.517160228662339705e+02
1.946000000000000085e+01 4.524373761600105013e+02
1.946399999999999864e+01 4.521842993120632173e+02
1.946799999999999997e+01 4.519386977634462141e+02
1.947200000000000131e+01 4.518554352350042222e+02
1.947599999999999909e+01 4.519475313155006688e+02
1.948000000000000043e+01 4.520487980565590078e+02
1.948400000000000176e+01 4.520126587154011304e+02
1.948799999999999955e+01 4.504164597513199624e+02
1.949200000000000088e+01 4.507284160366364176e+02
1.949599999999999866e+01 4.496014688420274297e+02
1.950000000000000000e+01 4.495987850655603779e+02
1.950400000000000134e+01 4.501493748993738109e+02
1.950799999999999912e+01 4.501384336009232356e+02
1.951200000000000045e+01 4.501635760043624259e+02
1.951600000000000179e+01 4.506256044876604392e+02
1.951999999999999957e+01 4.507529005875512667e+02
1.952400000000000091e+01 4.508882676542321519e+02
1.952799999999999869e+01 4.509840686554124431e+02
1.953200000000000003e+01 4.509738964880225467e+02
1.953600000000000136e+01 4.509239847915312112e+02
1.953999999999999915e+01 4.503387022375335960e+02
1.954400000000000048e+01 4.502389672128003326e+02
1.954800000000000182e+01 4.501460987283450663e+02
1.955199999999999960e+01 4.498961540439087798e+02
1.955600000000000094e+01 4.503740495373438648e+02
1.955999999999999872e+01 4.503022552439514357e+02
1.956400000000000006e+01 4.505986587173513271e+02
1.956800000000000139e+01 4.504059537483207691e+02
1.957199999999999918e+01 4.503135663798907444e+02
1.957600000000000051e+01 4.497621485028502093e+02
1.958000000000000185e+01 4.502308798815196837e+02
1.958399999999999963e+01 4.500769227534570973e+02
1.958800000000000097e+01 4.500600967841677971e+02
1.959199999999999875e+01 4.501071577863874040e+02
1.959600000000000009e+01 4.500098741623539809e+02
1.960000000000000142e+01 4.497594385431981436e+02
1.960399999999999920e+01 4.497191426214143917e+02
1.960800000000000054e+01 4.497119487913233797e+02
1.961200000000000188e+01 4.498492239576143561e+02
1.961599999999999966e+01 4.499215255502170407e+02
1.962000000000000099e+01 4.499823916367515153e+02
1.962399999999999878e+01 4.505064513583184294e+02
1.962800000000000011e+01 4.504600122067436132e+02
1.963200000000000145e+01 4.502865715161096887e+02
1.963599999999999923e+01 4.501691268395918542e+02
1.964000000000000057e+01 4.495819100027990771e+02
1.964400000000000190e+01 4.496871369505954021e+02
1.964799999999999969e+01 4.497696925330412228e+02
1.965200000000000102e+01 4.499341720285936503e+02
1.965599999999999881e+01 4.498937091890052216e+02
1.966000000000000014e+01 4.497635558490463836e+02
1.966400000000000148e+01 4.496366524969312195e+02
1.966799999999999926e+01 4.496525260528645163e+02
1.967200000000000060e+01 4.496447561927025163e+02
1.967600000000000193e+01 4.496285553469561478e+02
1.967999999999999972e+01 4.493172405496732722e+02
1.968400000000000105e+01 4.490946736580992820e+02
1.968799999999999883e+01 4.493367437496334560e+02
1.969200000000000017e+01 4.491958782140931703e+02
1.969600000000000151e+01 4.492760118519223624e+02
1.969999999999999929e+01 4.494823746248517864e+02
1.970400000000000063e+01 4.495899220574227684e+02
1.970800000000000196e+01 4.491320567005467979e+02
1.971199999999999974e+01 4.490412272316269195e+02
1.971600000000000108e+01 4.490340464931284146e+02
1.971999999999999886e+01 4.494519955844037327e+02
1.972400000000000020e+01 4.494583188235920375e+02
1.972800000000000153e+01 4.494310359447754877e+02
1.973199999999999932e+01 4.491191352987272580e+02
1.973600000000000065e+01 4.488237824256273143e+02
1.974000000000000199e+01 4.487852735062228362e+02
1.974399999999999977e+01 4.491623571914397530e+02
1.974800000000000111e+01 4.491782896595394163e+02
1.975199999999999889e+01 4.491686804306280578e+02
1.975600000000000023e+01 4.490741787700056307e+02
1.976000000000000156e+01 4.488526068394633057e+02
1.976399999999999935e+01 4.485689480313839113e+02
1.976800000000000068e+01 4.482794438272432558e+02
1.977200000000000202e+01 4.482265407018605288e+02
1.977599999999999980e+01 4.482584285483467852e+02
1.978000000000000114e+01 4.483601665867359429e+02
1.978399999999999892e+01 4.484858360562558914e+02
1.978800000000000026e+01 4.483018762710302667e+02
1.979200000000000159e+01 4.482067134849854710e+02
1.979599999999999937e+01 4.481234967771172819e+02
1.980000000000000071e+01 4.482969669238344181e+02
1.980400000000000205e+01 4.483654457714205819e+02
1.980799999999999983e+01 4.483842092964031849e+02
1.981200000000000117e+01 4.484364480234654025e+02
1.981599999999999895e+01 4.484079148975629892e+02
1.982000000000000028e+01 4.485757458408011189e+02
1.982400000000000162e+01 4.487322591023037148e+02
1.982799999999999940e+01 4.487478250058127287e+02
1.983200000000000074e+01 4.486875807699231018e+02
1.983600000000000207e+01 4.482844808174662035e+02
1.983999999999999986e+01 4.483586479620033742e+02
1.984400000000000119e+01 4.483028319572844111e+02
1.984799999999999898e+01 4.483321440329418692e+02
1.985200000000000031e+01 4.479581990570322318e+02
1.985600000000000165e+01 4.478132227614399881e+02
1.985999999999999943e+01 4.479838389409871979e+02
1.986400000000000077e+01 4.481423323058587584e+02
1.986800000000000210e+01 4.478914450267608913e+02
1.987199999999999989e+01 4.477253683569207396e+02
1.987600000000000122e+01 4.476863128635284852e+02
1.987999999999999901e+01 4.477234406199218029e+02
1.988400000000000034e+01 4.477641489268700070e+02
1.988800000000000168e+01 4.477941221279498905e+02
1.989199999999999946e+01 4.478216144722467789e+02
1.989600000000000080e+01 4.478060223855526942e+02
1.990000000000000213e+01 4.475479707324469132e+02
1.990399999999999991e+01 4.473464060281768866e+02
1.990800000000000125e+01 4.472118408215380327e+02
1.991199999999999903e+01 4.475280387828316861e+02
1.991600000000000037e+01 4.475273154723448101e+02
1.992000000000000171e+01 4.476656870595095938e+02
1.992399999999999949e+01 4.474793707876299322e+02
1.992800000000000082e+01 4.474212997560990175e+02
1.993200000000000216e+01 4.473576877080330405e+02
1.993599999999999994e+01 4.472701998681044415e+02
1.994000000000000128e+01 4.470211748680428059e+02
1.994399999999999906e+01 4.470162917040319712e+02
1.994800000000000040e+01 4.471959378095215243e+02
1.995200000000000173e+01 4.473954045860898532e+02
1.995599999999999952e+01 4.474576682001260224e+02
1.996000000000000085e+01 4.472196794125607653e+02
1.996400000000000219e+01 4.472056092234973903e+02
1.996799999999999997e+01 4.468464282910547922e+02
1.997200000000000131e+01 4.469009220449289614e+02
1.997599999999999909e+01 4.467743656200156011e+02
1.998000000000000043e+01 4.467222283527954687e+02
1.998400000000000176e+01 4.466105243395986690e+02
1.998799999999999955e+01 4.465785710351498210e+02
1.999200000000000088e+01 4.464777297708484411e+02
1.999599999999999866e+01 4.468304958229551289e+02
2.000000000000000000e+01 4.468662620537261319e+02
2.000400000000000134e+01 4.465072054914124919e+02
2.000799999999999912e+01 4.467113950599832037e+02
2.001200000000000045e+01 4.468389988122983709e+02
2.001600000000000179e+01 4.468450602196361956e+02
2.001999999999999957e+01 4.466844525625722895e+02
2.002400000000000091e+01 4.466434267845054364e+02
2.002799999999999869e+01 4.465648019527144470e+02
2.003200000000000003e+01 4.464450891577921539e+02
2.003600000000000136e+01 4.463230526051971196e+02
2.003999999999999915e+01 4.462467351665882234e+02
2.004400000000000048e+01 4.462229281055863339e+02
2.004800000000000182e+01 4.462302070310287831e+02
2.005199999999999960e+01 4.458592109363347618e+02
2.005600000000000094e+01 4.457348800821501982e+02
2.005999999999999872e+01 4.460908503015267002e+02
2.006400000000000006e+01 4.460579249463330598e+02
2.006800000000000139e+01 4.455546546736915730e+02
2.007199999999999918e+01 4.456300687924164663e+02
2.007600000000000051e+01 4.458990682897689908e+02
2.008000000000000185e+01 4.460975891987775981e+02
2.008399999999999963e+01 4.461556275013272170e+02
2.008800000000000097e+01 4.462902287098455076e+02
2.009199999999999875e+01 4.466959928013807257e+02
2.009600000000000009e+01 4.460919532681967326e+02
2.010000000000000142e+01 4.463638590990892112e+02
2.010399999999999920e+01 4.461019421532912475e+02
2.010800000000000054e+01 4.461550842002375248e+02
2.011200000000000188e+01 4.461368803408352051e+02
2.011599999999999966e+01 4.461510519897406652e+02
2.012000000000000099e+01 4.462279225481336198e+02
2.012399999999999878e+01 4.469255080556858957e+02
2.012800000000000011e+01 4.468823058003622464e+02
2.013200000000000145e+01 4.464001555393573994e+02
2.013599999999999923e+01 4.462921629926406695e+02
2.014000000000000057e+01 4.461432330361066647e+02
2.014400000000000190e+01 4.461552118432646239e+02
2.014799999999999969e+01 4.455712744503986755e+02
2.015200000000000102e+01 4.457783245319355387e+02
2.015599999999999881e+01 4.452257807779381551e+02
2.016000000000000014e+01 4.449765823142756176e+02
2.016400000000000148e+01 4.446699903089952386e+02
2.016799999999999926e+01 4.447817925091359257e+02
2.017200000000000060e+01 4.447418566061465413e+02
2.017600000000000193e+01 4.448706451475849235e+02
2.017999999999999972e+01 4.447283002620896468e+02
2.018400000000000105e+01 4.447093305445248461e+02
2.018799999999999883e+01 4.456477620797103896e+02
2.019200000000000017e+01 4.451413072771878205e+02
2.019600000000000151e+01 4.449426390877633821e+02
2.019999999999999929e+01 4.456408268085716600e+02
2.020400000000000063e+01 4.458764460178904301e+02
2.020800000000000196e+01 4.449870097677196554e+02
2.021199999999999974e+01 4.449372748077273627e+02
2.021600000000000108e+01 4.447551838473342514e+02
2.021999999999999886e+01 4.446602665286492311e+02
2.022400000000000020e+01 4.447061754707269188e+02
2.022800000000000153e+01 4.443778088741837564e+02
2.023199999999999932e+01 4.448889275565423986e+02
2.023600000000000065e+01 4.448973192673491894e+02
2.024000000000000199e+01 4.442234262693642108e+02
2.024399999999999977e+01 4.447008537383666180e+02
2.024800000000000111e+01 4.445472762664871880e+02
2.025199999999999889e+01 4.446622466320182525e+02
2.025600000000000023e+01 4.453824282282640752e+02
2.026000000000000156e+01 4.453687933346520822e+02
2.026399999999999935e+01 4.449114418227826491e+02
2.026800000000000068e+01 4.449968644639908462e+02
2.027200000000000202e+01 4.448299335677386352e+02
2.027599999999999980e+01 4.452227500742692428e+02
2.028000000000000114e+01 4.433305109284806349e+02
2.028399999999999892e+01 4.447886001372474993e+02
2.028800000000000026e+01 4.448391402301799644e+02
2.029200000000000159e+01 4.447557075110351548e+02
2.029599999999999937e+01 4.433315615287805826e+02
2.030000000000000071e+01 4.449660173991101146e+02
2.030400000000000205e+01 4.452345946926038209e+02
2.030799999999999983e+01 4.440421109858280602e+02
2.031200000000000117e+01 4.439872113925857207e+02
2.031599999999999895e+01 4.438304264805382786e+02
2.032000000000000028e+01 4.436534674244139751e+02
2.032400000000000162e+01 4.424683411926357621e+02
2.032799999999999940e+01 4.420916535280927064e+02
2.033200000000000074e+01 4.422081883389301993e+02
2.033600000000000207e+01 4.422647374728304044e+02
2.033999999999999986e+01 4.421385803414889892e+02
2.034400000000000119e+01 4.420081684425778121e+02
2.034799999999999898e+01 4.424908489130797875e+02
2.035200000000000031e+01 4.428370298941477472e+02
2.035600000000000165e+01 4.425652157044028741e+02
2.035999999999999943e+01 4.430572632093546304e+02
2.036400000000000077e+01 4.429112003115830021e+02
2.036800000000000210e+01 4.436190856295522167e+02
2.037199999999999989e+01 4.432745672807346295e+02
2.037600000000000122e+01 4.429996274732750408e+02
2.037999999999999901e+01 4.420094219625618166e+02
2.038400000000000034e+01 4.414973737771341007e+02
2.038800000000000168e+01 4.413806491382050581e+02
2.039199999999999946e+01 4.408362156257751963e+02
2.039600000000000080e+01 4.425867677385927550e+02
2.040000000000000213e+01 4.427477648705342403e+02
2.040399999999999991e+01 4.422780712598143964e+02
2.040800000000000125e+01 4.425383190275657626e+02
2.041199999999999903e+01 4.420316482137666299e+02
2.041600000000000037e+01 4.423621520127890676e+02
2.042000000000000171e+01 4.418655355420470414e+02
2.042399999999999949e+01 4.427037182074928410e+02
2.042800000000000082e+01 4.427067325466711054e+02
2.043200000000000216e+01 4.427843951464117254e+02
2.043599999999999994e+01 4.431817708000382368e+02
2.044000000000000128e+01 4.433638683062275732e+02
2.044399999999999906e+01 4.431619763121444748e+02
2.044800000000000040e+01 4.418612611370884906e+02
2.045200000000000173e+01 4.418006405179138483e+02
2.045599999999999952e+01 4.424029879627643140e+02
2.046000000000000085e+01 4.423484516612144262e+02
2.046400000000000219e+01 4.439962838662036688e+02
2.046799999999999997e+01 4.439296607518575684e+02
2.047200000000000131e+01 4.437260930339315905e+02
2.047599999999999909e+01 4.435087856896534504e+02
2.048000000000000043e+01 4.487175277878179713e+02
2.048400000000000176e+01 4.489696325850204062e+02
2.048799999999999955e+01 4.492360268554610343e+02
2.049200000000000088e+01 4.495016323574521380e+02
2.049599999999999866e+01 4.493156531940799709e+02
2.050000000000000000e+01 4.490480806803123528e+02
2.050400000000000134e+01 4.484052442126884443e+02
2.050799999999999912e+01 4.485296241603449516e+02
2.051200000000000045e+01 4.488225190869488870e+02
2.051600000000000179e+01 4.491665792300282192e+02
2.051999999999999957e+01 4.494702779933611509e+02
2.052400000000000091e+01 4.504215752910980655e+02
2.052799999999999869e+01 4.494329931378575793e+02
2.053200000000000003e+01 4.490613751925187671e+02
2.053600000000000136e+01 4.488187487083024507e+02
2.053999999999999915e+01 4.484180412443790260e+02
2.054400000000000048e+01 4.481572861774174044e+02
2.054800000000000182e+01 4.471282444574866872e+02
2.055199999999999960e+01 4.471347902537478376e+02
2.055600000000000094e+01 4.472807189626961417e+02
2.055999999999999872e+01 4.469675124302938229e+02
2.056400000000000006e+01 4.469518025192670052e+02
2.056800000000000139e+01 4.479044777071168255e+02
2.057199999999999918e+01 4.478149966722267550e+02
2.057600000000000051e+01 4.469093857594946826e+02
2.058000000000000185e+01 4.481695268164257868e+02
2.058399999999999963e+01 4.483395440556151357e+02
2.058800000000000097e+01 4.476959679130137033e+02
2.059199999999999875e+01 4.475415231231297071e+02
2.059600000000000009e+01 4.473571116779620525e+02
2.060000000000000142e+01 4.471761007739520437e+02
2.060399999999999920e+01 4.470398696621647332e+02
2.060800000000000054e+01 4.470179248801991321e+02
2.061200000000000188e+01 4.471142004516083830e+02
2.061599999999999966e+01 4.472729523754322258e+02
2.062000000000000099e+01 4.474494270426332605e+02
2.062399999999999878e+01 4.474936766253587166e+02
2.062800000000000011e+01 4.476026903162921258e+02
2.063200000000000145e+01 4.477225176626490111e+02
2.063599999999999923e+01 4.479526711320896766e+02
2.064000000000000057e+01 4.480622052138258482e+02
2.064400000000000190e+01 4.483076823923139500e+02
2.064799999999999969e+01 4.482542130555546009e+02
2.065200000000000102e+01 4.486557452898069300e+02
2.065599999999999881e+01 4.473029975802709828e+02
2.066000000000000014e+01 4.475326437505013928e+02
2.066400000000000148e+01 4.473979934485111585e+02
2.066799999999999926e+01 4.473514266539092432e+02
2.067200000000000060e+01 4.476285494844218533e+02
2.067600000000000193e+01 4.473113761994852666e+02
2.067999999999999972e+01 4.472707857168697956e+02
2.068400000000000105e+01 4.469120040779991427e+02
2.068799999999999883e+01 4.469036680064605207e+02
2.069200000000000017e+01 4.468686479964633236e+02
2.069600000000000151e+01 4.469313207227658040e+02
2.069999999999999929e+01 4.469915584128592059e+02
2.070400000000000063e+01 4.469630351056511586e+02
2.070800000000000196e+01 4.467632508579641808e+02
2.071199999999999974e+01 4.462405559349176656e+02
2.071600000000000108e+01 4.462092179353173833e+02
2.071999999999999886e+01 4.464388019204832858e+02
2.072400000000000020e+01 4.468709848457285148e+02
2.072800000000000153e+01 4.472421118563477762e+02
2.073199999999999932e+01 4.474037962968966440e+02
2.073600000000000065e+01 4.471474040031430945e+02
2.074000000000000199e+01 4.467989581765688172e+02
2.074399999999999977e+01 4.464852639823450318e+02
2.074800000000000111e+01 4.462266657552514744e+02
2.075199999999999889e+01 4.462908145586109185e+02
2.075600000000000023e+01 4.464951906823750960e+02
2.076000000000000156e+01 4.466371657303816392e+02
2.076399999999999935e+01 4.465783910257526372e+02
2.076800000000000068e+01 4.463421532386872173e+02
2.077200000000000202e+01 4.461896689147833968e+02
2.077599999999999980e+01 4.462496120440449658e+02
2.078000000000000114e+01 4.462732423685478125e+02
2.078399999999999892e+01 4.464111819331592983e+02
2.078800000000000026e+01 4.465292648248125715e+02
2.079200000000000159e+01 4.465758316194144868e+02
2.079599999999999937e+01 4.465590383791064824e+02
2.080000000000000071e+01 4.465071727624311393e+02
2.080400000000000205e+01 4.464722051188040268e+02
2.080799999999999983e+01 4.464389982943711175e+02
2.081200000000000117e+01 4.464058111073270538e+02
2.081599999999999895e+01 4.463785609574917999e+02
2.082000000000000028e+01 4.470383019439601640e+02
2.082400000000000162e+01 4.470297694985337102e+02
2.082799999999999940e+01 4.470422065114299244e+02
2.083200000000000074e+01 4.464056540082167430e+02
2.083600000000000207e+01 4.463129033480942098e+02
2.083999999999999986e+01 4.463729610287903711e+02
2.084400000000000119e+01 4.464121179820246539e+02
2.084799999999999898e+01 4.469463498709814644e+02
2.085200000000000031e+01 4.469768238254753214e+02
2.085600000000000165e+01 4.469961666534270535e+02
2.085999999999999943e+01 4.469244640011822298e+02
2.086400000000000077e+01 4.467669426870554616e+02
2.086800000000000210e+01 4.465396562763771726e+02
2.087199999999999989e+01 4.463269342623800071e+02
2.087600000000000122e+01 4.462184049603698668e+02
2.087999999999999901e+01 4.453557802916848800e+02
2.088400000000000034e+01 4.453208944705110071e+02
2.088800000000000168e+01 4.453525859431094318e+02
2.089199999999999946e+01 4.457525013656852479e+02
2.089600000000000080e+01 4.456970650171494412e+02
2.090000000000000213e+01 4.455661425461299245e+02
2.090399999999999991e+01 4.454128105416102699e+02
2.090800000000000125e+01 4.453437065704811744e+02
2.091199999999999903e+01 4.460076957787230185e+02
2.091600000000000037e+01 4.459888504312871191e+02
2.092000000000000171e+01 4.454620774771699416e+02
2.092399999999999949e+01 4.457396781508096524e+02
2.092800000000000082e+01 4.455781508093710386e+02
2.093200000000000216e+01 4.454955592250457812e+02
2.093599999999999994e+01 4.454046642981632544e+02
2.094000000000000128e+01 4.455744622531778418e+02
2.094399999999999906e+01 4.455194710187878400e+02
2.094800000000000040e+01 4.459661627014459100e+02
2.095200000000000173e+01 4.454502950438998141e+02
2.095599999999999952e+01 4.459046322165909828e+02
2.096000000000000085e+01 4.458374658011551901e+02
2.096400000000000219e+01 4.457611090877687161e+02
2.096799999999999997e+01 4.456265013334541436e+02
2.097200000000000131e+01 4.457010448612762730e+02
2.097599999999999909e+01 4.453392652477179467e+02
2.098000000000000043e+01 4.449735908853842830e+02
2.098400000000000176e+01 4.448349967411466537e+02
2.098799999999999955e+01 4.448152087990491736e+02
2.099200000000000088e+01 4.449127804381180908e+02
2.099599999999999866e+01 4.449047618376981177e+02
2.100000000000000000e+01 4.452234406557747661e+02
2.100400000000000134e+01 4.450040615669799990e+02
2.100799999999999912e+01 4.456041834411016680e+02
2.101200000000000045e+01 4.458226330268273614e+02
2.101600000000000179e+01 4.450674183289918346e+02
2.101999999999999957e+01 4.456615246163494817e+02
2.102400000000000091e+01 4.458500533673653763e+02
2.102799999999999869e+01 4.457986950499002887e+02
2.103200000000000003e+01 4.455929246715325007e+02
2.103600000000000136e+01 4.454676086750106379e+02
2.103999999999999915e+01 4.457596919228781758e+02
2.104400000000000048e+01 4.451324737251334227e+02
2.104800000000000182e+01 4.454098518417002310e+02
2.105199999999999960e+01 4.455778660672336855e+02
2.105600000000000094e+01 4.456637403683838556e+02
2.105999999999999872e+01 4.451133272710694655e+02
2.106400000000000006e+01 4.450225403498252490e+02
2.106800000000000139e+01 4.449435882282212447e+02
2.107199999999999918e+01 4.450407802111070055e+02
2.107600000000000051e+01 4.451738006098282767e+02
2.108000000000000185e+01 4.453337569601641803e+02
2.108399999999999963e+01 4.453543598538961987e+02
2.108800000000000097e+01 4.452005336417588524e+02
2.109199999999999875e+01 4.452710842338616999e+02
2.109600000000000009e+01 4.453314168380008482e+02
2.110000000000000142e+01 4.456522295856586311e+02
2.110399999999999920e+01 4.455784715533878284e+02
2.110800000000000054e+01 4.456167611886174882e+02
2.111200000000000188e+01 4.452423383695807502e+02
2.111599999999999966e+01 4.450986745061388774e+02
2.112000000000000099e+01 4.449338251730977163e+02
2.112399999999999878e+01 4.448921480883028607e+02
2.112800000000000011e+01 4.450718956536344422e+02
2.113200000000000145e+01 4.451389016970618400e+02
2.113599999999999923e+01 4.450834489840353854e+02
2.114000000000000057e+01 4.449687175400678143e+02
2.114400000000000190e+01 4.445795535878509668e+02
2.114799999999999969e+01 4.445134574101038538e+02
2.115200000000000102e+01 4.444253902672061827e+02
2.115599999999999881e+01 4.445213156385153752e+02
2.116000000000000014e+01 4.445892250018268328e+02
2.116400000000000148e+01 4.445559952671070505e+02
2.116799999999999926e+01 4.445507880861812851e+02
2.117200000000000060e+01 4.445317038171818922e+02
2.117600000000000193e+01 4.445664652682268070e+02
2.117999999999999972e+01 4.444023948849406906e+02
2.118400000000000105e+01 4.444878142532507468e+02
2.118799999999999883e+01 4.445502087832121560e+02
2.119200000000000017e+01 4.448202294247814734e+02
2.119600000000000151e+01 4.447906947920511129e+02
2.119999999999999929e+01 4.447215220900612280e+02
2.120400000000000063e+01 4.444311276576290766e+02
2.120800000000000196e+01 4.443032817108522750e+02
2.121199999999999974e+01 4.441408772327146721e+02
2.121600000000000108e+01 4.440229252569865821e+02
2.121999999999999886e+01 4.440124487100706006e+02
2.122400000000000020e+01 4.440906120632251941e+02
2.122800000000000153e+01 4.443416400769426673e+02
2.123199999999999932e+01 4.442652768177599683e+02
2.123600000000000065e+01 4.442167070095021018e+02
2.124000000000000199e+01 4.442789640777420459e+02
2.124399999999999977e+01 4.441740578739625107e+02
2.124800000000000111e+01 4.441113589644749595e+02
2.125199999999999889e+01 4.445578935480227756e+02
2.125600000000000023e+01 4.441760281586371093e+02
2.126000000000000156e+01 4.438987384103198224e+02
2.126399999999999935e+01 4.438791861168876949e+02
2.126800000000000068e+01 4.438047898694814535e+02
2.127200000000000202e+01 4.437366710406896573e+02
2.127599999999999980e+01 4.439045739876866037e+02
2.128000000000000114e+01 4.437444409008516573e+02
2.128399999999999892e+01 4.437102587527758146e+02
2.128800000000000026e+01 4.436548125855456419e+02
2.129200000000000159e+01 4.435517032028398035e+02
2.129599999999999937e+01 4.439364781986635649e+02
2.130000000000000071e+01 4.439604129026924966e+02
2.130400000000000205e+01 4.439697079333833472e+02
2.130799999999999983e+01 4.439932793457197704e+02
2.131200000000000117e+01 4.435491634338904419e+02
2.131599999999999895e+01 4.435574798680402751e+02
2.132000000000000028e+01 4.432758600754962117e+02
2.132400000000000162e+01 4.433766489734274501e+02
2.132799999999999940e+01 4.432949083426161678e+02
2.133200000000000074e+01 4.432302031465745813e+02
2.133600000000000207e+01 4.431749762635191132e+02
2.133999999999999986e+01 4.434140156513843181e+02
2.134400000000000119e+01 4.433743383073472728e+02
2.134799999999999898e+01 4.433480634811549521e+02
2.135200000000000031e+01 4.429428754196907789e+02
2.135600000000000165e+01 4.433040004536229617e+02
2.135999999999999943e+01 4.435141925173651885e+02
2.136400000000000077e+01 4.429601825050052639e+02
2.136800000000000210e+01 4.428466653062441765e+02
2.137199999999999989e+01 4.432283506862326590e+02
2.137600000000000122e+01 4.432043014307691351e+02
2.137999999999999901e+01 4.431613675530921910e+02
2.138400000000000034e+01 4.426506448914073530e+02
2.138800000000000168e+01 4.426097434834694582e+02
2.139199999999999946e+01 4.427328535466513131e+02
2.139600000000000080e+01 4.426794791239377673e+02
2.140000000000000213e+01 4.426296263396127415e+02
2.140399999999999991e+01 4.426085848775312570e+02
2.140800000000000125e+01 4.425707010816697675e+02
2.141199999999999903e+01 4.424823950172084892e+02
2.141600000000000037e+01 4.423756887194571163e+02
2.142000000000000171e+01 4.423081426478381672e+02
2.142399999999999949e+01 4.424035803573259500e+02
2.142800000000000082e+01 4.423922430382016273e+02
2.143200000000000216e+01 4.423397817540665073e+02
2.143599999999999994e+01 4.420776389782975571e+02
2.144000000000000128e+01 4.420300837684602016e+02
2.144399999999999906e+01 4.420530595133368479e+02
2.144800000000000040e+01 4.420536420892041178e+02
2.145200000000000173e+01 4.423076451673223346e+02
2.145599999999999952e+01 4.425098906344035186e+02
2.146000000000000085e+01 4.423951297343527926e+02
2.146400000000000219e+01 4.424443672138292527e+02
2.146799999999999997e+01 4.426487335188990642e+02
2.147200000000000131e+01 4.423761992915655128e+02
2.147599999999999909e+01 4.422851047178970134e+02
2.148000000000000043e+01 4.423415916667327110e+02
2.148400000000000176e+01 4.425530601607459289e+02
2.148799999999999955e+01 4.427096159699241866e+02
2.149200000000000088e+01 4.427609939247780630e+02
2.149600000000000222e+01 4.424334259153787343e+02
2.150000000000000000e+01 4.421174112363803488e+02
2.150400000000000134e+01 4.421892513503466375e+02
2.150799999999999912e+01 4.423022219751199486e+02
2.151200000000000045e+01 4.425554231931961908e+02
2.151600000000000179e+01 4.428388430797120918e+02
2.151999999999999957e+01 4.423637328225861438e+02
2.152400000000000091e+01 4.427011784385435362e+02
2.152799999999999869e+01 4.429258334391248013e+02
2.153200000000000003e+01 4.428396940332260101e+02
2.153600000000000136e+01 4.429476669425539512e+02
2.153999999999999915e+01 4.428935855738441774e+02
2.154400000000000048e+01 4.421178988982018154e+02
2.154800000000000182e+01 4.422205926228451176e+02
2.155199999999999960e+01 4.421627343296926824e+02
2.155600000000000094e+01 4.421614186246441704e+02
2.155999999999999872e+01 4.418130186186436958e+02
2.156400000000000006e+01 4.421414703105382955e+02
2.156800000000000139e+01 4.421443111861156581e+02
2.157199999999999918e+01 4.420153753642613310e+02
2.157600000000000051e+01 4.422933720585748461e+02
2.158000000000000185e+01 4.422047256127080459e+02
2.158399999999999963e+01 4.421930151831968487e+02
2.158800000000000097e+01 4.422386295644427605e+02
2.159199999999999875e+01 4.422622369786586205e+02
2.159600000000000009e+01 4.423321526285241134e+02
2.160000000000000142e+01 4.423844600864471204e+02
2.160399999999999920e+01 4.424180465670631293e+02
2.160800000000000054e+01 4.424522745357127747e+02
2.161200000000000188e+01 4.424899030455200659e+02
2.161599999999999966e+01 4.426762913211586010e+02
2.162000000000000099e+01 4.427100643569680756e+02
2.162399999999999878e+01 4.427649934062936268e+02
2.162800000000000011e+01 4.427925479356549658e+02
2.163200000000000145e+01 4.427693856355848538e+02
2.163599999999999923e+01 4.427385582080929112e+02
2.164000000000000057e+01 4.427073249412327414e+02
2.164400000000000190e+01 4.426442758316452455e+02
2.164799999999999969e+01 4.424258295188176362e+02
2.165200000000000102e+01 4.423996528795692598e+02
2.165599999999999881e+01 4.423882893772598663e+02
2.166000000000000014e+01 4.423881159136589645e+02
2.166400000000000148e+01 4.423697713196370387e+02
2.166799999999999926e+01 4.423835371291742717e+02
2.167200000000000060e+01 4.422297960123883058e+02
2.167600000000000193e+01 4.424877658430407905e+02
2.167999999999999972e+01 4.424527523788398184e+02
2.168400000000000105e+01 4.424243763520476591e+02
2.168799999999999883e+01 4.420838705763381995e+02
2.169200000000000017e+01 4.420496687908735680e+02
2.169600000000000151e+01 4.419942717171153390e+02
2.169999999999999929e+01 4.419417580666101912e+02
2.170400000000000063e+01 4.420216953305514949e+02
2.170800000000000196e+01 4.420460096907635830e+02
2.171199999999999974e+01 4.420535799041396103e+02
2.171600000000000108e+01 4.420041755068584735e+02
2.171999999999999886e+01 4.418936693743775095e+02
2.172400000000000020e+01 4.417647237338288733e+02
2.172800000000000153e+01 4.417125144628498106e+02
2.173199999999999932e+01 4.417129661227918405e+02
2.173600000000000065e+01 4.417978225526234155e+02
2.174000000000000199e+01 4.416301192524123849e+02
2.174399999999999977e+01 4.416336899842728485e+02
2.174800000000000111e+01 4.416467095730363326e+02
2.175199999999999889e+01 4.416569210152037499e+02
2.175600000000000023e+01 4.416159508764051225e+02
2.176000000000000156e+01 4.415109792146629388e+02
2.176399999999999935e+01 4.415240118950189299e+02
2.176800000000000068e+01 4.414343083030559001e+02
2.177200000000000202e+01 4.413914038814621108e+02
2.177599999999999980e+01 4.413959728472524375e+02
2.178000000000000114e+01 4.413400324724045163e+02
2.178399999999999892e+01 4.413169323573988549e+02
2.178800000000000026e+01 4.412134073166304233e+02
2.179200000000000159e+01 4.410891582848990993e+02
2.179599999999999937e+01 4.410209150859783449e+02
2.180000000000000071e+01 4.410534771494795336e+02
2.180400000000000205e+01 4.411689384497302058e+02
2.180799999999999983e+01 4.420691098057692443e+02
2.181200000000000117e+01 4.421513937376702188e+02
2.181599999999999895e+01 4.413576275727544953e+02
2.182000000000000028e+01 4.412155117901284029e+02
2.182400000000000162e+01 4.410994613682141789e+02
2.182799999999999940e+01 4.412651420173805263e+02
2.183200000000000074e+01 4.411976974056036056e+02
2.183600000000000207e+01 4.409973207633549919e+02
2.183999999999999986e+01 4.410256967901471512e+02
2.184400000000000119e+01 4.407328182280338638e+02
2.184799999999999898e+01 4.407887618757799260e+02
2.185200000000000031e+01 4.408002039276444179e+02
2.185600000000000165e+01 4.410786490090018219e+02
2.185999999999999943e+01 4.410259782593863633e+02
2.186400000000000077e+01 4.409475170725019098e+02
2.186800000000000210e+01 4.408818856462893336e+02
2.187199999999999989e+01 4.406351287646322703e+02
2.187600000000000122e+01 4.408709803497182520e+02
2.187999999999999901e+01 4.406839342215554893e+02
2.188400000000000034e+01 4.406558854845764017e+02
2.188800000000000168e+01 4.406889483014915641e+02
2.189199999999999946e+01 4.408467543577556853e+02
2.189600000000000080e+01 4.404525337779271013e+02
2.190000000000000213e+01 4.403748417221033264e+02
2.190399999999999991e+01 4.402929930856537339e+02
2.190800000000000125e+01 4.402067554928109985e+02
2.191199999999999903e+01 4.400185965792838374e+02
2.191600000000000037e+01 4.399402335793433281e+02
2.192000000000000171e+01 4.399110458738147713e+02
2.192399999999999949e+01 4.400354716420451382e+02
2.192800000000000082e+01 4.400159946252700252e+02
2.193200000000000216e+01 4.400961184444047944e+02
2.193599999999999994e+01 4.402065329357380961e+02
2.194000000000000128e+01 4.403369088327698364e+02
2.194399999999999906e+01 4.404338062548238781e+02
2.194800000000000040e+01 4.403807656677196860e+02
2.195200000000000173e+01 4.404124211384386740e+02
2.195599999999999952e+01 4.405506683554744427e+02
2.196000000000000085e+01 4.403838814667399788e+02
2.196400000000000219e+01 4.402605979399572220e+02
2.196799999999999997e+01 4.401702790431456833e+02
2.197200000000000131e+01 4.401207470028374473e+02
2.197599999999999909e+01 4.401057898583806605e+02
2.198000000000000043e+01 4.401373471421557610e+02
2.198400000000000176e+01 4.401775906975693715e+02
2.198799999999999955e+01 4.401529130456647749e+02
2.199200000000000088e+01 4.400634909229410141e+02
2.199600000000000222e+01 4.399729298316678410e+02
2.200000000000000000e+01 4.399027654415443749e+02
2.200400000000000134e+01 4.398245857238991903e+02
2.200799999999999912e+01 4.397468249372146829e+02
2.201200000000000045e+01 4.397030728350050595e+02
2.201600000000000179e+01 4.396868327144811133e+02
2.201999999999999957e+01 4.396710998931674226e+02
2.202400000000000091e+01 4.396640140687147209e+02
2.202799999999999869e+01 4.399159617668069018e+02
2.203200000000000003e+01 4.399058190555002170e+02
2.203600000000000136e+01 4.400758657507727776e+02
2.203999999999999915e+01 4.400068501478931466e+02
2.204400000000000048e+01 4.399344994618185183e+02
2.204800000000000182e+01 4.393672898512979828e+02
2.205199999999999960e+01 4.395758847407524854e+02
2.205600000000000094e+01 4.392887239316733599e+02
2.205999999999999872e+01 4.393297006162682692e+02
2.206400000000000006e+01 4.389675609839156323e+02
2.206800000000000139e+01 4.389591169067387000e+02
2.207199999999999918e+01 4.397799793952775076e+02
2.207600000000000051e+01 4.394700293965150877e+02
2.208000000000000185e+01 4.393554255955746157e+02
2.208399999999999963e+01 4.390463200045299459e+02
2.208800000000000097e+01 4.388427359221133202e+02
2.209199999999999875e+01 4.389141505593226498e+02
2.209600000000000009e+01 4.389794219667408015e+02
2.210000000000000142e+01 4.390031995716594793e+02
2.210399999999999920e+01 4.390096700912636720e+02
2.210800000000000054e+01 4.390736094291427207e+02
2.211200000000000188e+01 4.390920031166365902e+02
2.211599999999999966e+01 4.390914729071394618e+02
2.212000000000000099e+01 4.390828586392597686e+02
2.212399999999999878e+01 4.390935544703505116e+02
2.212800000000000011e+01 4.397993516793123945e+02
2.213200000000000145e+01 4.398082441435332157e+02
2.213599999999999923e+01 4.398708219557898929e+02
2.214000000000000057e+01 4.394872972070520518e+02
2.214400000000000190e+01 4.394830391665841489e+02
2.214799999999999969e+01 4.393874214476991824e+02
2.215200000000000102e+01 4.397567450914484652e+02
2.215599999999999881e+01 4.397373008036547049e+02
2.216000000000000014e+01 4.397855007744237810e+02
2.216400000000000148e+01 4.401663548382870772e+02
2.216799999999999926e+01 4.402337405378976314e+02
2.217200000000000060e+01 4.397979410602181360e+02
2.217600000000000193e+01 4.403721088521642741e+02
2.217999999999999972e+01 4.401526315764255628e+02
2.218400000000000105e+01 4.396792723197994519e+02
2.218799999999999883e+01 4.393560441733213224e+02
2.219200000000000017e+01 4.390294547604630679e+02
2.219600000000000151e+01 4.386090739058766985e+02
2.219999999999999929e+01 4.387326421747968084e+02
2.220400000000000063e+01 4.391387957412095489e+02
2.220800000000000196e+01 4.391020574596937536e+02
2.221199999999999974e+01 4.390378431983717178e+02
2.221600000000000108e+01 4.390824626185859643e+02
2.221999999999999886e+01 4.390076212570339180e+02
2.222400000000000020e+01 4.388293334042685956e+02
2.222800000000000153e+01 4.393453221590455087e+02
2.223199999999999932e+01 4.384582260310381230e+02
2.223600000000000065e+01 4.382653279610178743e+02
2.224000000000000199e+01 4.375201021482768624e+02
2.224399999999999977e+01 4.370541298227315110e+02
2.224800000000000111e+01 4.370176664646587028e+02
2.225199999999999889e+01 4.379296726203378967e+02
2.225600000000000023e+01 4.375279309206052289e+02
2.226000000000000156e+01 4.373880996208742431e+02
2.226399999999999935e+01 4.378449372877371388e+02
2.226800000000000068e+01 4.370973877173233859e+02
2.227200000000000202e+01 4.376416575848467119e+02
2.227599999999999980e+01 4.377836882721214238e+02
2.228000000000000114e+01 4.377364963539765768e+02
2.228399999999999892e+01 4.377582709452393033e+02
2.228800000000000026e+01 4.377935331496981917e+02
2.229200000000000159e+01 4.368241858187711841e+02
2.229599999999999937e+01 4.367749156103134283e+02
2.230000000000000071e+01 4.379981220118409055e+02
2.230400000000000205e+01 4.375776462432087328e+02
2.230799999999999983e+01 4.375479872403494142e+02
2.231200000000000117e+01 4.376401749619935231e+02
2.231599999999999895e+01 4.378061076243159278e+02
2.232000000000000028e+01 4.379011067654541876e+02
2.232400000000000162e+01 4.378516467289048251e+02
2.232799999999999940e+01 4.377440174738806604e+02
2.233200000000000074e+01 4.377227796379112874e+02
2.233600000000000207e+01 4.378034303936451010e+02
2.233999999999999986e+01 4.378775222615252005e+02
2.234400000000000119e+01 4.387732359303104204e+02
2.234799999999999898e+01 4.377841922984335383e+02
2.235200000000000031e+01 4.376379002977927826e+02
2.235600000000000165e+01 4.375428913379600999e+02
2.235999999999999943e+01 4.377312498982732336e+02
2.236400000000000077e+01 4.378241936593855144e+02
2.236800000000000210e+01 4.379283110947155819e+02
2.237199999999999989e+01 4.380133213507593268e+02
2.237600000000000122e+01 4.374921352337510143e+02
2.237999999999999901e+01 4.375525431145471771e+02
2.238400000000000034e+01 4.375594980230746955e+02
2.238800000000000168e+01 4.366516255377343896e+02
2.239199999999999946e+01 4.365109661947763584e+02
2.239600000000000080e+01 4.364457471537282345e+02
2.240000000000000213e+01 4.370879028585409856e+02
2.240399999999999991e+01 4.369373069968585241e+02
2.240800000000000125e+01 4.368180785908594999e+02
2.241199999999999903e+01 4.367715379794426553e+02
2.241600000000000037e+01 4.363571301639445892e+02
2.242000000000000171e+01 4.364153550216876738e+02
2.242399999999999949e+01 4.364324984620956229e+02
2.242800000000000082e+01 4.364070025856584039e+02
2.243200000000000216e+01 4.363933153256763262e+02
2.243599999999999994e+01 4.363951874234069805e+02
2.244000000000000128e+01 4.363746565334338356e+02
2.244399999999999906e+01 4.363380851697227172e+02
2.244800000000000040e+01 4.362967484663334972e+02
2.245200000000000173e+01 4.357738408049085024e+02
2.245599999999999952e+01 4.358156684430173300e+02
2.246000000000000085e+01 4.359017980302217552e+02
2.246400000000000219e+01 4.359465123644817481e+02
2.246799999999999997e+01 4.359213961442276855e+02
2.247200000000000131e+01 4.364494520744120791e+02
2.247599999999999909e+01 4.370815927109451877e+02
2.248000000000000043e+01 4.373252468851745220e+02
2.248400000000000176e+01 4.376366336862162143e+02
2.248799999999999955e+01 4.379563958335741063e+02
2.249200000000000088e+01 4.369884591217413572e+02
2.249600000000000222e+01 4.371442687101458660e+02
2.250000000000000000e+01 4.369043129108040944e+02
2.250400000000000134e+01 4.381359961184897998e+02
2.250799999999999912e+01 4.368103905531507962e+02
2.251200000000000045e+01 4.368131430604785805e+02
2.251600000000000179e+01 4.374831511283825876e+02
2.251999999999999957e+01 4.377162829351220807e+02
2.252400000000000091e+01 4.383562948916592745e+02
2.252799999999999869e+01 4.518228044406423010e+02
2.253200000000000003e+01 4.518412243113212412e+02
2.253600000000000136e+01 4.526905577406979546e+02
2.253999999999999915e+01 4.527355960918728783e+02
2.254400000000000048e+01 4.527272207455567354e+02
2.254800000000000182e+01 4.524735253198628016e+02
2.255199999999999960e+01 4.513999001815972747e+02
2.255600000000000094e+01 4.517120659323940686e+02
2.255999999999999872e+01 4.515467093001426520e+02
2.256400000000000006e+01 4.517591793009838170e+02
2.256800000000000139e+01 4.516894469334135920e+02
2.257199999999999918e+01 4.522437776897903063e+02
2.257600000000000051e+01 4.521873791092041301e+02
2.258000000000000185e+01 4.519705692454418227e+02
2.258399999999999963e+01 4.516932598597357469e+02
2.258800000000000097e+01 4.513670697404494376e+02
2.259199999999999875e+01 4.509398157997888461e+02
2.259600000000000009e+01 4.511617444762273408e+02
2.260000000000000142e+01 4.508092271643786262e+02
2.260399999999999920e+01 4.506027727503014830e+02
2.260800000000000054e+01 4.514430958911246989e+02
2.261200000000000188e+01 4.508622088393164518e+02
2.261599999999999966e+01 4.503029032777812972e+02
2.262000000000000099e+01 4.497872581773080469e+02
2.262399999999999878e+01 4.496393035444169755e+02
2.262800000000000011e+01 4.496673130066184854e+02
2.263200000000000145e+01 4.510903003829348563e+02
2.263599999999999923e+01 4.508890924245610563e+02
2.264000000000000057e+01 4.513575685171763325e+02
2.264400000000000190e+01 4.511460574754874528e+02
2.264799999999999969e+01 4.498464092652220643e+02
2.265200000000000102e+01 4.494678822319295932e+02
2.265599999999999881e+01 4.489421958799917434e+02
2.266000000000000014e+01 4.485733729896564341e+02
2.266400000000000148e+01 4.485341767616445736e+02
2.266799999999999926e+01 4.491503980216705827e+02
2.267200000000000060e+01 4.495052194538033064e+02
2.267600000000000193e+01 4.492076115538912973e+02
2.267999999999999972e+01 4.489424642576384485e+02
2.268400000000000105e+01 4.483631285595441227e+02
2.268799999999999883e+01 4.496794489128866985e+02
2.269200000000000017e+01 4.484559217673423746e+02
2.269600000000000151e+01 4.485385722638339985e+02
2.269999999999999929e+01 4.490112343931582473e+02
2.270400000000000063e+01 4.493018906574408788e+02
2.270800000000000196e+01 4.497389960214745201e+02
2.271199999999999974e+01 4.497678760745787372e+02
2.271600000000000108e+01 4.489919308399840929e+02
2.271999999999999886e+01 4.487883860323450449e+02
2.272400000000000020e+01 4.485595220847678206e+02
2.272800000000000153e+01 4.489433872149112972e+02
2.273199999999999932e+01 4.500216042292540237e+02
2.273600000000000065e+01 4.491196655082244433e+02
2.274000000000000199e+01 4.495224021689888332e+02
2.274399999999999977e+01 4.494949294620807336e+02
2.274800000000000111e+01 4.501994927884474009e+02
2.275199999999999889e+01 4.494456985284004986e+02
2.275600000000000023e+01 4.487638687524488432e+02
2.276000000000000156e+01 4.493132247036670606e+02
2.276399999999999935e+01 4.495230960233924975e+02
2.276800000000000068e+01 4.489307407365347444e+02
2.277200000000000202e+01 4.487335584428615221e+02
2.277599999999999980e+01 4.483308643297728509e+02
2.278000000000000114e+01 4.484554439242153308e+02
2.278399999999999892e+01 4.488912041271173052e+02
2.278800000000000026e+01 4.485274607746806623e+02
2.279200000000000159e+01 4.482274211114576588e+02
2.279599999999999937e+01 4.479736667735973583e+02
2.280000000000000071e+01 4.472164523350040213e+02
2.280400000000000205e+01 4.476610788189417462e+02
2.280799999999999983e+01 4.470447430074811450e+02
2.281200000000000117e+01 4.471920659710330597e+02
2.281599999999999895e+01 4.472971456384134967e+02
2.282000000000000028e+01 4.468283488017814307e+02
2.282400000000000162e+01 4.463136495688679588e+02
2.282799999999999940e+01 4.457852892591574232e+02
2.283200000000000074e+01 4.454490120678326548e+02
2.283600000000000207e+01 4.454957228699523171e+02
2.283999999999999986e+01 4.458324779044041861e+02
2.284400000000000119e+01 4.461998869027470391e+02
2.284799999999999898e+01 4.463291009209424374e+02
2.285200000000000031e+01 4.461195110704562126e+02
2.285600000000000165e+01 4.457438085482504562e+02
2.285999999999999943e+01 4.455372657659237916e+02
2.286400000000000077e+01 4.477967600838431395e+02
2.286800000000000210e+01 4.481491399339703889e+02
2.287199999999999989e+01 4.483097934116081547e+02
2.287600000000000122e+01 4.473416243240081371e+02
2.287999999999999901e+01 4.474064833462618935e+02
2.288400000000000034e+01 4.471811377641750482e+02
2.288800000000000168e+01 4.474911499480019188e+02
2.289199999999999946e+01 4.468647565205860701e+02
2.289600000000000080e+01 4.461793560127739511e+02
2.290000000000000213e+01 4.467558017418189706e+02
2.290399999999999991e+01 4.470104855827483448e+02
2.290800000000000125e+01 4.466271179331207577e+02
2.291199999999999903e+01 4.461946928134138375e+02
2.291600000000000037e+01 4.463455701443355110e+02
2.292000000000000171e+01 4.452269033819969763e+02
2.292399999999999949e+01 4.456016600366430112e+02
2.292800000000000082e+01 4.459825304649969553e+02
2.293200000000000216e+01 4.459742860346060525e+02
2.293599999999999994e+01 4.455270805069414450e+02
2.294000000000000128e+01 4.458606346470215840e+02
2.294399999999999906e+01 4.462730819965394176e+02
2.294800000000000040e+01 4.463839481478147491e+02
2.295200000000000173e+01 4.460830640768740523e+02
2.295599999999999952e+01 4.458840653247384012e+02
2.296000000000000085e+01 4.455831845266958453e+02
2.296400000000000219e+01 4.459132497573688170e+02
2.296799999999999997e+01 4.462601605947198777e+02
2.297200000000000131e+01 4.464544398277512300e+02
2.297599999999999909e+01 4.462640946182727930e+02
2.298000000000000043e+01 4.459829984894296331e+02
2.298400000000000176e+01 4.453378840847068432e+02
2.298799999999999955e+01 4.453095996990623462e+02
2.299200000000000088e+01 4.451974734820067852e+02
2.299600000000000222e+01 4.452182269290527756e+02
2.300000000000000000e+01 4.451078844414783475e+02
2.300400000000000134e+01 4.449699514226630868e+02
2.300799999999999912e+01 4.449839332434769403e+02
2.301200000000000045e+01 4.458948953446525252e+02
2.301600000000000179e+01 4.472151268112611433e+02
2.301999999999999957e+01 4.472651694236777189e+02
2.302400000000000091e+01 4.470484839300444264e+02
2.302800000000000225e+01 4.453412355323926022e+02
2.303200000000000003e+01 4.450506414531744213e+02
2.303600000000000136e+01 4.450008934015896216e+02
2.303999999999999915e+01 4.450996989232537544e+02
2.304400000000000048e+01 4.454949668304841452e+02
2.304800000000000182e+01 4.459787502676561530e+02
2.305199999999999960e+01 4.459608016943080315e+02
2.305600000000000094e+01 4.471988801449409152e+02
2.305999999999999872e+01 4.468691029293034376e+02
2.306400000000000006e+01 4.460995758479428446e+02
2.306800000000000139e+01 4.473543035313659857e+02
2.307199999999999918e+01 4.479439292211828842e+02
2.307600000000000051e+01 4.477989987461644432e+02
2.308000000000000185e+01 4.473818220588479448e+02
2.308399999999999963e+01 4.469213187460787822e+02
2.308800000000000097e+01 4.449412939266317153e+02
2.309199999999999875e+01 4.449082016536333981e+02
2.309600000000000009e+01 4.449300940692288577e+02
2.310000000000000142e+01 4.449727792066478855e+02
2.310399999999999920e+01 4.450342049587626434e+02
2.310800000000000054e+01 4.447001009717965871e+02
2.311200000000000188e+01 4.448301135771358190e+02
2.311599999999999966e+01 4.447823849036975616e+02
2.312000000000000099e+01 4.447012072113647037e+02
2.312399999999999878e+01 4.456154782125503289e+02
2.312800000000000011e+01 4.448093372198028987e+02
2.313200000000000145e+01 4.445295960707857716e+02
2.313599999999999923e+01 4.443730991737738805e+02
2.314000000000000057e+01 4.443405894766427764e+02
2.314400000000000190e+01 4.443963989355654576e+02
2.314799999999999969e+01 4.445162524651074136e+02
2.315200000000000102e+01 4.434948824183947522e+02
2.315599999999999881e+01 4.449886200335998865e+02
2.316000000000000014e+01 4.442323645541588348e+02
2.316400000000000148e+01 4.443171293428427475e+02
2.316799999999999926e+01 4.449169730206233453e+02
2.317200000000000060e+01 4.447158436118047007e+02
2.317600000000000193e+01 4.444720192468725486e+02
2.317999999999999972e+01 4.442134930235378647e+02
2.318400000000000105e+01 4.439499068996933033e+02
2.318799999999999883e+01 4.438636398507674130e+02
2.319200000000000017e+01 4.433493726404071822e+02
2.319600000000000151e+01 4.429856391066649621e+02
2.319999999999999929e+01 4.442997404350749662e+02
2.320400000000000063e+01 4.429042421301573995e+02
2.320800000000000196e+01 4.427893274038945037e+02
2.321199999999999974e+01 4.426314198877882973e+02
2.321600000000000108e+01 4.424713260757308717e+02
2.321999999999999886e+01 4.431820326318886600e+02
2.322400000000000020e+01 4.429641427117433068e+02
2.322800000000000153e+01 4.430069391276987858e+02
2.323199999999999932e+01 4.428391900069138956e+02
2.323600000000000065e+01 4.431043209386760964e+02
2.324000000000000199e+01 4.427376777984957812e+02
2.324399999999999977e+01 4.426769655381734765e+02
2.324800000000000111e+01 4.425981803343740921e+02
2.325199999999999889e+01 4.421168221147168538e+02
2.325600000000000023e+01 4.416867305713770975e+02
2.326000000000000156e+01 4.413737662334364131e+02
2.326399999999999935e+01 4.410997297458608841e+02
2.326800000000000068e+01 4.400490312590001167e+02
2.327200000000000202e+01 4.414143665347463070e+02
2.327599999999999980e+01 4.417356996732068524e+02
2.328000000000000114e+01 4.404950159956620155e+02
2.328399999999999892e+01 4.418179345116358263e+02
2.328800000000000026e+01 4.417682715554024071e+02
2.329200000000000159e+01 4.415589500825628875e+02
2.329599999999999937e+01 4.416191910455543734e+02
2.330000000000000071e+01 4.414087633331467373e+02
2.330400000000000205e+01 4.412769571796319497e+02
2.330799999999999983e+01 4.411260471197289235e+02
2.331200000000000117e+01 4.408936680795594611e+02
2.331599999999999895e+01 4.406354364170565532e+02
2.332000000000000028e+01 4.404028184553235405e+02
2.332400000000000162e+01 4.402389411730271718e+02
2.332799999999999940e+01 4.402803335156846174e+02
2.333200000000000074e+01 4.401927867635896519e+02
2.333600000000000207e+01 4.402162436244915398e+02
2.333999999999999986e+01 4.402550863795053147e+02
2.334400000000000119e+01 4.400581299158031356e+02
2.334799999999999898e+01 4.384863009512022813e+02
2.335200000000000031e+01 4.385695242048667524e+02
2.335600000000000165e+01 4.385369719600599296e+02
2.335999999999999943e+01 4.390707227329915554e+02
2.336400000000000077e+01 4.382787141143719509e+02
2.336800000000000210e+01 4.381365721485607878e+02
2.337199999999999989e+01 4.381639597601175069e+02
2.337600000000000122e+01 4.382039905771526378e+02
2.337999999999999901e+01 4.382857999388247094e+02
2.338400000000000034e+01 4.383830999273487805e+02
2.338800000000000168e+01 4.389320893139763484e+02
2.339199999999999946e+01 4.383306811908893792e+02
2.339600000000000080e+01 4.376551026503670982e+02
2.340000000000000213e+01 4.387394792589915937e+02
2.340399999999999991e+01 4.386144283672182951e+02
2.340800000000000125e+01 4.394642690958052640e+02
2.341199999999999903e+01 4.392143865964334282e+02
2.341600000000000037e+01 4.389746369896739111e+02
2.342000000000000171e+01 4.389911945813165630e+02
2.342399999999999949e+01 4.371305781772656474e+02
2.342800000000000082e+01 4.366383244797316934e+02
2.343200000000000216e+01 4.378647088653439710e+02
2.343599999999999994e+01 4.365093068354241268e+02
2.344000000000000128e+01 4.380910985019344821e+02
2.344399999999999906e+01 4.381894032701846413e+02
2.344800000000000040e+01 4.376188193016914738e+02
2.345200000000000173e+01 4.373976630292117989e+02
2.345599999999999952e+01 4.367959799826818426e+02
2.346000000000000085e+01 4.365632736526993085e+02
2.346400000000000219e+01 4.365371624714135237e+02
2.346799999999999997e+01 4.377617336714614567e+02
2.347200000000000131e+01 4.377608728992531724e+02
2.347599999999999909e+01 4.371589476582615248e+02
2.348000000000000043e+01 4.370614251126645513e+02
2.348400000000000176e+01 4.370011317833029807e+02
2.348799999999999955e+01 4.367919379534905602e+02
2.349200000000000088e+01 4.369576938793138652e+02
2.349600000000000222e+01 4.366610580301467053e+02
2.350000000000000000e+01 4.366357159799215992e+02
2.350400000000000134e+01 4.366452073845002815e+02
2.350799999999999912e+01 4.366729321045644383e+02
2.351200000000000045e+01 4.352766155751141923e+02
2.351600000000000179e+01 4.359376362647516316e+02
2.351999999999999957e+01 4.357328346642304382e+02
2.352400000000000091e+01 4.349620573357839248e+02
2.352800000000000225e+01 4.347430644489685392e+02
2.353200000000000003e+01 4.348407048188982458e+02
2.353600000000000136e+01 4.343462550067186498e+02
2.353999999999999915e+01 4.341327540429663827e+02
2.354400000000000048e+01 4.339356044782745130e+02
2.354800000000000182e+01 4.337518508856311428e+02
2.355199999999999960e+01 4.335965878712144104e+02
2.355600000000000094e+01 4.335120161835201884e+02
2.355999999999999872e+01 4.334593683441916596e+02
2.356400000000000006e+01 4.333553392771110566e+02
2.356800000000000139e+01 4.332304454844480688e+02
2.357199999999999918e+01 4.331563994371417721e+02
2.357600000000000051e+01 4.335702312225688502e+02
2.358000000000000185e+01 4.334115283922169510e+02
2.358399999999999963e+01 4.331848998340628896e+02
2.358800000000000097e+01 4.330009367759391239e+02
2.359199999999999875e+01 4.327245012540338962e+02
2.359600000000000009e+01 4.325854554498542370e+02
2.360000000000000142e+01 4.327638153063784330e+02
2.360399999999999920e+01 4.328578325780775344e+02
2.360800000000000054e+01 4.327033288760271716e+02
2.361200000000000188e+01 4.325934315025984915e+02
2.361599999999999966e+01 4.323696340013274266e+02
2.362000000000000099e+01 4.321239375386646202e+02
2.362399999999999878e+01 4.319877293371641827e+02
2.362800000000000011e+01 4.320110127344651119e+02
2.363200000000000145e+01 4.321264216683456993e+02
2.363599999999999923e+01 4.328417691940526311e+02
2.364000000000000057e+01 4.321622991776531535e+02
2.364400000000000190e+01 4.325761571462652455e+02
2.364799999999999969e+01 4.315766304216761000e+02
2.365200000000000102e+01 4.312923530358500557e+02
2.365599999999999881e+01 4.316152277093300995e+02
2.366000000000000014e+01 4.316456165684725192e+02
2.366400000000000148e+01 4.316328424470688674e+02
2.366799999999999926e+01 4.315005486317326131e+02
2.367200000000000060e+01 4.318016716242368602e+02
2.367600000000000193e+01 4.315023814546857466e+02
2.367999999999999972e+01 4.313399606120574958e+02
2.368400000000000105e+01 4.314394239862458562e+02
2.368799999999999883e+01 4.312479332624217818e+02
2.369200000000000017e+01 4.310162382579616178e+02
2.369600000000000151e+01 4.309436617419159461e+02
2.369999999999999929e+01 4.314300373144073433e+02
2.370400000000000063e+01 4.309697598316091671e+02
2.370800000000000196e+01 4.306329917055647911e+02
2.371199999999999974e+01 4.308264003476934363e+02
2.371600000000000108e+01 4.307919236387858746e+02
2.371999999999999886e+01 4.305368208668958232e+02
2.372400000000000020e+01 4.303714085953761810e+02
2.372800000000000153e+01 4.303810047326950325e+02
2.373199999999999932e+01 4.303840288905677198e+02
2.373600000000000065e+01 4.303547168149102049e+02
2.374000000000000199e+01 4.301839566278451912e+02
2.374399999999999977e+01 4.300878381555462511e+02
2.374800000000000111e+01 4.299816195196163449e+02
2.375199999999999889e+01 4.295072980309398645e+02
2.375600000000000023e+01 4.293619944455345490e+02
2.376000000000000156e+01 4.293700654123245499e+02
2.376399999999999935e+01 4.299150356800478221e+02
2.376800000000000068e+01 4.300182301581050410e+02
2.377200000000000202e+01 4.301500428574161106e+02
2.377599999999999980e+01 4.301219941204370230e+02
2.378000000000000114e+01 4.298635529924537195e+02
2.378399999999999892e+01 4.295363482747468993e+02
2.378800000000000026e+01 4.293787975045369762e+02
2.379200000000000159e+01 4.292556252562906138e+02
2.379599999999999937e+01 4.295367737515039153e+02
2.380000000000000071e+01 4.294551607637197321e+02
2.380400000000000205e+01 4.294371009118351594e+02
2.380799999999999983e+01 4.294010073912510848e+02
2.381200000000000117e+01 4.290275304397740683e+02
2.381599999999999895e+01 4.289050585917277090e+02
2.382000000000000028e+01 4.288542893959261164e+02
2.382400000000000162e+01 4.288144909546582539e+02
2.382799999999999940e+01 4.288540013808906224e+02
2.383200000000000074e+01 4.288322431541185438e+02
2.383600000000000207e+01 4.287902715084919691e+02
2.383999999999999986e+01 4.282889944308119539e+02
2.384400000000000119e+01 4.282343893984013334e+02
2.384799999999999898e+01 4.278858257474943230e+02
2.385200000000000031e+01 4.279822453264213209e+02
2.385600000000000165e+01 4.277078848219308611e+02
2.385999999999999943e+01 4.273935033190996364e+02
2.386400000000000077e+01 4.277262130514621390e+02
2.386800000000000210e+01 4.281039316789163536e+02
2.387199999999999989e+01 4.281307563519945916e+02
2.387600000000000122e+01 4.277515321914003152e+02
2.387999999999999901e+01 4.277654420084552953e+02
2.388400000000000034e+01 4.278512901264204515e+02
2.388800000000000168e+01 4.275940534249492089e+02
2.389199999999999946e+01 4.272206484772310660e+02
2.389600000000000080e+01 4.268886522366610734e+02
2.390000000000000213e+01 4.267418365723194711e+02
2.390399999999999991e+01 4.267664422204651373e+02
2.390800000000000125e+01 4.268309314052301602e+02
2.391199999999999903e+01 4.267358144397591673e+02
2.391600000000000037e+01 4.265698065007798050e+02
2.392000000000000171e+01 4.263657216649492057e+02
2.392399999999999949e+01 4.262157181978283802e+02
2.392800000000000082e+01 4.264404484750666597e+02
2.393200000000000216e+01 4.265603543709786436e+02
2.393599999999999994e+01 4.269923638326229707e+02
2.394000000000000128e+01 4.269354154051508772e+02
2.394399999999999906e+01 4.266161769214938886e+02
2.394800000000000040e+01 4.263865111138746897e+02
2.395200000000000173e+01 4.261633387361465566e+02
2.395599999999999952e+01 4.260287637108132230e+02
2.396000000000000085e+01 4.265997338812858288e+02
2.396400000000000219e+01 4.264951713318100133e+02
2.396799999999999997e+01 4.260409519834515208e+02
2.397200000000000131e+01 4.257751730178595153e+02
2.397599999999999909e+01 4.255530086927555544e+02
2.398000000000000043e+01 4.254091386367314271e+02
2.398400000000000176e+01 4.255515817091706481e+02
2.398799999999999955e+01 4.258741454573282681e+02
2.399200000000000088e+01 4.254613413619142079e+02
2.399600000000000222e+01 4.254310474168175347e+02
2.400000000000000000e+01 4.253843627978829431e+02
2.400400000000000134e+01 4.252711990721199413e+02
2.400799999999999912e+01 4.250719319423375850e+02
2.401200000000000045e+01 4.248424494170136541e+02
2.401600000000000179e+01 4.246664656845322838e+02
2.401999999999999957e+01 4.245908813751045727e+02
2.402400000000000091e+01 4.245942459143828387e+02
2.402800000000000225e+01 4.246305881752248297e+02
2.403200000000000003e+01 4.246821428665777489e+02
2.403600000000000136e+01 4.247449956022774700e+02
2.403999999999999915e+01 4.248010145266804898e+02
2.404400000000000048e+01 4.248036132077961611e+02
2.404800000000000182e+01 4.247170319606497628e+02
2.405199999999999960e+01 4.245552787892401057e+02
2.405600000000000094e+01 4.243494200426227962e+02
2.406000000000000227e+01 4.241629957651048244e+02
2.406400000000000006e+01 4.240537857002835267e+02
2.406800000000000139e+01 4.239880069936551195e+02
2.407199999999999918e+01 4.238893945729806774e+02
2.407600000000000051e+01 4.241707394420817536e+02
2.408000000000000185e+01 4.240033176111099920e+02
2.408399999999999963e+01 4.229827232412542912e+02
2.408800000000000097e+01 4.229127879540000094e+02
2.409199999999999875e+01 4.229733300236194964e+02
2.409600000000000009e+01 4.230683029815727423e+02
2.410000000000000142e+01 4.230292703984674176e+02
2.410399999999999920e+01 4.231732648246205031e+02
2.410800000000000054e+01 4.232463420940801484e+02
2.411200000000000188e+01 4.229478079639972066e+02
2.411599999999999966e+01 4.227486390211587945e+02
2.412000000000000099e+01 4.226727666966956463e+02
2.412399999999999878e+01 4.224637463304841276e+02
2.412800000000000011e+01 4.222946422298732045e+02
2.413200000000000145e+01 4.223636087392808349e+02
2.413599999999999923e+01 4.227526974148407248e+02
2.414000000000000057e+01 4.225424726221171454e+02
2.414400000000000190e+01 4.222877298690214047e+02
2.414799999999999969e+01 4.220186060015399221e+02
2.415200000000000102e+01 4.218179969835240399e+02
2.415599999999999881e+01 4.216536385852024296e+02
2.416000000000000014e+01 4.213950534497014360e+02
2.416400000000000148e+01 4.211097221906772461e+02
2.416799999999999926e+01 4.215731056538013490e+02
2.417200000000000060e+01 4.214796644121731788e+02
2.417600000000000193e+01 4.214328096025358263e+02
2.417999999999999972e+01 4.210172955474696437e+02
2.418400000000000105e+01 4.203127845874730042e+02
2.418799999999999883e+01 4.202519741402068121e+02
2.419200000000000017e+01 4.204136160330800180e+02
2.419600000000000151e+01 4.203022720386775859e+02
2.419999999999999929e+01 4.197945538974766464e+02
2.420400000000000063e+01 4.195814751375831975e+02
2.420800000000000196e+01 4.192630090578850286e+02
2.421199999999999974e+01 4.189551406223337153e+02
2.421600000000000108e+01 4.187667133311598491e+02
2.421999999999999886e+01 4.187191843045075075e+02
2.422400000000000020e+01 4.187610839463752654e+02
2.422800000000000153e+01 4.187934267257016927e+02
2.423199999999999932e+01 4.195603780362334874e+02
2.423600000000000065e+01 4.194512792499486977e+02
2.424000000000000199e+01 4.200922436198418950e+02
2.424399999999999977e+01 4.198303266740439312e+02
2.424800000000000111e+01 4.196148194237375719e+02
2.425199999999999889e+01 4.194813113631948909e+02
2.425600000000000023e+01 4.191783064542655666e+02
2.426000000000000156e+01 4.191969619736099162e+02
2.426399999999999935e+01 4.188900295869239017e+02
2.426800000000000068e+01 4.182616658748334544e+02
2.427200000000000202e+01 4.181157535303758550e+02
2.427599999999999980e+01 4.183569792141922790e+02
2.428000000000000114e+01 4.177780428096698415e+02
2.428399999999999892e+01 4.174305133945721309e+02
2.428800000000000026e+01 4.175747827441681466e+02
2.429200000000000159e+01 4.172148817741368703e+02
2.429599999999999937e+01 4.169580770952188686e+02
2.430000000000000071e+01 4.169176895322874543e+02
2.430400000000000205e+01 4.167878667550397722e+02
2.430799999999999983e+01 4.168446384460128797e+02
2.431200000000000117e+01 4.168116083580790701e+02
2.431599999999999895e+01 4.173140571332897366e+02
2.432000000000000028e+01 4.171326665730966283e+02
2.432400000000000162e+01 4.170974436434153176e+02
2.432799999999999940e+01 4.172645905509441491e+02
2.433200000000000074e+01 4.172839530162846700e+02
2.433600000000000207e+01 4.174226191642811727e+02
2.433999999999999986e+01 4.173560811452864527e+02
2.434400000000000119e+01 4.167716724550896856e+02
2.434799999999999898e+01 4.163677837341833197e+02
2.435200000000000031e+01 4.160782893487370302e+02
2.435600000000000165e+01 4.159605632029800404e+02
2.435999999999999943e+01 4.160054608195353580e+02
2.436400000000000077e+01 4.158704472258525584e+02
2.436800000000000210e+01 4.156815682747366623e+02
2.437199999999999989e+01 4.156187875427958716e+02
2.437600000000000122e+01 4.153763377950785980e+02
2.437999999999999901e+01 4.151573678185501421e+02
2.438400000000000034e+01 4.150331220597169590e+02
2.438800000000000168e+01 4.147691300965042274e+02
2.439199999999999946e+01 4.146664723737403619e+02
2.439600000000000080e+01 4.148883486838087720e+02
2.440000000000000213e+01 4.135911878761226603e+02
2.440399999999999991e+01 4.138055692494720574e+02
2.440800000000000125e+01 4.138001296927790236e+02
2.441199999999999903e+01 4.137120298208999998e+02
2.441600000000000037e+01 4.124869775048268252e+02
2.442000000000000171e+01 4.123988907245403652e+02
2.442399999999999949e+01 4.123387283111039778e+02
2.442800000000000082e+01 4.121672546322465678e+02
2.443200000000000216e+01 4.119766214077326367e+02
2.443599999999999994e+01 4.110788981794952406e+02
2.444000000000000128e+01 4.105375739202895033e+02
2.444399999999999906e+01 4.102625915651542527e+02
2.444800000000000040e+01 4.100665449671323586e+02
2.445200000000000173e+01 4.094100932432852460e+02
2.445599999999999952e+01 4.103496768386127656e+02
2.446000000000000085e+01 4.101959815424006592e+02
2.446400000000000219e+01 4.099292927111283120e+02
2.446799999999999997e+01 4.095739737984797557e+02
2.447200000000000131e+01 4.089923274343052526e+02
2.447599999999999909e+01 4.080618294041881882e+02
2.448000000000000043e+01 4.073527167494200398e+02
2.448400000000000176e+01 4.072357760992143199e+02
2.448799999999999955e+01 4.081210295855742061e+02
2.449200000000000088e+01 4.085006988603142304e+02
2.449600000000000222e+01 4.088859320618762467e+02
2.450000000000000000e+01 4.091810689236996268e+02
2.450400000000000134e+01 4.092325647028862363e+02
2.450799999999999912e+01 4.091368847989367623e+02
2.451200000000000045e+01 4.090534848087733053e+02
2.451600000000000179e+01 4.071763926355330341e+02
2.451999999999999957e+01 4.068618867625729081e+02
2.452400000000000091e+01 4.073130557698736425e+02
2.452800000000000225e+01 4.078192160115644356e+02
2.453200000000000003e+01 4.087621706919664462e+02
2.453600000000000136e+01 4.103084055931861371e+02
2.453999999999999915e+01 4.107077318940984583e+02
2.454400000000000048e+01 4.108265380962386075e+02
2.454800000000000182e+01 4.106266949363852632e+02
2.455199999999999960e+01 4.114207785724196356e+02
2.455600000000000094e+01 4.112709060212239933e+02
2.456000000000000227e+01 4.090123182960868462e+02
2.456400000000000006e+01 4.088234720739522459e+02
2.456800000000000139e+01 4.084359478436987843e+02
2.457199999999999918e+01 4.079153213922708119e+02
2.457600000000000051e+01 4.312664316826558206e+02
2.458000000000000185e+01 4.321662233825117028e+02
2.458399999999999963e+01 4.322310889505617411e+02
2.458800000000000097e+01 4.321728346367355016e+02
2.459199999999999875e+01 4.319049282873585867e+02
2.459600000000000009e+01 4.318737441139703606e+02
2.460000000000000142e+01 4.319831800087626448e+02
2.460399999999999920e+01 4.321102371870899788e+02
2.460800000000000054e+01 4.320537862401337179e+02
2.461200000000000188e+01 4.316751217451197249e+02
2.461599999999999966e+01 4.312359871842451184e+02
2.462000000000000099e+01 4.308754218158932758e+02
2.462399999999999878e+01 4.306776536734547562e+02
2.462800000000000011e+01 4.307557450228504194e+02
2.463200000000000145e+01 4.307030840919293837e+02
2.463599999999999923e+01 4.311670664954113477e+02
2.464000000000000057e+01 4.309585992489838873e+02
2.464400000000000190e+01 4.306107752730544007e+02
2.464799999999999969e+01 4.304863658693147386e+02
2.465200000000000102e+01 4.298817699434485462e+02
2.465599999999999881e+01 4.298329383033402564e+02
2.466000000000000014e+01 4.298843031666016259e+02
2.466400000000000148e+01 4.298634351681210433e+02
2.466799999999999926e+01 4.298984879070995930e+02
2.467200000000000060e+01 4.297264251065786311e+02
2.467600000000000193e+01 4.297947370363601181e+02
2.467999999999999972e+01 4.301193299813587601e+02
2.468400000000000105e+01 4.305937431111829028e+02
2.468799999999999883e+01 4.308285473688670777e+02
2.469200000000000017e+01 4.303009954649947986e+02
2.469600000000000151e+01 4.297350655576433383e+02
2.469999999999999929e+01 4.294764804221422878e+02
2.470400000000000063e+01 4.291683174257591986e+02
2.470800000000000196e+01 4.293425665222314365e+02
2.471199999999999974e+01 4.295842635033786223e+02
2.471600000000000108e+01 4.297723831421282625e+02
2.471999999999999886e+01 4.297845583231739965e+02
2.472400000000000020e+01 4.296257769432669420e+02
2.472800000000000153e+01 4.292000187170520462e+02
2.473199999999999932e+01 4.290044499621572527e+02
2.473600000000000065e+01 4.288994881191094919e+02
2.474000000000000199e+01 4.288349072931968067e+02
2.474399999999999977e+01 4.281093777814056125e+02
2.474800000000000111e+01 4.276972413572102028e+02
2.475199999999999889e+01 4.277086048595195962e+02
2.475600000000000023e+01 4.284410401863663083e+02
2.476000000000000156e+01 4.283537585390199638e+02
2.476399999999999935e+01 4.282761712159363583e+02
2.476800000000000068e+01 4.281186728120964631e+02
2.477200000000000202e+01 4.280877766537437878e+02
2.477599999999999980e+01 4.278835347188029345e+02
2.478000000000000114e+01 4.278119891656684217e+02
2.478399999999999892e+01 4.269380206320628304e+02
2.478800000000000026e+01 4.268616966476575953e+02
2.479200000000000159e+01 4.270301396228461499e+02
2.479599999999999937e+01 4.267951324454778614e+02
2.480000000000000071e+01 4.277933336463240721e+02
2.480400000000000205e+01 4.276953168931094069e+02
2.480799999999999983e+01 4.273407114722533606e+02
2.481200000000000117e+01 4.273614681921975489e+02
2.481599999999999895e+01 4.267610812133272589e+02
2.482000000000000028e+01 4.265769283271119434e+02
2.482400000000000162e+01 4.256645752442308321e+02
2.482799999999999940e+01 4.261265775443438315e+02
2.483200000000000074e+01 4.262918850831232476e+02
2.483600000000000207e+01 4.264545743033982603e+02
2.483999999999999986e+01 4.266752854617321873e+02
2.484400000000000119e+01 4.267026403443076106e+02
2.484799999999999898e+01 4.265661932212436227e+02
2.485200000000000031e+01 4.264519690764863071e+02
2.485600000000000165e+01 4.264873229220928579e+02
2.485999999999999943e+01 4.266524929991508088e+02
2.486400000000000077e+01 4.267912115135173963e+02
2.486800000000000210e+01 4.267359715388694212e+02
2.487199999999999989e+01 4.266692371459868696e+02
2.487600000000000122e+01 4.258867722983160888e+02
2.487999999999999901e+01 4.258455665108520520e+02
2.488400000000000034e+01 4.260702247843314581e+02
2.488800000000000168e+01 4.259758213106529752e+02
2.489199999999999946e+01 4.260161499614179661e+02
2.489600000000000080e+01 4.258069266755223907e+02
2.490000000000000213e+01 4.248601754332888731e+02
2.490399999999999991e+01 4.247518817799441990e+02
2.490800000000000125e+01 4.245881779612487321e+02
2.491199999999999903e+01 4.244002023300168958e+02
2.491600000000000037e+01 4.243878765956571328e+02
2.492000000000000171e+01 4.252488909984618886e+02
2.492399999999999949e+01 4.254031950537263356e+02
2.492800000000000082e+01 4.256894165410419646e+02
2.493200000000000216e+01 4.255908957615151849e+02
2.493599999999999994e+01 4.243941278310865073e+02
2.494000000000000128e+01 4.241135226369629549e+02
2.494399999999999906e+01 4.239125928749302261e+02
2.494800000000000040e+01 4.238248268386605559e+02
2.495200000000000173e+01 4.233945716504142069e+02
2.495599999999999952e+01 4.236662091036599804e+02
2.496000000000000085e+01 4.238603836039511634e+02
2.496400000000000219e+01 4.239157675861168855e+02
2.496799999999999997e+01 4.237062104646120133e+02
2.497200000000000131e+01 4.237855193321122442e+02
2.497599999999999909e+01 4.232763938447151304e+02
2.498000000000000043e+01 4.232635444466544641e+02
2.498400000000000176e+01 4.232710917497436185e+02
2.498799999999999955e+01 4.232683294237214113e+02
2.499200000000000088e+01 4.234891976811655923e+02
2.499600000000000222e+01 4.233261811710775646e+02
2.500000000000000000e+01 4.234451248349391790e+02
2.500400000000000134e+01 4.233173574377175328e+02
2.500799999999999912e+01 4.228379695027348930e+02
2.501200000000000045e+01 4.231134100636083986e+02
2.501600000000000179e+01 4.226208912613258804e+02
2.501999999999999957e+01 4.228286090140814508e+02
2.502400000000000091e+01 4.228676939635568601e+02
2.502800000000000225e+01 4.233021973735766892e+02
2.503200000000000003e+01 4.235807995540443471e+02
2.503600000000000136e+01 4.235873126213242017e+02
2.503999999999999915e+01 4.236042465962518122e+02
2.504400000000000048e+01 4.232579870656287540e+02
2.504800000000000182e+01 4.231842748539318109e+02
2.505199999999999960e+01 4.231116623360067024e+02
2.505600000000000094e+01 4.221415360553245932e+02
2.506000000000000227e+01 4.218283131584316266e+02
2.506400000000000006e+01 4.217318935795046855e+02
2.506800000000000139e+01 4.216881742062763578e+02
2.507199999999999918e+01 4.222368363030908540e+02
2.507600000000000051e+01 4.218537501227024791e+02
2.508000000000000185e+01 4.226647022757018703e+02
2.508399999999999963e+01 4.224057374840176635e+02
2.508800000000000097e+01 4.224780030747409683e+02
2.509199999999999875e+01 4.222339888817172664e+02
2.509600000000000009e+01 4.220509356892737856e+02
2.510000000000000142e+01 4.220169368234933245e+02
2.510399999999999920e+01 4.220881616326110475e+02
2.510800000000000054e+01 4.221700626354307246e+02
2.511200000000000188e+01 4.221386951797472307e+02
2.511599999999999966e+01 4.219303555763468694e+02
2.512000000000000099e+01 4.216587443062861666e+02
2.512399999999999878e+01 4.214661080681163412e+02
2.512800000000000011e+01 4.213602167219995067e+02
2.513200000000000145e+01 4.212896792214891661e+02
2.513599999999999923e+01 4.205960473748786512e+02
2.514000000000000057e+01 4.203816005435666625e+02
2.514400000000000190e+01 4.199805592440338842e+02
2.514799999999999969e+01 4.195259209647147145e+02
2.515200000000000102e+01 4.192660855821278005e+02
2.515599999999999881e+01 4.193343975119092875e+02
2.516000000000000014e+01 4.196204749917072263e+02
2.516400000000000148e+01 4.198778229717149202e+02
2.516799999999999926e+01 4.199493881622382219e+02
2.517200000000000060e+01 4.198702036648669491e+02
2.517600000000000193e+01 4.197822608920981793e+02
2.517999999999999972e+01 4.197768671559789482e+02
2.518400000000000105e+01 4.197970020252782888e+02
2.518799999999999883e+01 4.197263074256577511e+02
2.519200000000000017e+01 4.195338610155795322e+02
2.519600000000000151e+01 4.192852058530066870e+02
2.519999999999999929e+01 4.190856441623925548e+02
2.520400000000000063e+01 4.190000382388890330e+02
2.520800000000000196e+01 4.190095361892639971e+02
2.521199999999999974e+01 4.190379383992411704e+02
2.521600000000000108e+01 4.189822336730586585e+02
2.521999999999999886e+01 4.183139602411638975e+02
2.522400000000000020e+01 4.180639631903575264e+02
2.522800000000000153e+01 4.180435010312451141e+02
2.523199999999999932e+01 4.181028059453712444e+02
2.523600000000000065e+01 4.178818525925756830e+02
2.524000000000000199e+01 4.176947933728203566e+02
2.524399999999999977e+01 4.176115308443783647e+02
2.524800000000000111e+01 4.175327194573939096e+02
2.525199999999999889e+01 4.179345462524780146e+02
2.525600000000000023e+01 4.175455295806770550e+02
2.526000000000000156e+01 4.173237645491450394e+02
2.526399999999999935e+01 4.171765364996389280e+02
2.526800000000000068e+01 4.171010634687477250e+02
2.527200000000000202e+01 4.170832719945098574e+02
2.527599999999999980e+01 4.170817337323884999e+02
2.528000000000000114e+01 4.173651077983305413e+02
2.528399999999999892e+01 4.176644077865760210e+02
2.528800000000000026e+01 4.177753393958140009e+02
2.529200000000000159e+01 4.167770923743939306e+02
2.529599999999999937e+01 4.167741009455025960e+02
2.530000000000000071e+01 4.170018161058359283e+02
2.530400000000000205e+01 4.175271620763681995e+02
2.530799999999999983e+01 4.172387477473050694e+02
2.531200000000000117e+01 4.167173096171406996e+02
2.531599999999999895e+01 4.161506596722005042e+02
2.532000000000000028e+01 4.162268592864767243e+02
2.532400000000000162e+01 4.160980772908345671e+02
2.532799999999999940e+01 4.160956095256441358e+02
2.533200000000000074e+01 4.161594964971530999e+02
2.533600000000000207e+01 4.159164183529946968e+02
2.533999999999999986e+01 4.158719723963814090e+02
2.534400000000000119e+01 4.159224404855550006e+02
2.534799999999999898e+01 4.158622453431373174e+02
2.535200000000000031e+01 4.162486698796188875e+02
2.535600000000000165e+01 4.160748200767186518e+02
2.535999999999999943e+01 4.159939533097082176e+02
2.536400000000000077e+01 4.157101210380278644e+02
2.536800000000000210e+01 4.155487278854126316e+02
2.537199999999999989e+01 4.152060227221593323e+02
2.537600000000000122e+01 4.149358318898872540e+02
2.537999999999999901e+01 4.149966816119310806e+02
2.538400000000000034e+01 4.153917662368661468e+02
2.538800000000000168e+01 4.158341442397881451e+02
2.539199999999999946e+01 4.154375737191018061e+02
2.539600000000000080e+01 4.152267925336960275e+02
2.540000000000000213e+01 4.147711658391414176e+02
2.540399999999999991e+01 4.142791903379485916e+02
2.540800000000000125e+01 4.139973479883316259e+02
2.541199999999999903e+01 4.137238449831514231e+02
2.541600000000000037e+01 4.140375260857826447e+02
2.542000000000000171e+01 4.146232046604540642e+02
2.542399999999999949e+01 4.144277799130770177e+02
2.542800000000000082e+01 4.141646847239520639e+02
2.543200000000000216e+01 4.138225686823623164e+02
2.543599999999999994e+01 4.135972951040342878e+02
2.544000000000000128e+01 4.134770226435316545e+02
2.544399999999999906e+01 4.133947158013438070e+02
2.544800000000000040e+01 4.129936810476073106e+02
2.545200000000000173e+01 4.130134493523160018e+02
2.545599999999999952e+01 4.129991533332816402e+02
2.546000000000000085e+01 4.129723744807772050e+02
2.546400000000000219e+01 4.129512642878349880e+02
2.546799999999999997e+01 4.128652001585932112e+02
2.547200000000000131e+01 4.127490515497350998e+02
2.547599999999999909e+01 4.126477095320197463e+02
2.548000000000000043e+01 4.124919588557816041e+02
2.548400000000000176e+01 4.123960498489630027e+02
2.548799999999999955e+01 4.123554528205512497e+02
2.549200000000000088e+01 4.123627710207712198e+02
2.549600000000000222e+01 4.124327979491731639e+02
2.550000000000000000e+01 4.130303113234847956e+02
2.550400000000000134e+01 4.121810989913388994e+02
2.550799999999999912e+01 4.119873106930270978e+02
2.551200000000000045e+01 4.130869128237550854e+02
2.551600000000000179e+01 4.129135343181856115e+02
2.551999999999999957e+01 4.128804322264928715e+02
2.552400000000000091e+01 4.127716869132061674e+02
2.552800000000000225e+01 4.125654288730169128e+02
2.553200000000000003e+01 4.123256301727853952e+02
2.553600000000000136e+01 4.121701675115827470e+02
2.553999999999999915e+01 4.121572199265781364e+02
2.554400000000000048e+01 4.128937660134769203e+02
2.554800000000000182e+01 4.127558591778466734e+02
2.555199999999999960e+01 4.121792072562193994e+02
2.555600000000000094e+01 4.119497836430618918e+02
2.556000000000000227e+01 4.119830231964760969e+02
2.556400000000000006e+01 4.118254462430810463e+02
2.556800000000000139e+01 4.116921607396112108e+02
2.557199999999999918e+01 4.115761103176970437e+02
2.557600000000000051e+01 4.114659903871954612e+02
2.558000000000000185e+01 4.116483628168277846e+02
2.558399999999999963e+01 4.108359902260397121e+02
2.558800000000000097e+01 4.105799644968768121e+02
2.559200000000000230e+01 4.103747734214780962e+02
2.559600000000000009e+01 4.102081436318538863e+02
2.560000000000000142e+01 4.106630764720048319e+02
2.560399999999999920e+01 4.107443359867909294e+02
2.560800000000000054e+01 4.106975335435236047e+02
2.561200000000000188e+01 4.109397280051866801e+02
2.561599999999999966e+01 4.107265706957381326e+02
2.562000000000000099e+01 4.103673832174992526e+02
2.562399999999999878e+01 4.097826996038594984e+02
2.562800000000000011e+01 4.096324670338695455e+02
2.563200000000000145e+01 4.095912023342391421e+02
2.563599999999999923e+01 4.097080971638710025e+02
2.564000000000000057e+01 4.089841910095526032e+02
2.564400000000000190e+01 4.088318965137403893e+02
2.564799999999999969e+01 4.095128360614004919e+02
2.565200000000000102e+01 4.094072916424854611e+02
2.565599999999999881e+01 4.092931264098945121e+02
2.566000000000000014e+01 4.090927399489514755e+02
2.566400000000000148e+01 4.089726049501703642e+02
2.566799999999999926e+01 4.087644289916765388e+02
2.567200000000000060e+01 4.084889818850067513e+02
2.567600000000000193e+01 4.091821686174715182e+02
2.567999999999999972e+01 4.087330418986042559e+02
2.568400000000000105e+01 4.088250299734623923e+02
2.568799999999999883e+01 4.087061779507484403e+02
2.569200000000000017e+01 4.089137975165600665e+02
2.569600000000000151e+01 4.079495951814942600e+02
2.569999999999999929e+01 4.077292113129734048e+02
2.570400000000000063e+01 4.080601274971602948e+02
2.570800000000000196e+01 4.082931840272427735e+02
2.571199999999999974e+01 4.084129982820071518e+02
2.571600000000000108e+01 4.088293371074022389e+02
2.571999999999999886e+01 4.082171153288917935e+02
2.572400000000000020e+01 4.080740438600115567e+02
2.572800000000000153e+01 4.079358621009383796e+02
2.573199999999999932e+01 4.071550271565366188e+02
2.573600000000000065e+01 4.066625345374391145e+02
2.574000000000000199e+01 4.070715486168179496e+02
2.574399999999999977e+01 4.069449070965532087e+02
2.574800000000000111e+01 4.081586940972609341e+02
2.575199999999999889e+01 4.078848965312489554e+02
2.575600000000000023e+01 4.081412430044286452e+02
2.576000000000000156e+01 4.075880643081939070e+02
2.576399999999999935e+01 4.077458769102543101e+02
2.576800000000000068e+01 4.075265469149314868e+02
2.577200000000000202e+01 4.070974961531971985e+02
2.577599999999999980e+01 4.075978240904192944e+02
2.578000000000000114e+01 4.068351471848460505e+02
2.578399999999999892e+01 4.068957612582244110e+02
2.578800000000000026e+01 4.066669267667303416e+02
2.579200000000000159e+01 4.068946419270637307e+02
2.579599999999999937e+01 4.070182331062707703e+02
2.580000000000000071e+01 4.069444161618336580e+02
2.580400000000000205e+01 4.068961016396299897e+02
2.580799999999999983e+01 4.066782706316509461e+02
2.581200000000000117e+01 4.055319249698220574e+02
2.581599999999999895e+01 4.055871125780998909e+02
2.582000000000000028e+01 4.056413837749012146e+02
2.582400000000000162e+01 4.049766647103762693e+02
2.582799999999999940e+01 4.051953466718692312e+02
2.583200000000000074e+01 4.053225314932236643e+02
2.583600000000000207e+01 4.053099897475872808e+02
2.583999999999999986e+01 4.047978204649287477e+02
2.584400000000000119e+01 4.046634549050758096e+02
2.584799999999999898e+01 4.049426789361882584e+02
2.585200000000000031e+01 4.054877997572255026e+02
2.585600000000000165e+01 4.053316890621930497e+02
2.585999999999999943e+01 4.050403814911824156e+02
2.586400000000000077e+01 4.046663481470232568e+02
2.586800000000000210e+01 4.043097986246776259e+02
2.587199999999999989e+01 4.038295597361810678e+02
2.587600000000000122e+01 4.040638665133494101e+02
2.587999999999999901e+01 4.042610651715132235e+02
2.588400000000000034e+01 4.044360670345554922e+02
2.588800000000000168e+01 4.045878902330369442e+02
2.589199999999999946e+01 4.047033973538614191e+02
2.589600000000000080e+01 4.046785756944391323e+02
2.590000000000000213e+01 4.045449956301375209e+02
2.590399999999999991e+01 4.044551611222493079e+02
2.590800000000000125e+01 4.042939381603368361e+02
2.591199999999999903e+01 4.046802841472632508e+02
2.591600000000000037e+01 4.040368258289945516e+02
2.592000000000000171e+01 4.039736458034817588e+02
2.592399999999999949e+01 4.038233281381404254e+02
2.592800000000000082e+01 4.033734028321292726e+02
2.593200000000000216e+01 4.032397245808837738e+02
2.593599999999999994e+01 4.030567303006066595e+02
2.594000000000000128e+01 4.027041540765915784e+02
2.594399999999999906e+01 4.024469108293241106e+02
2.594800000000000040e+01 4.021993226315418042e+02
2.595200000000000173e+01 4.019797766249423603e+02
2.595599999999999952e+01 4.020122568659902527e+02
2.596000000000000085e+01 4.023933203953339444e+02
2.596400000000000219e+01 4.025866635794999411e+02
2.596799999999999997e+01 4.025071845212968924e+02
2.597200000000000131e+01 4.030050839681060779e+02
2.597599999999999909e+01 4.025254342012730149e+02
2.598000000000000043e+01 4.020964227143163043e+02
2.598400000000000176e+01 4.012041521343645059e+02
2.598799999999999955e+01 4.009940844407511804e+02
2.599200000000000088e+01 4.009652763914058369e+02
2.599600000000000222e+01 4.011095195578168386e+02
2.600000000000000000e+01 4.013439310677254070e+02
2.600400000000000134e+01 4.016520089687570589e+02
2.600799999999999912e+01 4.014717704687059268e+02
2.601200000000000045e+01 4.024337341414503726e+02
2.601600000000000179e+01 4.022653042578543818e+02
2.601999999999999957e+01 4.016925209018174314e+02
2.602400000000000091e+01 4.015536649257293220e+02
2.602800000000000225e+01 4.012056445759120606e+02
2.603200000000000003e+01 4.013301848955769628e+02
2.603600000000000136e+01 4.010148935270654533e+02
2.603999999999999915e+01 4.010114111634545111e+02
2.604400000000000048e+01 4.008047014633232266e+02
2.604800000000000182e+01 4.007230753839464796e+02
2.605199999999999960e+01 4.007267672130377605e+02
2.605600000000000094e+01 4.006614794411289040e+02
2.606000000000000227e+01 4.008731770380112494e+02
2.606400000000000006e+01 4.005586515276622777e+02
2.606800000000000139e+01 4.003087526637998508e+02
2.607199999999999918e+01 3.999144535344160545e+02
2.607600000000000051e+01 3.995835111670440938e+02
2.608000000000000185e+01 3.994828826411212503e+02
2.608399999999999963e+01 3.995579825616255789e+02
2.608800000000000097e+01 3.996263141287959115e+02
2.609200000000000230e+01 3.995620736842888050e+02
2.609600000000000009e+01 3.994016165805388709e+02
2.610000000000000142e+01 3.992888128735702367e+02
2.610399999999999920e+01 3.990916993107578037e+02
2.610800000000000054e+01 3.989060081624211307e+02
2.611200000000000188e+01 3.987355163530028221e+02
2.611599999999999966e+01 3.986718453927704786e+02
2.612000000000000099e+01 3.986955019004583392e+02
2.612399999999999878e+01 3.986855522901413451e+02
2.612800000000000011e+01 3.985705950162027875e+02
2.613200000000000145e+01 3.992350391572848025e+02
2.613599999999999923e+01 3.984646840326971642e+02
2.614000000000000057e+01 3.982530715311662561e+02
2.614400000000000190e+01 3.982621570963767113e+02
2.614799999999999969e+01 3.989184059005397671e+02
2.615200000000000102e+01 3.986384094654684418e+02
2.615599999999999881e+01 3.984377153521011223e+02
2.616000000000000014e+01 3.984182546998167140e+02
2.616400000000000148e+01 3.965314027443510554e+02
2.616799999999999926e+01 3.982382322110421455e+02
2.617200000000000060e+01 3.983097646725841514e+02
2.617600000000000193e+01 3.963659053774800327e+02
2.617999999999999972e+01 3.968234434445429315e+02
2.618400000000000105e+01 3.966815240358046140e+02
2.618799999999999883e+01 3.966998719027246239e+02
2.619200000000000017e+01 3.968504186709351416e+02
2.619600000000000151e+01 3.968204323782627512e+02
2.619999999999999929e+01 3.970688518921701871e+02
2.620400000000000063e+01 3.965742318892878302e+02
2.620800000000000196e+01 3.961059194415790898e+02
2.621199999999999974e+01 3.957154365114156462e+02
2.621600000000000108e+01 3.957236187567420984e+02
2.621999999999999886e+01 3.958202019805755754e+02
2.622400000000000020e+01 3.973546217195438430e+02
2.622800000000000153e+01 3.975502624781975101e+02
2.623199999999999932e+01 3.960492983039200681e+02
2.623600000000000065e+01 3.956451870259407997e+02
2.624000000000000199e+01 3.952265440802617604e+02
2.624399999999999977e+01 3.952406895459821499e+02
2.624800000000000111e+01 3.953965318633679544e+02
2.625199999999999889e+01 3.957403432661893703e+02
2.625600000000000023e+01 3.962200126704112222e+02
2.626000000000000156e+01 3.953866215278285381e+02
2.626399999999999935e+01 3.951527467732134369e+02
2.626800000000000068e+01 3.948832890701226006e+02
2.627200000000000202e+01 3.947978402457293328e+02
2.627599999999999980e+01 3.948793943213472062e+02
2.628000000000000114e+01 3.950340453038134569e+02
2.628399999999999892e+01 3.962986931414703804e+02
2.628800000000000026e+01 3.959808816413983550e+02
2.629200000000000159e+01 3.956382288445151971e+02
2.629599999999999937e+01 3.954267865336870500e+02
2.630000000000000071e+01 3.953179757624377544e+02
2.630400000000000205e+01 3.952412197554792783e+02
2.630799999999999983e+01 3.951101074563682118e+02
2.631200000000000117e+01 3.948790408483490637e+02
2.631599999999999895e+01 3.951580881429625265e+02
2.632000000000000028e+01 3.951927546799616380e+02
2.632400000000000162e+01 3.940253773747456307e+02
2.632799999999999940e+01 3.938140397966576529e+02
2.633200000000000074e+01 3.936248335557287419e+02
2.633600000000000207e+01 3.934601347760015528e+02
2.633999999999999986e+01 3.935623015640458107e+02
2.634400000000000119e+01 3.928590212137463027e+02
2.634799999999999898e+01 3.924316592674474578e+02
2.635200000000000031e+01 3.921067783074133217e+02
2.635600000000000165e+01 3.914754231664314830e+02
2.635999999999999943e+01 3.914964417182260945e+02
2.636400000000000077e+01 3.913685761340605040e+02
2.636800000000000210e+01 3.913385374750180290e+02
2.637199999999999989e+01 3.917067254231159836e+02
2.637600000000000122e+01 3.915315010030009262e+02
2.637999999999999901e+01 3.912324759381983768e+02
2.638400000000000034e+01 3.908833689862017309e+02
2.638800000000000168e+01 3.904296667557479168e+02
2.639199999999999946e+01 3.899827263328318736e+02
2.639600000000000080e+01 3.900320227244747002e+02
2.640000000000000213e+01 3.904874137703639008e+02
2.640399999999999991e+01 3.904720769697239575e+02
2.640800000000000125e+01 3.897017480283213899e+02
2.641199999999999903e+01 3.906004334886091556e+02
2.641600000000000037e+01 3.903135181468898054e+02
2.642000000000000171e+01 3.903254576792701300e+02
2.642399999999999949e+01 3.906361080782324962e+02
2.642800000000000082e+01 3.905400354265074157e+02
2.643200000000000216e+01 3.904307533579272445e+02
2.643599999999999994e+01 3.901497030496578873e+02
2.644000000000000128e+01 3.898230809078183370e+02
2.644399999999999906e+01 3.898520002357001317e+02
2.644800000000000040e+01 3.896823986545733760e+02
2.645200000000000173e+01 3.881794183750474758e+02
2.645599999999999952e+01 3.882982834893539348e+02
2.646000000000000085e+01 3.883200089871447176e+02
2.646400000000000219e+01 3.893378083019969154e+02
2.646799999999999997e+01 3.878157470263696496e+02
2.647200000000000131e+01 3.886018186077803875e+02
2.647599999999999909e+01 3.886585968445497201e+02
2.648000000000000043e+01 3.887160362067414212e+02
2.648400000000000176e+01 3.886964708217168436e+02
2.648799999999999955e+01 3.886516386631241176e+02
2.649200000000000088e+01 3.886317852630639891e+02
2.649600000000000222e+01 3.884392406660418260e+02
2.650000000000000000e+01 3.884604294085391984e+02
2.650400000000000134e+01 3.884272684046801487e+02
2.650799999999999912e+01 3.884321515686909834e+02
2.651200000000000045e+01 3.875317511097828174e+02
2.651600000000000179e+01 3.874906762382440206e+02
2.651999999999999957e+01 3.876331847686458332e+02
2.652400000000000091e+01 3.880997167597715247e+02
2.652800000000000225e+01 3.888318313426014470e+02
2.653200000000000003e+01 3.896294758918018601e+02
2.653600000000000136e+01 3.906311725478515768e+02
2.653999999999999915e+01 3.912665991741078528e+02
2.654400000000000048e+01 3.916846202691420444e+02
2.654800000000000182e+01 3.919579923583970640e+02
2.655199999999999960e+01 3.922313186270782239e+02
2.655600000000000094e+01 3.923400835777537168e+02
2.656000000000000227e+01 3.924874032684074905e+02
2.656400000000000006e+01 3.925303436918807165e+02
2.656800000000000139e+01 3.926417204152644445e+02
2.657199999999999918e+01 3.928445550040091234e+02
2.657600000000000051e+01 3.931348217934142326e+02
2.658000000000000185e+01 3.934730627236173746e+02
2.658399999999999963e+01 3.936939375268578374e+02
2.658800000000000097e+01 3.936917774140916322e+02
2.659200000000000230e+01 3.935459828939667091e+02
2.659600000000000009e+01 3.944071282126967048e+02
2.660000000000000142e+01 3.945376448443480513e+02
2.660399999999999920e+01 3.940742221064464275e+02
2.660800000000000054e+01 3.944074947772873543e+02
2.661200000000000188e+01 3.947503504938546257e+02
2.661599999999999966e+01 3.950331550755219610e+02
2.662000000000000099e+01 3.949695430274559840e+02
2.662400000000000233e+01 3.901899858798491323e+02
2.662800000000000011e+01 3.905279060660354276e+02
2.663200000000000145e+01 3.915498226867358653e+02
2.663599999999999923e+01 3.904983452501199963e+02
2.664000000000000057e+01 3.907805999849014142e+02
2.664400000000000190e+01 3.907131390086339024e+02
2.664799999999999969e+01 3.904812410844896249e+02
2.665200000000000102e+01 3.903420578185885006e+02
2.665599999999999881e+01 3.905703490089928209e+02
2.666000000000000014e+01 3.906388442210696894e+02
2.666400000000000148e+01 3.904933311701839784e+02
2.666799999999999926e+01 3.901596722973636133e+02
2.667200000000000060e+01 3.893454341546411683e+02
2.667600000000000193e+01 3.888703991741722348e+02
2.667999999999999972e+01 3.886923600616647718e+02
2.668400000000000105e+01 3.891742353992266885e+02
2.668799999999999883e+01 3.888825023514590953e+02
2.669200000000000017e+01 3.884823512802178698e+02
2.669600000000000151e+01 3.886589372259552988e+02
2.669999999999999929e+01 3.880104582819542429e+02
2.670400000000000063e+01 3.873815709061628922e+02
2.670800000000000196e+01 3.865787224489348546e+02
2.671199999999999974e+01 3.861240187116530933e+02
2.671600000000000108e+01 3.861618861430239349e+02
2.671999999999999886e+01 3.863360828731260312e+02
2.672400000000000020e+01 3.865843911084970159e+02
2.672800000000000153e+01 3.879421987185428407e+02
2.673199999999999932e+01 3.879352994492836046e+02
2.673600000000000065e+01 3.876597541556698729e+02
2.674000000000000199e+01 3.871735585925756595e+02
2.674399999999999977e+01 3.862116472862012984e+02
2.674800000000000111e+01 3.847828832446843990e+02
2.675199999999999889e+01 3.845683316806322409e+02
2.675600000000000023e+01 3.846435232422842319e+02
2.676000000000000156e+01 3.848262818738959368e+02
2.676399999999999935e+01 3.858185067627557601e+02
2.676800000000000068e+01 3.858868317841297539e+02
2.677200000000000202e+01 3.857909816894775759e+02
2.677599999999999980e+01 3.856443231242461707e+02
2.678000000000000114e+01 3.855503385815283650e+02
2.678399999999999892e+01 3.856349364524076577e+02
2.678800000000000026e+01 3.848520133989985652e+02
2.679200000000000159e+01 3.863090094597898201e+02
2.679599999999999937e+01 3.860732560616477258e+02
2.680000000000000071e+01 3.859089827586775527e+02
2.680400000000000205e+01 3.845713623843011533e+02
2.680799999999999983e+01 3.840414801769599080e+02
2.681200000000000117e+01 3.836525027799365262e+02
2.681599999999999895e+01 3.835191910932816199e+02
2.682000000000000028e+01 3.828268094937569685e+02
2.682400000000000162e+01 3.829610768666659624e+02
2.682799999999999940e+01 3.830607627979272252e+02
2.683200000000000074e+01 3.831372111524613615e+02
2.683600000000000207e+01 3.831640227339470925e+02
2.683999999999999986e+01 3.831106352196410398e+02
2.684400000000000119e+01 3.829398619409835192e+02
2.684799999999999898e+01 3.825113610261352051e+02
2.685200000000000031e+01 3.820745338584426918e+02
2.685600000000000165e+01 3.817743305503131523e+02
2.685999999999999943e+01 3.826053062940754330e+02
2.686400000000000077e+01 3.827374135542182785e+02
2.686800000000000210e+01 3.828391745028943092e+02
2.687199999999999989e+01 3.829126968864997025e+02
2.687600000000000122e+01 3.824507862275343655e+02
2.687999999999999901e+01 3.819162826880327657e+02
2.688400000000000034e+01 3.814924947464924685e+02
2.688800000000000168e+01 3.812787155863990733e+02
2.689199999999999946e+01 3.812692700023942507e+02
2.689600000000000080e+01 3.812795796315055554e+02
2.690000000000000213e+01 3.809790293961742123e+02
2.690399999999999991e+01 3.805006887885933793e+02
2.690800000000000125e+01 3.798730123851103144e+02
2.691199999999999903e+01 3.792760357660921500e+02
2.691600000000000037e+01 3.797202335003747748e+02
2.692000000000000171e+01 3.798580748780423164e+02
2.692399999999999949e+01 3.802807500342182720e+02
2.692800000000000082e+01 3.806496449283123980e+02
2.693200000000000216e+01 3.815351078801526228e+02
2.693599999999999994e+01 3.812520807414124420e+02
2.694000000000000128e+01 3.808881279234954036e+02
2.694399999999999906e+01 3.805564458811459758e+02
2.694800000000000040e+01 3.800567005197910930e+02
2.695200000000000173e+01 3.800060229651371628e+02
2.695599999999999952e+01 3.803488524985193635e+02
2.696000000000000085e+01 3.804124056344190308e+02
2.696400000000000219e+01 3.802607264434553258e+02
2.696799999999999997e+01 3.798977293117924887e+02
2.697200000000000131e+01 3.794792958315938449e+02
2.697599999999999909e+01 3.791673493649717557e+02
2.698000000000000043e+01 3.790187990646209073e+02
2.698400000000000176e+01 3.784037887769031840e+02
2.698799999999999955e+01 3.784902521997169060e+02
2.699200000000000088e+01 3.790426257630115288e+02
2.699600000000000222e+01 3.791893170572242298e+02
2.700000000000000000e+01 3.789733843301609113e+02
2.700400000000000134e+01 3.789078609095867023e+02
2.700799999999999912e+01 3.784421929635674360e+02
2.701200000000000045e+01 3.785786793614090016e+02
2.701600000000000179e+01 3.783102035277573805e+02
2.701999999999999957e+01 3.779691544509581718e+02
2.702400000000000091e+01 3.766620571245475730e+02
2.702800000000000225e+01 3.772096522565715304e+02
2.703200000000000003e+01 3.770837438654880316e+02
2.703600000000000136e+01 3.767341590703642851e+02
2.703999999999999915e+01 3.763367637793489848e+02
2.704400000000000048e+01 3.762635163191865786e+02
2.704800000000000182e+01 3.760309507238237074e+02
2.705199999999999960e+01 3.757107172791349967e+02
2.705600000000000094e+01 3.755020896606991982e+02
2.706000000000000227e+01 3.758450239268215682e+02
2.706400000000000006e+01 3.762016847277036504e+02
2.706800000000000139e+01 3.759656629519148510e+02
2.707199999999999918e+01 3.759368352651806617e+02
2.707600000000000051e+01 3.762424519468181643e+02
2.708000000000000185e+01 3.760236717983812582e+02
2.708399999999999963e+01 3.759364687005900123e+02
2.708800000000000097e+01 3.759302501941419337e+02
2.709200000000000230e+01 3.759091989133660263e+02
2.709600000000000009e+01 3.757632407483345673e+02
2.710000000000000142e+01 3.754399176878106346e+02
2.710399999999999920e+01 3.751444535361741828e+02
2.710800000000000054e+01 3.747568376647731156e+02
2.711200000000000188e+01 3.742763369444260775e+02
2.711599999999999966e+01 3.744813905581032714e+02
2.712000000000000099e+01 3.745338092945627295e+02
2.712400000000000233e+01 3.738835629855711886e+02
2.712800000000000011e+01 3.741728740887220965e+02
2.713200000000000145e+01 3.750665847438514220e+02
2.713599999999999923e+01 3.749831651162991193e+02
2.714000000000000057e+01 3.746965901559853478e+02
2.714400000000000190e+01 3.737580800712446489e+02
2.714799999999999969e+01 3.735994623362441303e+02
2.715200000000000102e+01 3.736450996277769718e+02
2.715599999999999881e+01 3.738516064082241428e+02
2.716000000000000014e+01 3.740633236424952770e+02
2.716400000000000148e+01 3.740216269203116326e+02
2.716799999999999926e+01 3.735677414075624938e+02
2.717200000000000060e+01 3.730312872207750843e+02
2.717600000000000193e+01 3.724551131422748540e+02
2.717999999999999972e+01 3.724228947330773849e+02
2.718400000000000105e+01 3.726599311072866954e+02
2.718799999999999883e+01 3.729963719435179996e+02
2.719200000000000017e+01 3.732666740543265291e+02
2.719600000000000151e+01 3.733008431108098080e+02
2.719999999999999929e+01 3.730616073490567715e+02
2.720400000000000063e+01 3.721383882443821562e+02
2.720800000000000196e+01 3.718254075419508808e+02
2.721199999999999974e+01 3.717127282051111479e+02
2.721600000000000108e+01 3.715429040669115466e+02
2.721999999999999886e+01 3.714047092162458057e+02
2.722400000000000020e+01 3.712076021992296546e+02
2.722800000000000153e+01 3.712122628061675869e+02
2.723199999999999932e+01 3.704093292535881119e+02
2.723600000000000065e+01 3.708862821523616162e+02
2.724000000000000199e+01 3.710121447228712555e+02
2.724399999999999977e+01 3.705894957498804274e+02
2.724800000000000111e+01 3.706715014854402739e+02
2.725199999999999889e+01 3.698032147029893508e+02
2.725600000000000023e+01 3.695258693154038383e+02
2.726000000000000156e+01 3.690243696806509774e+02
2.726399999999999935e+01 3.691361587891991576e+02
2.726800000000000068e+01 3.692036066738742193e+02
2.727200000000000202e+01 3.686480387620041483e+02
2.727599999999999980e+01 3.686508665459889471e+02
2.728000000000000114e+01 3.686399219746402878e+02
2.728399999999999892e+01 3.682024533189141948e+02
2.728800000000000026e+01 3.688707791171790404e+02
2.729200000000000159e+01 3.689084043540881908e+02
2.729599999999999937e+01 3.691799501661863587e+02
2.730000000000000071e+01 3.694657396309487467e+02
2.730400000000000205e+01 3.693645416207511971e+02
2.730799999999999983e+01 3.688189102276055564e+02
2.731200000000000117e+01 3.680278638410363783e+02
2.731599999999999895e+01 3.672965412995540646e+02
2.732000000000000028e+01 3.669010442894544894e+02
2.732400000000000162e+01 3.669727469416993131e+02
2.732799999999999940e+01 3.673649579620757777e+02
2.733200000000000074e+01 3.673306579896672588e+02
2.733600000000000207e+01 3.675142021168302904e+02
2.733999999999999986e+01 3.674390563757521022e+02
2.734400000000000119e+01 3.669953953967629445e+02
2.734799999999999898e+01 3.672084741566563935e+02
2.735200000000000031e+01 3.668738399601930951e+02
2.735600000000000165e+01 3.669338256371304396e+02
2.735999999999999943e+01 3.669933269251444017e+02
2.736400000000000077e+01 3.669464590239144854e+02
2.736800000000000210e+01 3.667435262482258622e+02
2.737199999999999989e+01 3.663972667176028040e+02
2.737600000000000122e+01 3.660288038460618623e+02
2.737999999999999901e+01 3.659093561558881333e+02
2.738400000000000034e+01 3.651899731467862011e+02
2.738800000000000168e+01 3.652377574594926841e+02
2.739199999999999946e+01 3.660344855972165306e+02
2.739600000000000080e+01 3.660460454734137556e+02
2.740000000000000213e+01 3.660196920976663364e+02
2.740399999999999991e+01 3.658540834522588625e+02
2.740800000000000125e+01 3.657394796513183906e+02
2.741199999999999903e+01 3.652667160621520566e+02
2.741600000000000037e+01 3.648872955276699486e+02
2.742000000000000171e+01 3.646819146241796261e+02
2.742399999999999949e+01 3.646139954421738025e+02
2.742800000000000082e+01 3.645401195855703236e+02
2.743200000000000216e+01 3.636712960478259902e+02
2.743599999999999994e+01 3.635700456712582991e+02
2.744000000000000128e+01 3.635894735945614116e+02
2.744399999999999906e+01 3.642798849094114644e+02
2.744800000000000040e+01 3.644742557835904790e+02
2.745200000000000173e+01 3.638393397294425995e+02
2.745599999999999952e+01 3.645652423516206682e+02
2.746000000000000085e+01 3.643209401435614723e+02
2.746400000000000219e+01 3.637910972109978047e+02
2.746799999999999997e+01 3.631003978811122579e+02
2.747200000000000131e+01 3.627322230246068102e+02
2.747599999999999909e+01 3.624169251102990756e+02
2.748000000000000043e+01 3.624572864900454192e+02
2.748400000000000176e+01 3.625651219376518384e+02
2.748799999999999955e+01 3.620591711614413839e+02
2.749200000000000088e+01 3.618037803745157817e+02
2.749600000000000222e+01 3.626302133356728064e+02
2.750000000000000000e+01 3.618450974405162697e+02
2.750400000000000134e+01 3.622878550996214244e+02
2.750799999999999912e+01 3.624366672318227529e+02
2.751200000000000045e+01 3.623506292857659901e+02
2.751600000000000179e+01 3.610662262349928824e+02
2.751999999999999957e+01 3.599280431811016001e+02
2.752400000000000091e+01 3.595905419258759821e+02
2.752800000000000225e+01 3.599983973993166160e+02
2.753200000000000003e+01 3.597963155771419679e+02
2.753600000000000136e+01 3.602034641045863737e+02
2.753999999999999915e+01 3.603364223182431374e+02
2.754400000000000048e+01 3.601214845522115411e+02
2.754800000000000182e+01 3.606354604746381369e+02
2.755199999999999960e+01 3.596577279787005637e+02
2.755600000000000094e+01 3.594289916741504385e+02
2.756000000000000227e+01 3.598847754678153024e+02
2.756400000000000006e+01 3.603340527399965936e+02
2.756800000000000139e+01 3.592892389239746080e+02
2.757199999999999918e+01 3.597717557495700476e+02
2.757600000000000051e+01 3.591827911851755175e+02
2.758000000000000185e+01 3.588943703103161056e+02
2.758399999999999963e+01 3.588161218618101884e+02
2.758800000000000097e+01 3.574729244690192331e+02
2.759200000000000230e+01 3.584426972767032566e+02
2.759600000000000009e+01 3.587653264828235251e+02
2.760000000000000142e+01 3.586533279087950064e+02
2.760399999999999920e+01 3.577615940841366182e+02
2.760800000000000054e+01 3.574676223740476644e+02
2.761200000000000188e+01 3.572691407398166348e+02
2.761599999999999966e+01 3.572129778078958680e+02
2.762000000000000099e+01 3.562545161361511532e+02
2.762400000000000233e+01 3.568850595983965945e+02
2.762800000000000011e+01 3.573708624137151446e+02
2.763200000000000145e+01 3.594242656092499146e+02
2.763599999999999923e+01 3.587389861986686128e+02
2.764000000000000057e+01 3.562349572969228007e+02
2.764400000000000190e+01 3.562098214392799491e+02
2.764799999999999969e+01 3.563200526483179829e+02
2.765200000000000102e+01 3.575013332247926883e+02
2.765599999999999881e+01 3.573078656704977334e+02
2.766000000000000014e+01 3.569843331444934051e+02
2.766400000000000148e+01 3.559474397419473917e+02
2.766799999999999926e+01 3.556305708365370037e+02
2.767200000000000060e+01 3.555414563662375258e+02
2.767600000000000193e+01 3.564636150519178273e+02
2.767999999999999972e+01 3.566735387380133488e+02
2.768400000000000105e+01 3.573808905735872941e+02
2.768799999999999883e+01 3.570470942390454638e+02
2.769200000000000017e+01 3.565804051488095183e+02
2.769600000000000151e+01 3.557292421693778124e+02
2.769999999999999929e+01 3.550037715697529279e+02
2.770400000000000063e+01 3.549436549768904001e+02
2.770800000000000196e+01 3.547211895451584951e+02
2.771199999999999974e+01 3.549598492768404867e+02
2.771600000000000108e+01 3.543791193241425503e+02
2.771999999999999886e+01 3.539364271230000440e+02
2.772400000000000020e+01 3.532908545125389423e+02
2.772800000000000153e+01 3.530856176165664237e+02
2.773199999999999932e+01 3.533531443097601823e+02
2.773600000000000065e+01 3.537607510429428430e+02
2.774000000000000199e+01 3.539647180544407661e+02
2.774399999999999977e+01 3.538405835741440342e+02
2.774800000000000111e+01 3.534786272240867220e+02
2.775199999999999889e+01 3.531067474468974297e+02
2.775600000000000023e+01 3.527234256178436453e+02
2.776000000000000156e+01 3.528502700577924998e+02
2.776399999999999935e+01 3.530315493394491568e+02
2.776800000000000068e+01 3.530792027362304566e+02
2.777200000000000202e+01 3.534634278851682438e+02
2.777599999999999980e+01 3.530501394008308580e+02
2.778000000000000114e+01 3.523858065382853511e+02
2.778399999999999892e+01 3.511170872153539335e+02
2.778800000000000026e+01 3.508246995879602537e+02
2.779200000000000159e+01 3.518124471521774126e+02
2.779599999999999937e+01 3.521632625569982338e+02
2.780000000000000071e+01 3.525689971924502970e+02
2.780400000000000205e+01 3.516599170076997325e+02
2.780799999999999983e+01 3.515953492733796111e+02
2.781200000000000117e+01 3.524148567820923859e+02
2.781599999999999895e+01 3.525403266048263617e+02
2.782000000000000028e+01 3.524935241615590371e+02
2.782400000000000162e+01 3.523532215644972894e+02
2.782799999999999940e+01 3.522009139770924548e+02
2.783200000000000074e+01 3.519071386408913895e+02
2.783600000000000207e+01 3.518342446537270689e+02
2.783999999999999986e+01 3.518668165359226805e+02
2.784400000000000119e+01 3.517728712679823957e+02
2.784799999999999898e+01 3.510594449334781189e+02
2.785200000000000031e+01 3.514458956531447029e+02
2.785600000000000165e+01 3.522972942812418751e+02
2.785999999999999943e+01 3.517475128532666986e+02
2.786400000000000077e+01 3.515338711548947686e+02
2.786800000000000210e+01 3.505153321650651037e+02
2.787199999999999989e+01 3.509340012939292137e+02
2.787600000000000122e+01 3.515078188857753503e+02
2.787999999999999901e+01 3.514079954927925655e+02
2.788400000000000034e+01 3.511611273325990510e+02
2.788800000000000168e+01 3.509883444944893540e+02
2.789199999999999946e+01 3.508887829333570494e+02
2.789600000000000080e+01 3.509710635923598829e+02
2.790000000000000213e+01 3.513265003293411155e+02
2.790399999999999991e+01 3.523154130452927575e+02
2.790800000000000125e+01 3.524842422224606935e+02
2.791199999999999903e+01 3.503724112494988390e+02
2.791600000000000037e+01 3.497715987938715898e+02
2.792000000000000171e+01 3.486665898354319779e+02
2.792399999999999949e+01 3.485416174932138347e+02
2.792800000000000082e+01 3.483464087571133518e+02
2.793200000000000216e+01 3.490460365530991567e+02
2.793599999999999994e+01 3.477798569991171007e+02
2.794000000000000128e+01 3.489570268155398480e+02
2.794399999999999906e+01 3.489204227228473769e+02
2.794800000000000040e+01 3.480710140168136491e+02
2.795200000000000173e+01 3.477694622746543587e+02
2.795599999999999952e+01 3.482476850579024585e+02
2.796000000000000085e+01 3.476570578612576128e+02
2.796400000000000219e+01 3.475881044434424894e+02
2.796799999999999997e+01 3.482887141088674525e+02
2.797200000000000131e+01 3.482574121111465502e+02
2.797599999999999909e+01 3.480335458790147527e+02
2.798000000000000043e+01 3.474487444410423223e+02
2.798400000000000176e+01 3.471545894486581574e+02
2.798799999999999955e+01 3.471120548645531017e+02
2.799200000000000088e+01 3.471888370546965916e+02
2.799600000000000222e+01 3.463891240338775788e+02
2.800000000000000000e+01 3.461654803588186269e+02
2.800400000000000134e+01 3.456082236315131695e+02
2.800799999999999912e+01 3.450128441867827860e+02
2.801200000000000045e+01 3.445004654386438574e+02
2.801600000000000179e+01 3.442863131681635878e+02
2.801999999999999957e+01 3.444094919622061752e+02
2.802400000000000091e+01 3.444471695654854670e+02
2.802800000000000225e+01 3.446295747240990295e+02
2.803200000000000003e+01 3.446231205689855415e+02
2.803600000000000136e+01 3.453649556592632734e+02
2.803999999999999915e+01 3.451427651509743555e+02
2.804400000000000048e+01 3.446920478036156510e+02
2.804800000000000182e+01 3.434211683679180851e+02
2.805199999999999960e+01 3.433563388017474836e+02
2.805600000000000094e+01 3.437753744952021862e+02
2.806000000000000227e+01 3.440582838096096907e+02
2.806400000000000006e+01 3.445121169559887448e+02
2.806800000000000139e+01 3.445475166221690984e+02
2.807199999999999918e+01 3.444020821208385428e+02
2.807600000000000051e+01 3.445390856365847299e+02
2.808000000000000185e+01 3.442777250834689653e+02
2.808399999999999963e+01 3.436141253501046435e+02
2.808800000000000097e+01 3.433986246455946230e+02
2.809200000000000230e+01 3.431501985858908483e+02
2.809600000000000009e+01 3.437292528147460189e+02
2.810000000000000142e+01 3.428215603388028967e+02
2.810399999999999920e+01 3.429391097480609005e+02
2.810800000000000054e+01 3.435206251963101636e+02
2.811200000000000188e+01 3.436532168453762779e+02
2.811599999999999966e+01 3.436380829644205050e+02
2.812000000000000099e+01 3.429838437197096255e+02
2.812400000000000233e+01 3.424476775479577100e+02
2.812800000000000011e+01 3.420347163534333959e+02
2.813200000000000145e+01 3.418302256782345694e+02
2.813599999999999923e+01 3.417687737429347408e+02
2.814000000000000057e+01 3.417507728032165915e+02
2.814400000000000190e+01 3.414419683187999226e+02
2.814799999999999969e+01 3.411166029698424609e+02
2.815200000000000102e+01 3.402471641272495617e+02
2.815600000000000236e+01 3.402054804966584811e+02
2.816000000000000014e+01 3.404088976612704300e+02
2.816400000000000148e+01 3.406296480943819347e+02
2.816799999999999926e+01 3.410510402744906742e+02
2.817200000000000060e+01 3.406335493889536110e+02
2.817600000000000193e+01 3.396949607546577568e+02
2.817999999999999972e+01 3.400618919098735660e+02
2.818400000000000105e+01 3.394274471530565052e+02
2.818799999999999883e+01 3.392594558378099805e+02
2.819200000000000017e+01 3.393821764261142562e+02
2.819600000000000151e+01 3.395885915654138216e+02
2.819999999999999929e+01 3.397156716540280854e+02
2.820400000000000063e+01 3.396320687441805148e+02
2.820800000000000196e+01 3.394182044887356824e+02
2.821199999999999974e+01 3.391663353401986569e+02
2.821600000000000108e+01 3.389918113202834888e+02
2.821999999999999886e+01 3.389106958130151384e+02
2.822400000000000020e+01 3.374807011618012211e+02
2.822800000000000153e+01 3.371088475677969427e+02
2.823199999999999932e+01 3.368961877388642279e+02
2.823600000000000065e+01 3.367685054369940190e+02
2.824000000000000199e+01 3.365629805259859495e+02
2.824399999999999977e+01 3.379379904886061468e+02
2.824800000000000111e+01 3.377114928463773253e+02
2.825199999999999889e+01 3.365362736772403878e+02
2.825600000000000023e+01 3.373514609604207521e+02
2.826000000000000156e+01 3.372578560738861029e+02
2.826399999999999935e+01 3.370107522650271221e+02
2.826800000000000068e+01 3.359304733248621915e+02
2.827200000000000202e+01 3.358346428675987454e+02
2.827599999999999980e+01 3.357873429438155881e+02
2.828000000000000114e+01 3.357134932703970662e+02
2.828399999999999892e+01 3.356707884955892496e+02
2.828800000000000026e+01 3.356139186176722546e+02
2.829200000000000159e+01 3.353300012506405210e+02
2.829599999999999937e+01 3.355438785976778036e+02
2.830000000000000071e+01 3.348634823511073364e+02
2.830400000000000205e+01 3.349154559734209897e+02
2.830799999999999983e+01 3.348854762265448244e+02
2.831200000000000117e+01 3.348735366941644997e+02
2.831599999999999895e+01 3.345086740105672334e+02
2.832000000000000028e+01 3.351326062185888759e+02
2.832400000000000162e+01 3.350511503299148899e+02
2.832799999999999940e+01 3.336439219580972804e+02
2.833200000000000074e+01 3.347278272693910139e+02
2.833600000000000207e+01 3.347523347305927928e+02
2.833999999999999986e+01 3.344353872756271926e+02
2.834400000000000119e+01 3.340878840437144959e+02
2.834799999999999898e+01 3.338286312369948519e+02
2.835200000000000031e+01 3.335438105500790584e+02
2.835600000000000165e+01 3.335186092344736153e+02
2.835999999999999943e+01 3.325752028941295748e+02
2.836400000000000077e+01 3.330344035934427325e+02
2.836800000000000210e+01 3.330122264357098629e+02
2.837199999999999989e+01 3.331778219895248299e+02
2.837600000000000122e+01 3.333034881861466374e+02
2.837999999999999901e+01 3.331932307939235898e+02
2.838400000000000034e+01 3.329070223982004677e+02
2.838800000000000168e+01 3.326385662019375786e+02
2.839199999999999946e+01 3.324876725065252572e+02
2.839600000000000080e+01 3.322185355474512107e+02
2.840000000000000213e+01 3.322321508036744717e+02
2.840399999999999991e+01 3.320309723013838266e+02
2.840800000000000125e+01 3.312531222400771185e+02
2.841199999999999903e+01 3.306731254165604241e+02
2.841600000000000037e+01 3.302235994041212166e+02
2.842000000000000171e+01 3.304010952155389305e+02
2.842399999999999949e+01 3.303999562469895181e+02
2.842800000000000082e+01 3.307313568200997338e+02
2.843200000000000216e+01 3.307050165359447647e+02
2.843599999999999994e+01 3.306478979177699102e+02
2.844000000000000128e+01 3.308921739426440354e+02
2.844399999999999906e+01 3.310604401813334903e+02
2.844800000000000040e+01 3.306936792168204420e+02
2.845200000000000173e+01 3.302480806821379815e+02
2.845599999999999952e+01 3.292125749883993535e+02
2.846000000000000085e+01 3.293270216902295715e+02
2.846400000000000219e+01 3.285983829252143096e+02
2.846799999999999997e+01 3.287277540425199618e+02
2.847200000000000131e+01 3.280433386770451420e+02
2.847599999999999909e+01 3.273959332436309069e+02
2.848000000000000043e+01 3.269356197589533508e+02
2.848400000000000176e+01 3.276866189639966933e+02
2.848799999999999955e+01 3.275969153720337204e+02
2.849200000000000088e+01 3.273653120087212187e+02
2.849600000000000222e+01 3.269231696544646297e+02
2.850000000000000000e+01 3.266461646482846390e+02
2.850400000000000134e+01 3.260194701142407894e+02
2.850799999999999912e+01 3.259988770392031938e+02
2.851200000000000045e+01 3.262162367498514186e+02
2.851600000000000179e+01 3.264519115984383575e+02
2.851999999999999957e+01 3.260815897207592116e+02
2.852400000000000091e+01 3.252132505719382607e+02
2.852800000000000225e+01 3.249078237183923079e+02
2.853200000000000003e+01 3.245559086197995953e+02
2.853600000000000136e+01 3.238737973746086709e+02
2.853999999999999915e+01 3.237478955293214540e+02
2.854400000000000048e+01 3.239150620742391311e+02
2.854800000000000182e+01 3.239917002568647604e+02
2.855199999999999960e+01 3.238225045151062318e+02
2.855600000000000094e+01 3.236160631926215956e+02
2.856000000000000227e+01 3.237139228467260637e+02
2.856400000000000006e+01 3.242208554923756765e+02
2.856800000000000139e+01 3.248701330235205660e+02
2.857199999999999918e+01 3.252839713547438691e+02
2.857600000000000051e+01 3.244764819279666312e+02
2.858000000000000185e+01 3.236068467114859004e+02
2.858399999999999963e+01 3.225835685651631479e+02
2.858800000000000097e+01 3.219232024551518521e+02
2.859200000000000230e+01 3.229167365032639054e+02
2.859600000000000009e+01 3.227163434965245870e+02
2.860000000000000142e+01 3.235024150779353249e+02
2.860399999999999920e+01 3.239517185333015732e+02
2.860800000000000054e+01 3.240457685339820273e+02
2.861200000000000188e+01 3.230334742337854550e+02
2.861599999999999966e+01 3.220202635221123728e+02
2.862000000000000099e+01 3.217156090725252398e+02
2.862400000000000233e+01 3.215105685504405528e+02
2.862800000000000011e+01 3.214527691694544842e+02
2.863200000000000145e+01 3.237498723597923345e+02
2.863599999999999923e+01 3.240714018721407683e+02
2.864000000000000057e+01 3.245801280659659369e+02
2.864400000000000190e+01 3.250875451005388186e+02
2.864799999999999969e+01 3.254390412681708540e+02
2.865200000000000102e+01 3.256326397383910489e+02
2.865600000000000236e+01 3.272709870845978344e+02
2.866000000000000014e+01 3.274370932105211409e+02
2.866400000000000148e+01 3.266018496075965913e+02
2.866799999999999926e+01 3.247689350133229027e+02
2.867200000000000060e+01 3.589181053675590647e+02
2.867600000000000193e+01 3.581291405442009363e+02
2.867999999999999972e+01 3.557285221317890773e+02
2.868400000000000105e+01 3.530819257874751429e+02
2.868799999999999883e+01 3.527943296829445785e+02
2.869200000000000017e+01 3.514637918601227966e+02
2.869600000000000151e+01 3.525964633535621147e+02
2.869999999999999929e+01 3.521717982753228284e+02
2.870400000000000063e+01 3.524755232218408310e+02
2.870800000000000196e+01 3.524253562392952972e+02
2.871199999999999974e+01 3.536324403446315046e+02
2.871600000000000108e+01 3.538010469647266518e+02
2.871999999999999886e+01 3.540125285503323198e+02
2.872400000000000020e+01 3.533759760471191385e+02
2.872800000000000153e+01 3.525855711485835400e+02
2.873199999999999932e+01 3.528096730293807468e+02
2.873600000000000065e+01 3.531488238252642304e+02
2.874000000000000199e+01 3.515034986602429967e+02
2.874399999999999977e+01 3.509351140792936121e+02
2.874800000000000111e+01 3.513644528560633375e+02
2.875199999999999889e+01 3.507962908321867985e+02
2.875600000000000023e+01 3.500282987400494221e+02
2.876000000000000156e+01 3.502743028551365114e+02
2.876399999999999935e+01 3.503355845997335791e+02
2.876800000000000068e+01 3.503144547694024595e+02
2.877200000000000202e+01 3.498390335869541445e+02
2.877599999999999980e+01 3.496140414778653849e+02
2.878000000000000114e+01 3.480751640516432417e+02
2.878399999999999892e+01 3.488799173355832863e+02
2.878800000000000026e+01 3.486067219828273664e+02
2.879200000000000159e+01 3.481645796285707775e+02
2.879599999999999937e+01 3.473805634271860754e+02
2.880000000000000071e+01 3.479209058169526543e+02
2.880400000000000205e+01 3.482283095009694307e+02
2.880799999999999983e+01 3.505360299728429254e+02
2.881200000000000117e+01 3.509188543213808771e+02
2.881599999999999895e+01 3.509447887661675622e+02
2.882000000000000028e+01 3.495476016458145523e+02
2.882400000000000162e+01 3.474544392837895543e+02
2.882799999999999940e+01 3.473149745486491611e+02
2.883200000000000074e+01 3.456487028355922462e+02
2.883600000000000207e+01 3.451725616155551961e+02
2.883999999999999986e+01 3.451616301357989869e+02
2.884400000000000119e+01 3.469007172864651238e+02
2.884799999999999898e+01 3.473820558687335733e+02
2.885200000000000031e+01 3.481063613166239747e+02
2.885600000000000165e+01 3.484911755872252570e+02
2.885999999999999943e+01 3.468587456408385492e+02
2.886400000000000077e+01 3.466468582158646541e+02
2.886800000000000210e+01 3.451715797461159809e+02
2.887199999999999989e+01 3.451723128752972229e+02
2.887600000000000122e+01 3.453489184584234408e+02
2.887999999999999901e+01 3.450501421338788646e+02
2.888400000000000034e+01 3.464979806257007340e+02
2.888800000000000168e+01 3.436990636023895149e+02
2.889199999999999946e+01 3.437277996479759850e+02
2.889600000000000080e+01 3.472457200242060935e+02
2.890000000000000213e+01 3.469985245741994504e+02
2.890399999999999991e+01 3.471403719791788944e+02
2.890800000000000125e+01 3.465406592173235367e+02
2.891199999999999903e+01 3.464971296721868157e+02
2.891600000000000037e+01 3.464600411905710189e+02
2.892000000000000171e+01 3.443302747358535498e+02
2.892399999999999949e+01 3.439158603745592586e+02
2.892800000000000082e+01 3.463969135314283676e+02
2.893200000000000216e+01 3.458049640839387848e+02
2.893599999999999994e+01 3.452515824680199330e+02
2.894000000000000128e+01 3.475033625650455065e+02
2.894399999999999906e+01 3.456760642639638945e+02
2.894800000000000040e+01 3.456676070951945121e+02
2.895200000000000173e+01 3.482771542326702274e+02
2.895599999999999952e+01 3.455839518189768000e+02
2.896000000000000085e+01 3.471248322588548945e+02
2.896400000000000219e+01 3.446826218569995035e+02
2.896799999999999997e+01 3.427393713209477255e+02
2.897200000000000131e+01 3.424804850788186741e+02
2.897599999999999909e+01 3.447241222052953162e+02
2.898000000000000043e+01 3.459212959750921641e+02
2.898400000000000176e+01 3.455052582563250780e+02
2.898799999999999955e+01 3.430677084614077330e+02
2.899200000000000088e+01 3.425960052912356559e+02
2.899600000000000222e+01 3.427627790883776129e+02
2.900000000000000000e+01 3.414240328370443081e+02
2.900400000000000134e+01 3.437938336406586473e+02
2.900799999999999912e+01 3.437028863474060358e+02
2.901200000000000045e+01 3.431643767805925336e+02
2.901600000000000179e+01 3.419755423552323919e+02
2.901999999999999957e+01 3.411089312966244051e+02
2.902400000000000091e+01 3.411289090668134349e+02
2.902800000000000225e+01 3.412020517942356719e+02
2.903200000000000003e+01 3.416451629263389123e+02
2.903600000000000136e+01 3.427433249818894296e+02
2.903999999999999915e+01 3.429467290549088148e+02
2.904400000000000048e+01 3.429630935455617760e+02
2.904800000000000182e+01 3.425594535649133263e+02
2.905199999999999960e+01 3.416684921442137011e+02
2.905600000000000094e+01 3.407709587440679115e+02
2.906000000000000227e+01 3.403369200855826193e+02
2.906400000000000006e+01 3.396158875358228784e+02
2.906800000000000139e+01 3.380492428418608597e+02
2.907199999999999918e+01 3.377445753006812765e+02
2.907600000000000051e+01 3.378313856506968023e+02
2.908000000000000185e+01 3.378094572332219059e+02
2.908399999999999963e+01 3.360124790604220379e+02
2.908800000000000097e+01 3.390977746701591968e+02
2.909200000000000230e+01 3.392020622961920822e+02
2.909600000000000009e+01 3.366547394979749583e+02
2.910000000000000142e+01 3.372815911311290620e+02
2.910399999999999920e+01 3.375922546216839351e+02
2.910800000000000054e+01 3.373511205790151735e+02
2.911200000000000188e+01 3.366921552694037700e+02
2.911599999999999966e+01 3.371626671046562933e+02
2.912000000000000099e+01 3.369404504131822478e+02
2.912400000000000233e+01 3.370139466136025703e+02
2.912800000000000011e+01 3.372750322432754047e+02
2.913200000000000145e+01 3.362147179817069400e+02
2.913599999999999923e+01 3.363525724509670454e+02
2.914000000000000057e+01 3.374199038061274791e+02
2.914400000000000190e+01 3.364657885431001887e+02
2.914799999999999969e+01 3.353615127138417620e+02
2.915200000000000102e+01 3.356796384121343522e+02
2.915600000000000236e+01 3.344056169942314227e+02
2.916000000000000014e+01 3.325605664936895778e+02
2.916400000000000148e+01 3.319308870765506185e+02
2.916799999999999926e+01 3.323530123858405432e+02
2.917200000000000060e+01 3.324569858136528637e+02
2.917600000000000193e+01 3.309081325939287126e+02
2.917999999999999972e+01 3.316186787780781060e+02
2.918400000000000105e+01 3.316239546898646040e+02
2.918799999999999883e+01 3.315809226252437156e+02
2.919200000000000017e+01 3.313743896616114739e+02
2.919600000000000151e+01 3.322455042280471957e+02
2.919999999999999929e+01 3.320742400146700675e+02
2.920400000000000063e+01 3.318015945088001217e+02
2.920800000000000196e+01 3.315906104037102295e+02
2.921199999999999974e+01 3.309193259055352883e+02
2.921600000000000108e+01 3.307980715755935535e+02
2.921999999999999886e+01 3.302017495362014188e+02
2.922400000000000020e+01 3.300217663222044848e+02
2.922800000000000153e+01 3.293745834458631521e+02
2.923199999999999932e+01 3.299599085475364859e+02
2.923600000000000065e+01 3.286040777679614848e+02
2.924000000000000199e+01 3.281517632463150562e+02
2.924399999999999977e+01 3.276080825004552821e+02
2.924800000000000111e+01 3.274502109862285124e+02
2.925199999999999889e+01 3.290830860467609682e+02
2.925600000000000023e+01 3.293747274533808991e+02
2.926000000000000156e+01 3.292967015619478275e+02
2.926399999999999935e+01 3.289376122706528918e+02
2.926800000000000068e+01 3.285337497329315966e+02
2.927200000000000202e+01 3.281179869376074976e+02
2.927599999999999980e+01 3.285878311016413136e+02
2.928000000000000114e+01 3.284316876776274512e+02
2.928399999999999892e+01 3.282812260047683708e+02
2.928800000000000026e+01 3.280133851133540475e+02
2.929200000000000159e+01 3.278407593743546613e+02
2.929599999999999937e+01 3.280711452195625952e+02
2.930000000000000071e+01 3.277387235022355867e+02
2.930400000000000205e+01 3.276748627139116934e+02
2.930799999999999983e+01 3.276423301064936595e+02
2.931200000000000117e+01 3.274261748223575523e+02
2.931599999999999895e+01 3.272723486102202060e+02
2.932000000000000028e+01 3.284448709112974711e+02
2.932400000000000162e+01 3.284323684404386654e+02
2.932799999999999940e+01 3.278977078018267548e+02
2.933200000000000074e+01 3.264120346076153396e+02
2.933600000000000207e+01 3.272332571149485148e+02
2.933999999999999986e+01 3.266410458356084519e+02
2.934400000000000119e+01 3.264175199848822331e+02
2.934799999999999898e+01 3.264309519588101125e+02
2.935200000000000031e+01 3.262471459997966008e+02
2.935600000000000165e+01 3.255004146539155272e+02
2.935999999999999943e+01 3.243527401954455627e+02
2.936400000000000077e+01 3.240727503061705193e+02
2.936800000000000210e+01 3.215501313430430628e+02
2.937199999999999989e+01 3.217477358405750465e+02
2.937600000000000122e+01 3.233568234774944585e+02
2.937999999999999901e+01 3.229952206004352320e+02
2.938400000000000034e+01 3.231857425464127118e+02
2.938800000000000168e+01 3.231804404514411431e+02
2.939199999999999946e+01 3.231746408759537417e+02
2.939600000000000080e+01 3.229589699807409033e+02
2.940000000000000213e+01 3.224423102818471989e+02
2.940399999999999991e+01 3.216023275224295617e+02
2.940800000000000125e+01 3.208444159565343625e+02
2.941199999999999903e+01 3.204282735050271640e+02
2.941600000000000037e+01 3.210059269334823284e+02
2.942000000000000171e+01 3.198729805166000233e+02
2.942399999999999949e+01 3.188968190117651602e+02
2.942800000000000082e+01 3.178568752681614455e+02
2.943200000000000216e+01 3.173745286332687670e+02
2.943599999999999994e+01 3.170975105354963262e+02
2.944000000000000128e+01 3.169772773497712706e+02
2.944399999999999906e+01 3.168808839540293434e+02
2.944800000000000040e+01 3.167026942882079084e+02
2.945200000000000173e+01 3.162485862183858671e+02
2.945599999999999952e+01 3.155459211729349818e+02
2.946000000000000085e+01 3.149152206115792296e+02
2.946400000000000219e+01 3.140575903854415287e+02
2.946799999999999997e+01 3.133461408814081324e+02
2.947200000000000131e+01 3.125088288068650400e+02
2.947599999999999909e+01 3.128064923460451610e+02
2.948000000000000043e+01 3.126901473632992747e+02
2.948400000000000176e+01 3.101828717466079297e+02
2.948799999999999955e+01 3.101116534832864318e+02
2.949200000000000088e+01 3.103539526776897333e+02
2.949600000000000222e+01 3.103570161103399414e+02
2.950000000000000000e+01 3.099031305975908026e+02
2.950400000000000134e+01 3.091857767853298355e+02
2.950799999999999912e+01 3.085003010008607021e+02
2.951200000000000045e+01 3.078928772910096541e+02
2.951600000000000179e+01 3.073803545353530353e+02
2.951999999999999957e+01 3.081855398418463210e+02
2.952400000000000091e+01 3.053777074440274077e+02
2.952800000000000225e+01 3.051338765332990306e+02
2.953200000000000003e+01 3.055711488151373487e+02
2.953600000000000136e+01 3.046465158184703341e+02
2.953999999999999915e+01 3.050814708884321362e+02
2.954400000000000048e+01 3.057622075164082389e+02
2.954800000000000182e+01 3.054783817905241108e+02
2.955199999999999960e+01 3.042405979007230030e+02
2.955600000000000094e+01 3.036486353616408564e+02
2.956000000000000227e+01 3.033295277939091079e+02
2.956400000000000006e+01 3.029453419197488415e+02
2.956800000000000139e+01 3.029900235250275955e+02
2.957199999999999918e+01 3.027694301910263448e+02
2.957600000000000051e+01 3.023964507200652179e+02
2.958000000000000185e+01 3.023200612776973912e+02
2.958399999999999963e+01 3.021923397010495478e+02
2.958800000000000097e+01 3.023532091899639340e+02
2.959200000000000230e+01 3.017317251097439339e+02
2.959600000000000009e+01 3.011005794342424906e+02
2.960000000000000142e+01 3.009020061588637986e+02
2.960399999999999920e+01 3.000430013155112192e+02
2.960800000000000054e+01 2.994978804944739750e+02
2.961200000000000188e+01 2.987492770508621902e+02
2.961599999999999966e+01 2.983109443500295583e+02
2.962000000000000099e+01 2.981280024361225287e+02
2.962400000000000233e+01 2.979511612043309015e+02
2.962800000000000011e+01 2.976101906770869050e+02
2.963200000000000145e+01 2.971338268999769525e+02
2.963599999999999923e+01 2.963947410441288639e+02
2.964000000000000057e+01 2.964959783291039912e+02
2.964400000000000190e+01 2.954109471408534091e+02
2.964799999999999969e+01 2.947373585223946293e+02
2.965200000000000102e+01 2.950675808521777981e+02
2.965600000000000236e+01 2.954673719046246561e+02
2.966000000000000014e+01 2.954741140747736381e+02
2.966400000000000148e+01 2.950343674819486637e+02
2.966799999999999926e+01 2.915787499945323589e+02
2.967200000000000060e+01 2.910321890983176445e+02
2.967600000000000193e+01 2.905570952056823444e+02
2.967999999999999972e+01 2.902149726182963718e+02
2.968400000000000105e+01 2.941291624085847616e+02
2.968800000000000239e+01 2.941620353974083173e+02
2.969200000000000017e+01 2.937544810305956844e+02
2.969600000000000151e+01 2.929870649685293529e+02
2.969999999999999929e+01 2.882245792575715768e+02
2.970400000000000063e+01 2.876971451780320308e+02
2.970800000000000196e+01 2.872672696459688950e+02
2.971199999999999974e+01 2.910195818947186694e+02
2.971600000000000108e+01 2.906422429234476112e+02
2.971999999999999886e+01 2.901929394680812493e+02
2.972400000000000020e+01 2.895002109413547942e+02
2.972800000000000153e+01 2.885422074753483912e+02
2.973199999999999932e+01 2.879758128164623372e+02
2.973600000000000065e+01 2.872511146207963293e+02
2.974000000000000199e+01 2.866686173031077942e+02
2.974399999999999977e+01 2.865356329062660166e+02
2.974800000000000111e+01 2.901756978407294127e+02
2.975199999999999889e+01 2.885309094310015894e+02
2.975600000000000023e+01 2.885434904514155505e+02
2.976000000000000156e+01 2.894443752992470991e+02
2.976399999999999935e+01 2.890646405665444263e+02
2.976800000000000068e+01 2.884877988168255456e+02
2.977200000000000202e+01 2.880283101024768939e+02
2.977599999999999980e+01 2.868181494728978578e+02
2.978000000000000114e+01 2.885646595565241341e+02
2.978399999999999892e+01 2.882051251510833936e+02
2.978800000000000026e+01 2.854234235719390540e+02
2.979200000000000159e+01 2.840485707084291676e+02
2.979599999999999937e+01 2.826424943967534773e+02
2.980000000000000071e+01 2.844737856335543711e+02
2.980400000000000205e+01 2.846422744293167852e+02
2.980799999999999983e+01 2.903531674689620559e+02
2.981200000000000117e+01 2.904419022830784343e+02
2.981599999999999895e+01 2.891542263341747230e+02
2.982000000000000028e+01 2.883475878609114034e+02
2.982400000000000162e+01 2.876946839586378246e+02
2.982799999999999940e+01 2.800152081514099791e+02
2.983200000000000074e+01 2.798484212626755152e+02
2.983600000000000207e+01 2.795448926900453444e+02
2.983999999999999986e+01 2.794705324445185397e+02
2.984400000000000119e+01 2.794198548898646095e+02
2.984799999999999898e+01 2.794615123372706194e+02
2.985200000000000031e+01 2.795457698267443334e+02
2.985600000000000165e+01 2.829733843977553533e+02
2.985999999999999943e+01 2.825783325018015830e+02
2.986400000000000077e+01 2.817051494637472615e+02
2.986800000000000210e+01 2.804905900590807732e+02
2.987199999999999989e+01 2.792900648415982232e+02
2.987600000000000122e+01 2.776043128388680543e+02
2.987999999999999901e+01 2.771529409118832064e+02
2.988400000000000034e+01 2.766553687548870357e+02
2.988800000000000168e+01 2.762457720996409307e+02
2.989199999999999946e+01 2.761073023255322596e+02
2.989600000000000080e+01 2.855750765797176882e+02
2.990000000000000213e+01 2.851724446516934677e+02
2.990399999999999991e+01 2.847523616308370151e+02
2.990800000000000125e+01 2.863162832735544043e+02
2.991199999999999903e+01 2.843692361756710625e+02
2.991600000000000037e+01 2.761394290935820663e+02
2.992000000000000171e+01 2.755334061841309676e+02
2.992399999999999949e+01 2.751378175328837870e+02
2.992800000000000082e+01 2.826673815141384694e+02
2.993200000000000216e+01 2.817489277491419557e+02
2.993599999999999994e+01 2.815272478129613773e+02
2.994000000000000128e+01 2.797749512454402065e+02
2.994399999999999906e+01 2.799695184935070529e+02
2.994800000000000040e+01 2.821553169642201055e+02
2.995200000000000173e+01 2.840156584448280341e+02
2.995599999999999952e+01 2.808226975781872170e+02
2.996000000000000085e+01 2.796368742191071988e+02
2.996400000000000219e+01 2.788170786953589868e+02
2.996799999999999997e+01 2.783578125380831807e+02
2.997200000000000131e+01 2.775439082309700325e+02
2.997599999999999909e+01 2.792079020069280659e+02
2.998000000000000043e+01 2.793318008385593885e+02
2.998400000000000176e+01 2.821450007893124621e+02
2.998799999999999955e+01 2.790998701854338151e+02
2.999200000000000088e+01 2.791248358523739057e+02
2.999600000000000222e+01 2.790859930973601877e+02
3.000000000000000000e+01 2.789677236505134488e+02
3.000400000000000134e+01 2.787754867059155686e+02
3.000799999999999912e+01 2.783978728112015233e+02
3.001200000000000045e+01 2.819400257251903668e+02
3.001600000000000179e+01 2.813093644386122492e+02
3.001999999999999957e+01 2.808282353218241951e+02
3.002400000000000091e+01 2.805188678989289883e+02
3.002800000000000225e+01 2.802057300973874590e+02
3.003200000000000003e+01 2.798828521510092742e+02
3.003600000000000136e+01 2.798837423793007702e+02
3.003999999999999915e+01 2.804440887224415064e+02
3.004400000000000048e+01 2.813691013752916206e+02
3.004800000000000182e+01 2.734629053687621081e+02
3.005199999999999960e+01 2.828103155212972410e+02
3.005600000000000094e+01 2.822147004279013345e+02
3.006000000000000227e+01 2.805459413122651995e+02
3.006400000000000006e+01 2.785359760207195450e+02
3.006800000000000139e+01 2.750335953648135501e+02
3.007199999999999918e+01 2.737880350690541036e+02
3.007600000000000051e+01 2.749338636129784277e+02
3.008000000000000185e+01 2.761826444404982794e+02
3.008399999999999963e+01 2.764935697629035758e+02
3.008800000000000097e+01 2.749241627429194068e+02
3.009200000000000230e+01 2.737395699935364632e+02
3.009600000000000009e+01 2.700455546062885901e+02
3.010000000000000142e+01 2.693033267682351379e+02
3.010399999999999920e+01 2.685767695664309826e+02
3.010800000000000054e+01 2.677740062045543254e+02
3.011200000000000188e+01 2.653233255423369883e+02
3.011599999999999966e+01 2.645492196764917026e+02
3.012000000000000099e+01 2.652136441801849287e+02
3.012400000000000233e+01 2.654995645608726136e+02
3.012800000000000011e+01 2.657076423324224947e+02
3.013200000000000145e+01 2.654494761278821784e+02
3.013599999999999923e+01 2.648636797288780826e+02
3.014000000000000057e+01 2.642589790702717210e+02
3.014400000000000190e+01 2.629114352687633982e+02
3.014799999999999969e+01 2.624139809360999607e+02
3.015200000000000102e+01 2.636447477323090993e+02
3.015600000000000236e+01 2.634441321684969353e+02
3.016000000000000014e+01 2.632332266129621985e+02
3.016400000000000148e+01 2.629241602966950495e+02
3.016799999999999926e+01 2.625164095559946418e+02
3.017200000000000060e+01 2.665680479761749666e+02
3.017600000000000193e+01 2.659235488763007424e+02
3.017999999999999972e+01 2.617638524514410960e+02
3.018400000000000105e+01 2.613772315410716942e+02
3.018800000000000239e+01 2.608292960276421582e+02
3.019200000000000017e+01 2.601089180575085038e+02
3.019600000000000151e+01 2.593316963926429253e+02
3.019999999999999929e+01 2.587761939387354460e+02
3.020400000000000063e+01 2.584460501585073757e+02
3.020800000000000196e+01 2.580226418731501781e+02
3.021199999999999974e+01 2.574396470749458672e+02
3.021600000000000108e+01 2.568937800331348740e+02
3.021999999999999886e+01 2.545221071317898236e+02
3.022400000000000020e+01 2.538182507514193560e+02
3.022800000000000153e+01 2.528434507722067508e+02
3.023199999999999932e+01 2.535163324446694162e+02
3.023600000000000065e+01 2.522623149801405873e+02
3.024000000000000199e+01 2.510245834567095642e+02
3.024399999999999977e+01 2.528966550042175072e+02
3.024800000000000111e+01 2.520418263788795343e+02
3.025199999999999889e+01 2.506895172376930816e+02
3.025600000000000023e+01 2.518186932759289789e+02
3.026000000000000156e+01 2.517229151850356175e+02
3.026399999999999935e+01 2.490453179496287817e+02
3.026800000000000068e+01 2.505520555162086396e+02
3.027200000000000202e+01 2.504621686419503419e+02
3.027599999999999980e+01 2.502233518111580111e+02
3.028000000000000114e+01 2.461051295514091066e+02
3.028399999999999892e+01 2.453653236579723114e+02
3.028800000000000026e+01 2.447863610702648600e+02
3.029200000000000159e+01 2.444510330193979257e+02
3.029599999999999937e+01 2.457066214750294364e+02
3.030000000000000071e+01 2.455428980189451806e+02
3.030400000000000205e+01 2.451720393859726528e+02
3.030799999999999983e+01 2.444894437518584596e+02
3.031200000000000117e+01 2.435094856851920611e+02
3.031599999999999895e+01 2.424127767964115492e+02
3.032000000000000028e+01 2.413529076489888894e+02
3.032400000000000162e+01 2.403811449192414784e+02
3.032799999999999940e+01 2.384438248746022566e+02
3.033200000000000074e+01 2.379652224351709719e+02
3.033600000000000207e+01 2.374884266355077500e+02
3.033999999999999986e+01 2.367766105668837042e+02
3.034400000000000119e+01 2.360523313021784020e+02
3.034799999999999898e+01 2.357557805483626225e+02
3.035200000000000031e+01 2.357815448024465468e+02
3.035600000000000165e+01 2.354642045997053117e+02
3.035999999999999943e+01 2.344939081283204132e+02
3.036400000000000077e+01 2.329658574491142247e+02
3.036800000000000210e+01 2.316621966657407370e+02
3.037199999999999989e+01 2.304415889453289026e+02
3.037600000000000122e+01 2.295840372687462718e+02
3.037999999999999901e+01 2.343994653798643242e+02
3.038400000000000034e+01 2.347546402849951050e+02
3.038800000000000168e+01 2.288863601200463336e+02
3.039199999999999946e+01 2.295080274825616584e+02
3.039600000000000080e+01 2.303772306764891482e+02
3.040000000000000213e+01 2.308977000288068382e+02
3.040399999999999991e+01 2.307575152560777383e+02
3.040800000000000125e+01 2.302082444002109298e+02
3.041199999999999903e+01 2.296351468459534431e+02
3.041600000000000037e+01 2.279307262322864744e+02
3.042000000000000171e+01 2.277095306850292218e+02
3.042399999999999949e+01 2.278267266212890831e+02
3.042800000000000082e+01 2.279793745900994395e+02
3.043200000000000216e+01 2.277530209553883651e+02
3.043599999999999994e+01 2.269681276173046740e+02
3.044000000000000128e+01 2.258642969021920521e+02
3.044399999999999906e+01 2.219879287227006444e+02
3.044800000000000040e+01 2.245515505536080809e+02
3.045200000000000173e+01 2.234425093846714958e+02
3.045599999999999952e+01 2.242420391231951839e+02
3.046000000000000085e+01 2.236229115296292207e+02
3.046400000000000219e+01 2.226499443733697490e+02
3.046799999999999997e+01 2.223583946078974805e+02
3.047200000000000131e+01 2.216081678068129008e+02
3.047599999999999909e+01 2.213709481503083225e+02
3.048000000000000043e+01 2.213884908842882737e+02
3.048400000000000176e+01 2.195302440584839019e+02
3.048799999999999955e+01 2.192231414810951264e+02
3.049200000000000088e+01 2.187216287547497586e+02
3.049600000000000222e+01 2.179907513274131929e+02
3.050000000000000000e+01 2.171059167720140408e+02
3.050400000000000134e+01 2.161723291260617543e+02
3.050799999999999912e+01 2.153364309435110613e+02
3.051200000000000045e+01 2.148077662542743838e+02
3.051600000000000179e+01 2.146678171302107216e+02
3.051999999999999957e+01 2.159462896895712447e+02
3.052400000000000091e+01 2.140318013822909506e+02
3.052800000000000225e+01 2.143055727651178586e+02
3.053200000000000003e+01 2.135280630852167860e+02
3.053600000000000136e+01 2.128628007196021485e+02
3.053999999999999915e+01 2.129978797712474829e+02
3.054400000000000048e+01 2.129111610623796196e+02
3.054800000000000182e+01 2.122970606403422380e+02
3.055199999999999960e+01 2.119303913169768521e+02
3.055600000000000094e+01 2.118011511155963831e+02
3.056000000000000227e+01 2.097689693915403950e+02
3.056400000000000006e+01 2.093267353961361437e+02
3.056800000000000139e+01 2.093570817076029016e+02
3.057199999999999918e+01 2.092460911861986119e+02
3.057600000000000051e+01 2.092415876783708768e+02
3.058000000000000185e+01 2.076188586020432467e+02
3.058399999999999963e+01 2.061870049446911253e+02
3.058800000000000097e+01 2.046947990458110667e+02
3.059200000000000230e+01 2.039973313625914670e+02
3.059600000000000009e+01 2.035035164926492257e+02
3.060000000000000142e+01 2.029171964299442266e+02
3.060399999999999920e+01 2.023091705068372335e+02
3.060800000000000054e+01 2.021459968976388950e+02
3.061200000000000188e+01 2.025326963575634522e+02
3.061599999999999966e+01 2.030772280569372015e+02
3.062000000000000099e+01 2.033274345732239112e+02
3.062400000000000233e+01 2.030148073437907215e+02
3.062800000000000011e+01 2.022504678059671051e+02
3.063200000000000145e+01 2.063812841777224776e+02
3.063599999999999923e+01 2.008078790427466629e+02
3.064000000000000057e+01 2.004180637838018129e+02
3.064400000000000190e+01 2.007064192006986332e+02
3.064799999999999969e+01 2.055841109258528263e+02
3.065200000000000102e+01 2.023812266320800859e+02
3.065600000000000236e+01 2.028469731276544508e+02
3.066000000000000014e+01 2.028832106557562724e+02
3.066400000000000148e+01 2.037761096321491436e+02
3.066799999999999926e+01 2.034814702508416531e+02
3.067200000000000060e+01 2.007653051838640295e+02
3.067600000000000193e+01 2.011946570522263187e+02
3.067999999999999972e+01 2.008936551569529456e+02
3.068400000000000105e+01 2.027806249367512805e+02
3.068800000000000239e+01 2.036210528103147226e+02
3.069200000000000017e+01 2.031981943718434991e+02
3.069600000000000151e+01 2.024382274259223209e+02
3.069999999999999929e+01 2.016717932332951477e+02
3.070400000000000063e+01 2.010364582481865341e+02
3.070800000000000196e+01 2.010561741865251406e+02
3.071199999999999974e+01 2.010114794896539365e+02
3.071600000000000108e+01 2.007648077033481968e+02
